Stock,Signals today,Rank,Exp/DAY%,RS%,Trades,Win%,Target #,Target %,Trail #,Trail %,Stop #,Stop %,Time #,Time %,Time-win,Time-loss,MomExit #,MomExit %,Decay #,Decay %,Staircase #,Expectancy%,Avg win%,Avg loss%,R:R,Avg days,Total return (sum)%,CAGR%,Max DD%,Profit factor,Recovery factor,Max consec. losses,Seq. trades,BT from,BT to,Years,Remark,Source Workbook,Source Sheet,Source Modified,Loss %,Trade Density,Sequential Trade Density,Expected Return / Trade %,CAGR / Max DD,Expectancy / Day,Expectancy × Profit Factor,Max DD Magnitude %,Backtest Duration Valid,Alpha - Exp/DAY Score,Alpha - RS Score,Alpha Score,Profitability - Expectancy Score,Profitability - CAGR Score,Profitability - Profit Factor Score,Profitability Score,Risk - Drawdown Score,Risk - Recovery Score,Risk - Consecutive Loss Score,Risk Score,Robustness - Trades Score,Robustness - Sequential Trades Score,Robustness - History Score,Robustness - Win Rate Score,Robustness Score,Efficiency - R:R Score,Efficiency - Holding Period Score,Efficiency - Trade Density Score,Efficiency Score,Alpha Contribution,Profitability Contribution,Risk Contribution,Robustness Contribution,Efficiency Contribution,Institutional Score,Gate - Minimum Trades,Gate - Minimum History,Gate - Positive Expectancy,Gate - Positive CAGR,Gate - Profit Factor,Gate - Recovery Factor,Gate - Risk Reward,Gate - Valid Backtest,Institutional Eligible,Governance Flags,Institutional Rank,Institutional Rating,Institutional Decision
TRAVELFOOD,False,9.21,1.379,18.3,6,83.3,3,50.0,0,0.0,0,0.0,3,50.0,2,1,0,0,0,0,0,2.99,3.97,-1.93,2.06,2.2,17.93,,-1.93,10.29,8.63,1,5,2025-07-14,2026-08-10,1.1,limited history: 1.1y (<10y) - lower confidence,swing_scanner_nifty500_history.xlsx,Latest_Scan,2026-08-11 13:06:49.120250940,16.700000000000003,5.454545454545454,4.545454545454545,2.9847,,1.3590909090909091,30.7671,1.93,True,100.0,85.68281938325991,92.84140969162996,72.4669603524229,50.0,99.77973568281938,72.9251101321586,99.55947136563876,94.26048565121413,99.22907488986785,97.6222272466474,1.4317180616740088,1.5418502202643172,0.881057268722467,100.0,16.106828193832598,97.3568281938326,100.0,3.303964757709251,69.66960352422907,23.21035242290749,18.23127753303965,19.52444544932948,3.2213656387665197,6.966960352422908,71.15,False,False,True,False,True,True,True,True,False,LOW_TRADE_COUNT|LIMITED_HISTORY,,B+,NO_SIGNAL
POWERINDIA,True,8.39,0.322,9.4,98,62.2,55,56.1,2,2.0,28,28.6,13,13.3,4,9,0,0,0,0,0,5.28,12.14,-6.02,2.02,16.4,517.49,29.9,-19.36,3.32,18.03,3,47,2020-03-30,2026-08-10,6.4,limited history: 6.4y (<10y) - lower confidence,swing_scanner_nifty500_history.xlsx,Latest_Scan,2026-08-11 13:06:49.120250940,37.8,15.3125,7.34375,5.27552,1.5444214876033058,0.3219512195121952,17.5296,19.36,True,92.51101321585902,68.72246696035242,80.61674008810573,96.69603524229075,100.0,96.69603524229075,97.75330396475772,92.51101321585902,99.33774834437085,88.54625550660793,93.9091810835254,40.41850220264317,27.6431718061674,20.594713656387665,80.1762114537445,38.23237885462555,96.69603524229075,50.991189427312776,98.45814977973568,88.08370044052863,20.154185022026432,24.43832599118943,18.78183621670508,7.646475770925111,8.808370044052863,79.83,True,True,True,True,True,True,True,True,True,NONE,2,B+,BUY
ANANDRATHI,True,8.31,0.245,16.16,57,66.7,19,33.3,5,8.8,14,24.6,19,33.3,14,5,0,0,0,0,0,5.37,9.81,-3.5,2.8,22.0,306.34,28.58,-23.39,5.6,6.86,5,25,2021-12-14,2026-08-10,4.7,limited history: 4.7y (<10y) - lower confidence,swing_scanner_nifty500_history.xlsx,Latest_Scan,2026-08-11 13:06:49.120250940,33.3,12.127659574468085,5.319148936170213,5.377770000000001,1.221889696451475,0.2440909090909091,30.072,23.39,True,83.25991189427313,81.4977973568282,82.37885462555067,97.68722466960352,99.77678571428571,99.55947136563876,98.8801132787917,88.76651982378854,90.94922737306842,46.91629955947136,79.06791239995721,18.06167400881057,12.77533039647577,14.096916299559473,93.17180616740089,27.015418502202643,99.77973568281938,2.4229074889867843,75.99118942731278,73.17180616740087,20.59471365638767,24.720028319697924,15.813582479991442,5.403083700440529,7.317180616740088,73.85,True,False,True,True,True,True,True,True,False,LIMITED_HISTORY,16,B+,REJECT
RKFORGE,True,8.12,0.303,22.36,125,68.8,74,59.2,6,4.8,33,26.4,12,9.6,6,6,0,0,0,0,0,4.37,9.57,-7.08,1.35,14.4,546.4,17.41,-40.01,2.98,10.92,5,71,2015-10-16,2026-08-10,10.8,,swing_scanner_nifty500_history.xlsx,Latest_Scan,2026-08-11 13:06:49.120250940,31.200000000000003,11.574074074074073,6.5740740740740735,4.3751999999999995,0.43514121469632594,0.3034722222222222,13.0226,40.01,True,90.7488986784141,90.52863436123349,90.63876651982379,90.7488986784141,95.3125,93.6123348017621,93.01101321585904,51.3215859030837,97.13024282560706,46.91629955947136,66.2532942400638,75.99118942731278,80.1762114537445,66.62995594713657,96.36563876651982,77.7533039647577,44.49339207048458,72.13656387665198,67.84140969162996,57.02643171806167,22.659691629955947,23.25275330396476,13.25065884801276,15.550660792951541,5.702643171806168,80.42,True,True,True,True,True,True,True,True,True,NONE,1,A,STRONG_BUY
ADANIENSOL,False,6.57,0.412,19.65,145,63.4,79,54.5,4,2.8,50,34.5,12,8.3,9,3,0,0,0,0,0,5.37,13.19,-8.21,1.61,13.0,778.74,21.32,-52.87,2.79,12.32,7,83,2015-10-16,2026-08-10,10.8,,swing_scanner_nifty500_history.xlsx,Latest_Scan,2026-08-11 13:06:49.120250940,36.6,13.425925925925926,7.685185185185185,5.3576,0.403253262719879,0.41307692307692306,14.9823,52.87,True,97.13656387665198,87.66519823788546,92.40088105726872,97.68722466960352,97.76785714285714,90.30837004405286,95.6469477658905,23.568281938325992,97.7924944812362,14.427312775330398,47.26151403759567,93.28193832599119,94.60352422907489,66.62995594713657,86.34361233480176,85.90859030837005,83.48017621145375,83.59030837004406,90.63876651982379,85.64977973568283,23.10022026431718,23.911736941472626,9.452302807519134,17.18171806167401,8.564977973568283,82.21,True,True,True,True,True,True,True,True,True,NONE,,A,NO_SIGNAL
NEWGEN,False,6.54,0.248,16.69,93,63.4,51,54.8,3,3.2,29,31.2,10,10.8,5,5,0,0,0,0,0,3.7,10.73,-8.5,1.26,14.9,344.36,20.36,-39.79,2.19,7.96,3,57,2018-01-29,2026-08-10,8.5,limited history: 8.5y (<10y) - lower confidence,swing_scanner_nifty500_history.xlsx,Latest_Scan,2026-08-11 13:06:49.120250940,36.6,10.941176470588236,6.705882352941177,3.6918200000000008,0.5116863533551144,0.2483221476510067,8.103,39.79,True,83.81057268722468,83.48017621145375,83.64537444933922,84.36123348017621,97.32142857142857,73.45814977973568,85.45563247325363,51.76211453744494,93.15673289183223,88.54625550660793,75.44626620377124,34.2511013215859,47.3568281938326,26.21145374449339,86.34361233480176,43.331497797356825,30.837004405286343,68.17180616740089,57.70925110132159,46.36563876651982,20.911343612334804,21.363908118313407,15.08925324075425,8.666299559471366,4.636563876651983,70.67,True,True,True,True,True,True,True,True,True,NONE,,B+,NO_SIGNAL
HEG,False,6.41,0.524,9.61,162,66.0,92,56.8,5,3.1,48,29.6,17,10.5,10,7,0,0,0,0,0,7.9,15.98,-7.83,2.04,15.1,1279.35,28.0,-44.19,3.97,27.37,5,86,2015-10-16,2026-08-10,10.8,,swing_scanner_nifty500_history.xlsx,Latest_Scan,2026-08-11 13:06:49.120250940,34.0,14.999999999999998,7.962962962962963,7.884600000000001,0.6336275175379046,0.5231788079470199,31.363000000000003,44.19,True,99.11894273127754,69.38325991189427,84.2511013215859,99.55947136563876,99.55357142857143,98.45814977973568,99.24921334172436,40.7488986784141,100.0,46.91629955947136,63.02863436123348,98.6784140969163,97.57709251101322,66.62995594713657,91.96035242290749,89.38325991189427,97.02643171806167,66.07929515418502,97.57709251101322,91.0022026431718,21.062775330396477,24.81230333543109,12.605726872246697,17.876651982378856,9.10022026431718,85.46,True,True,True,True,True,True,True,True,True,NONE,,A,NO_SIGNAL
MINDACORP,True,6.32,0.183,40.32,118,63.6,50,42.4,13,11.0,35,29.7,20,16.9,13,7,0,0,0,0,0,3.18,9.06,-7.07,1.28,17.4,375.06,11.11,-38.54,2.23,4.94,3,63,2015-10-16,2026-08-10,10.8,,swing_scanner_nifty500_history.xlsx,Latest_Scan,2026-08-11 13:06:49.120250940,36.4,10.925925925925926,5.833333333333333,3.1886800000000006,0.2882719252724442,0.1827586206896552,7.0914,38.54,True,70.26431718061674,98.01762114537445,84.14096916299559,75.1101321585903,85.26785714285714,75.77092511013215,78.54562617998741,55.2863436123348,87.85871964679912,88.54625550660793,75.0016531979656,68.06167400881057,63.21585903083701,66.62995594713657,87.11453744493393,69.35022026431719,33.81057268722467,39.75770925110132,56.82819383259912,41.90528634361233,21.035242290748897,19.636406544996852,15.00033063959312,13.870044052863438,4.190528634361233,73.73,True,True,True,True,True,True,True,True,True,NONE,5,B+,BUY
ADANIENT,False,6.11,0.269,16.39,150,63.3,72,48.0,7,4.7,45,30.0,26,17.3,16,10,0,0,0,0,0,4.23,10.69,-6.94,1.54,15.7,633.96,21.34,-45.18,2.66,14.29,6,77,2015-10-16,2026-08-10,10.8,,swing_scanner_nifty500_history.xlsx,Latest_Scan,2026-08-11 13:06:49.120250940,36.7,13.888888888888888,7.129629629629629,4.21979,0.4723328906595839,0.26942675159235674,11.251800000000001,45.18,True,87.33480176211454,82.59911894273128,84.96696035242292,89.42731277533039,97.99107142857143,86.89427312775331,91.45846444304594,38.1057268722467,98.23399558498896,26.3215859030837,56.20458567941574,95.92511013215858,88.43612334801763,66.62995594713657,85.46255506607929,85.15969162995594,78.52422907488987,59.25110132158591,93.5022026431718,79.16299559471366,21.24174008810573,22.864616110761485,11.24091713588315,17.031938325991188,7.9162995594713665,80.3,True,True,True,True,True,True,True,True,True,NONE,,A,NO_SIGNAL
CARBORUNIV,True,5.97,0.193,4.59,113,64.6,48,42.5,5,4.4,27,23.9,33,29.2,20,13,0,0,0,0,0,3.47,8.36,-5.46,1.53,18.0,392.15,11.96,-25.81,2.8,8.67,5,57,2015-10-16,2026-08-10,10.8,,swing_scanner_nifty500_history.xlsx,Latest_Scan,2026-08-11 13:06:49.120250940,35.400000000000006,10.462962962962962,5.277777777777778,3.467719999999998,0.463386284385897,0.1927777777777778,9.716,25.81,True,72.68722466960352,59.03083700440529,65.85903083700441,80.83700440528634,87.27678571428571,90.63876651982379,85.64222781623663,85.90308370044053,94.48123620309052,46.91629955947136,79.15874104112574,60.792951541850215,47.3568281938326,66.62995594713657,89.53744493392071,63.204845814977965,77.5330396475771,32.268722466960355,48.12775330396476,59.65859030837005,16.464757709251103,21.410556954059157,15.831748208225148,12.640969162995594,5.965859030837006,72.31,True,True,True,True,True,True,True,True,True,NONE,6,B+,BUY
MEDANTA,True,5.92,0.333,19.27,42,78.6,25,59.5,0,0.0,8,19.0,9,21.4,8,1,0,0,0,0,0,4.41,7.69,-7.6,1.01,13.2,185.38,15.38,-27.91,3.71,2.32,3,23,2022-11-18,2026-08-10,3.7,limited history: 3.7y (<10y) - lower confidence,swing_scanner_nifty500_history.xlsx,Latest_Scan,2026-08-11 13:06:49.120250940,21.400000000000006,11.35135135135135,6.216216216216216,4.41794,0.551056968828377,0.3340909090909091,16.3611,27.91,True,93.28193832599119,87.00440528634361,90.1431718061674,91.29955947136564,91.96428571428571,98.01762114537445,93.39332913782252,81.05726872246696,72.95805739514348,88.54625550660793,80.094791453939,13.325991189427313,11.563876651982378,10.682819383259911,99.55947136563876,25.159691629955944,8.149779735682818,80.72687224669603,64.97797356828194,39.713656387665196,22.53579295154185,23.34833228445563,16.0189582907878,5.031938325991189,3.9713656387665197,70.91,False,False,True,True,True,True,True,True,False,LOW_TRADE_COUNT|LIMITED_HISTORY,17,B+,REJECT
KPRMILL,True,5.91,0.14,14.79,122,59.0,49,40.2,9,7.4,41,33.6,23,18.9,14,9,0,0,0,0,0,2.35,8.68,-6.77,1.28,16.7,286.49,6.92,-37.07,1.85,2.72,5,61,2015-10-16,2026-08-10,10.8,,swing_scanner_nifty500_history.xlsx,Latest_Scan,2026-08-11 13:06:49.120250940,41.0,11.296296296296296,5.648148148148148,2.3455,0.18667386026436472,0.1407185628742515,4.3475,37.07,True,56.497797356828194,79.07488986784142,67.7863436123348,57.15859030837004,72.99107142857143,55.06607929515418,61.63908118313404,57.9295154185022,75.38631346578366,46.91629955947136,61.286090770292994,73.34801762114537,58.03964757709251,66.62995594713657,66.18942731277532,66.76762114537445,33.81057268722467,47.02643171806167,63.54625550660793,45.37444933920705,16.9465859030837,15.40977029578351,12.257218154058599,13.35352422907489,4.537444933920705,62.5,True,True,True,True,True,True,True,True,True,NONE,8,B,WATCH
HSCL,False,5.67,0.286,20.8,146,62.3,81,55.5,4,2.7,50,34.2,11,7.5,6,5,0,0,0,0,0,3.68,10.86,-8.21,1.32,12.8,536.96,14.66,-43.03,2.19,7.47,3,85,2015-10-16,2026-08-10,10.8,,swing_scanner_nifty500_history.xlsx,Latest_Scan,2026-08-11 13:06:49.120250940,37.7,13.518518518518517,7.87037037037037,3.670609999999999,0.34069254008831046,0.2875,8.0592,43.03,True,89.64757709251101,88.76651982378854,89.20704845814979,83.25991189427313,91.07142857142857,73.45814977973568,83.01510383889239,43.61233480176212,92.05298013245033,88.54625550660793,71.80004084371444,94.05286343612335,96.58590308370044,66.62995594713657,81.16740088105728,85.89757709251101,39.97797356828194,85.68281938325991,91.40969162995594,64.54845814977973,22.301762114537446,20.753775959723097,14.360008168742889,17.179515418502202,6.454845814977974,81.05,True,True,True,True,True,True,True,True,True,NONE,,A,NO_SIGNAL
IFCI,True,5.59,0.421,12.87,133,57.9,74,55.6,0,0.0,53,39.8,6,4.5,3,3,0,0,0,0,0,4.46,14.37,-9.16,1.57,10.6,592.98,1.77,-64.94,2.16,0.31,4,91,2015-10-16,2026-08-10,10.8,,swing_scanner_nifty500_history.xlsx,Latest_Scan,2026-08-11 13:06:49.120250940,42.1,12.314814814814815,8.425925925925926,4.463869999999998,0.027255928549430243,0.4207547169811321,9.633600000000001,64.94,True,98.01762114537445,75.99118942731278,87.00440528634361,92.18061674008811,45.200892857142854,72.3568281938326,71.59644430459409,7.488986784140969,42.93598233995585,70.59471365638767,35.67186694673785,84.80176211453745,99.33920704845815,66.62995594713657,59.58149779735683,80.1101321585903,80.72687224669603,94.8237885462555,79.29515418502203,83.11674008810571,21.751101321585903,17.89911107614852,7.13437338934757,16.02202643171806,8.311674008810572,71.12,True,True,True,True,True,True,True,True,True,NONE,7,B+,BUY
KIRLOSENG,False,5.32,0.288,29.36,122,65.6,69,56.6,5,4.1,38,31.1,10,8.2,7,3,0,0,0,0,0,4.44,10.69,-7.47,1.43,15.4,541.7,16.78,-36.48,2.73,9.88,4,61,2015-10-16,2026-08-10,10.8,,swing_scanner_nifty500_history.xlsx,Latest_Scan,2026-08-11 13:06:49.120250940,34.400000000000006,11.296296296296296,5.648148148148148,4.442959999999998,0.4599780701754387,0.28831168831168835,12.121200000000002,36.48,True,89.86784140969164,93.83259911894272,91.85022026431719,91.85022026431719,94.19642857142857,89.64757709251101,91.9842668344871,59.471365638766514,95.80573951434879,70.59471365638767,74.9692334996256,73.34801762114537,58.03964757709251,66.62995594713657,90.96916299559471,70.48458149779735,61.67400881057269,62.55506607929515,63.54625550660793,62.41189427312775,22.962555066079297,22.996066708621775,14.993846699925122,14.09691629955947,6.241189427312776,81.29,True,True,True,True,True,True,True,True,True,NONE,,A,NO_SIGNAL
FLUOROCHEM,False,5.28,0.3,17.56,88,67.0,51,58.0,1,1.1,24,27.3,12,13.6,7,5,0,0,0,0,0,4.35,9.87,-6.86,1.44,14.5,383.19,19.87,-31.09,2.93,7.11,3,45,2019-10-16,2026-08-10,6.8,limited history: 6.8y (<10y) - lower confidence,swing_scanner_nifty500_history.xlsx,Latest_Scan,2026-08-11 13:06:49.120250940,33.0,12.941176470588236,6.61764705882353,4.3491,0.6391122547442908,0.3,12.7455,31.09,True,90.52863436123349,84.36123348017621,87.44493392070484,90.52863436123349,97.09821428571429,92.95154185022027,93.30931403398364,74.44933920704845,91.61147902869757,88.54625550660793,83.98031721951551,28.744493392070485,26.10132158590308,21.255506607929515,94.05286343612335,36.00770925110132,63.21585903083701,71.36563876651982,87.77533039647577,72.2136563876652,21.86123348017621,23.32732850849591,16.796063443903105,7.201541850220264,7.22136563876652,76.41,True,True,True,True,True,True,True,True,True,NONE,,B+,NO_SIGNAL
DEEPAKFERT,False,5.21,0.329,16.49,162,61.7,86,53.1,5,3.1,55,34.0,16,9.9,9,7,0,0,0,0,0,4.69,12.36,-7.68,1.61,14.2,759.75,16.43,-39.55,2.6,9.85,6,91,2015-10-16,2026-08-10,10.8,,swing_scanner_nifty500_history.xlsx,Latest_Scan,2026-08-11 13:06:49.120250940,38.3,14.999999999999998,8.425925925925926,4.684679999999999,0.4154235145385588,0.33028169014084513,12.194,39.55,True,92.95154185022027,83.03964757709251,87.99559471365639,93.72246696035242,93.97321428571429,85.79295154185021,91.5824417872876,52.6431718061674,95.58498896247241,26.3215859030837,61.09241133510322,98.6784140969163,99.33920704845815,66.62995594713657,77.75330396475772,87.69273127753304,83.48017621145375,73.45814977973568,97.57709251101322,85.70484581497797,21.998898678414097,22.8956104468219,12.218482267020645,17.53854625550661,8.570484581497798,83.22,True,True,True,True,True,True,True,True,True,NONE,,A,NO_SIGNAL
ABDL,True,5.03,0.202,8.03,30,73.3,13,43.3,1,3.3,6,20.0,10,33.3,8,2,0,0,0,0,0,3.56,7.24,-6.55,1.11,17.7,106.95,25.87,-10.2,3.04,3.71,1,13,2024-07-02,2026-08-10,2.1,limited history: 2.1y (<10y) - lower confidence,swing_scanner_nifty500_history.xlsx,Latest_Scan,2026-08-11 13:06:49.120250940,26.700000000000003,14.285714285714285,6.19047619047619,3.55807,2.536274509803922,0.20112994350282487,10.8224,10.2,True,75.0,66.07929515418502,70.53964757709251,81.71806167400881,99.10714285714286,94.27312775330397,90.79798615481437,98.01762114537445,82.78145695364239,99.22907488986785,92.98782711439158,9.691629955947137,6.828193832599119,4.73568281938326,98.89867841409692,21.11784140969163,12.77533039647577,35.13215859030837,95.81497797356829,42.158590308370044,17.634911894273127,22.699496538703592,18.597565422878315,4.223568281938326,4.215859030837005,67.37,False,False,True,True,True,True,True,True,False,LOW_TRADE_COUNT|LIMITED_HISTORY,19,B,REJECT
CHENNPETRO,False,4.93,0.333,21.81,159,66.0,91,57.2,5,3.1,47,29.6,16,10.1,9,7,0,0,0,0,0,4.26,10.56,-7.97,1.32,12.8,678.01,14.4,-50.96,2.57,6.07,3,86,2015-10-16,2026-08-10,10.8,,swing_scanner_nifty500_history.xlsx,Latest_Scan,2026-08-11 13:06:49.120250940,34.0,14.722222222222221,7.962962962962963,4.259800000000001,0.282574568288854,0.33281249999999996,10.948199999999998,50.96,True,93.28193832599119,89.64757709251101,91.4647577092511,89.97797356828194,90.40178571428571,85.24229074889867,88.78760226557583,26.431718061674008,90.06622516556291,88.54625550660793,64.2324299092686,98.01762114537445,97.57709251101322,66.62995594713657,91.96035242290749,89.15198237885463,39.97797356828194,85.68281938325991,96.69603524229075,66.13436123348018,22.866189427312776,22.196900566393957,12.846485981853721,17.830396475770925,6.613436123348018,82.35,True,True,True,True,True,True,True,True,True,NONE,,A,NO_SIGNAL
CEMPRO,False,4.71,0.244,38.93,138,60.1,70,50.7,2,1.4,49,35.5,17,12.3,11,6,0,0,0,0,0,3.13,10.11,-7.4,1.37,12.8,432.41,13.83,-44.57,2.06,6.35,4,79,2015-10-16,2026-08-10,10.8,,swing_scanner_nifty500_history.xlsx,Latest_Scan,2026-08-11 13:06:49.120250940,39.9,12.777777777777777,7.314814814814814,3.1235099999999987,0.3102984070002244,0.24453124999999998,6.4478,44.57,True,83.03964757709251,97.79735682819384,90.41850220264317,74.22907488986785,89.95535714285714,67.95154185022027,77.5037759597231,39.86784140969163,90.28697571743929,70.59471365638767,65.19625647907732,90.41850220264317,91.51982378854625,66.62995594713657,72.4669603524229,82.05396475770925,49.118942731277535,85.68281938325991,86.56387665198237,67.66519823788546,22.604625550660792,19.375943989930775,13.039251295815465,16.41079295154185,6.766519823788546,78.2,True,True,True,True,True,True,True,True,True,NONE,,B+,NO_SIGNAL
LODHA,False,4.57,0.201,35.12,60,66.7,31,51.7,0,0.0,14,23.3,15,25.0,9,6,0,0,0,0,0,2.59,6.99,-6.23,1.12,12.8,155.1,16.99,-27.21,2.25,3.93,2,40,2021-04-19,2026-08-10,5.3,limited history: 5.3y (<10y) - lower confidence,swing_scanner_nifty500_history.xlsx,Latest_Scan,2026-08-11 13:06:49.120250940,33.3,11.320754716981133,7.547169811320755,2.587740000000001,0.6244027930907754,0.20234375,5.8275,27.21,True,74.55947136563876,96.25550660792952,85.40748898678413,63.10572687224669,94.86607142857143,76.54185022026432,77.03115166771555,82.48898678414098,84.54746136865342,97.02643171806167,86.84381412220051,18.722466960352424,21.696035242290748,17.400881057268723,93.17180616740089,30.30286343612335,14.317180616740089,85.68281938325991,64.53744493392071,43.65638766519824,21.351872246696033,19.257787916928887,17.368762824440104,6.060572687224671,4.365638766519824,68.4,True,True,True,True,True,True,True,True,True,NONE,,B,NO_SIGNAL
DIXON,False,4.43,0.254,22.73,101,64.4,51,50.5,4,4.0,30,29.7,16,15.8,10,6,0,0,0,0,0,4.42,10.31,-6.21,1.66,17.4,446.33,17.2,-32.05,3.0,8.84,5,55,2017-09-18,2026-08-10,8.9,limited history: 8.9y (<10y) - lower confidence,swing_scanner_nifty500_history.xlsx,Latest_Scan,2026-08-11 13:06:49.120250940,35.599999999999994,11.348314606741573,6.179775280898876,4.428880000000001,0.5366614664586584,0.2540229885057471,13.26,32.05,True,85.35242290748899,90.96916299559471,88.16079295154185,91.62995594713657,95.08928571428571,93.83259911894272,93.35368156073002,72.68722466960352,94.70198675496688,46.91629955947136,73.94966012194766,44.16299559471366,42.070484581497794,28.30396475770925,88.98678414096916,46.39867841409691,87.55506607929516,39.75770925110132,64.75770925110133,71.15638766519825,22.040198237885463,23.338420390182506,14.789932024389532,9.279735682819384,7.115638766519826,76.56,True,True,True,True,True,True,True,True,True,NONE,,B+,NO_SIGNAL
CPPLUS,True,4.37,0.211,46.38,4,75.0,2,50.0,0,0.0,1,25.0,1,25.0,1,0,0,0,0,0,0,4.38,9.23,-10.2,0.9,20.8,17.5,,0.0,2.72,,0,2,2025-08-05,2026-08-10,1.0,limited history: 1.0y (<10y) - lower confidence,swing_scanner_nifty500_history.xlsx,Latest_Scan,2026-08-11 13:06:49.120250940,25.0,4.0,2.0,4.3725000000000005,,0.21057692307692308,11.9136,0.0,True,76.65198237885463,99.11894273127754,87.88546255506608,90.96916299559471,50.0,89.09691629955947,77.33480176211455,100.0,50.0,100.0,82.5,0.4405286343612335,0.22026431718061676,0.22026431718061676,99.33920704845815,15.16519823788546,5.39647577092511,6.71806167400881,1.1013215859030838,4.372246696035242,21.97136563876652,19.333700440528638,16.5,3.0330396475770924,0.43722466960352424,61.28,False,False,True,False,True,False,False,True,False,LOW_TRADE_COUNT|LIMITED_HISTORY|LOW_RISK_REWARD,21,B,REJECT
USHAMART,False,4.24,0.395,4.53,179,67.6,106,59.2,0,0.0,54,30.2,19,10.6,15,4,0,0,0,0,0,5.2,11.77,-8.52,1.38,13.1,929.97,18.57,-32.7,2.88,15.53,5,95,2015-10-16,2026-08-10,10.8,,swing_scanner_nifty500_history.xlsx,Latest_Scan,2026-08-11 13:06:49.120250940,32.400000000000006,16.574074074074073,8.796296296296296,5.196039999999999,0.5678899082568807,0.39694656488549623,14.975999999999999,32.7,True,96.36563876651982,58.590308370044056,77.47797356828194,96.47577092511013,96.20535714285714,91.85022026431719,95.09408432976716,70.04405286343612,98.45474613686534,46.91629955947136,74.20585718314516,100.0,99.77973568281938,66.62995594713657,95.15418502202643,90.87555066079295,51.2114537444934,82.04845814977973,99.55947136563876,71.88325991189427,19.369493392070485,23.77352108244179,14.841171436629033,18.17511013215859,7.188325991189427,83.35,True,True,True,True,True,True,True,True,True,NONE,,A,NO_SIGNAL
NEULANDLAB,False,4.13,0.367,30.76,128,59.4,69,53.9,4,3.1,48,37.5,7,5.5,3,4,0,0,0,0,0,4.73,13.37,-7.9,1.69,12.9,605.57,22.26,-33.99,2.47,18.92,3,75,2015-10-16,2026-08-10,10.8,,swing_scanner_nifty500_history.xlsx,Latest_Scan,2026-08-11 13:06:49.120250940,40.6,11.851851851851851,6.944444444444444,4.734379999999998,0.6548984995586937,0.3666666666666667,11.683100000000001,33.99,True,94.49339207048459,94.27312775330397,94.38325991189427,94.27312775330397,98.21428571428571,83.14977973568281,92.4197608558842,67.62114537444934,99.55849889624724,88.54625550660793,84.03049664011826,78.9647577092511,85.79295154185021,66.62995594713657,68.72246696035242,76.05176211453744,89.20704845814979,84.47136563876651,71.47577092511013,82.94052863436124,23.595814977973568,23.10494021397105,16.806099328023652,15.210352422907489,8.294052863436125,87.01,True,True,True,True,True,True,True,True,True,NONE,,A,NO_SIGNAL
ATGL,False,4.13,0.381,4.72,94,62.8,50,53.2,3,3.2,29,30.9,12,12.8,6,6,0,0,0,0,0,5.46,12.67,-6.69,1.89,14.3,513.44,23.0,-39.22,3.19,7.93,3,50,2018-11-05,2026-08-10,7.8,limited history: 7.8y (<10y) - lower confidence,swing_scanner_nifty500_history.xlsx,Latest_Scan,2026-08-11 13:06:49.120250940,37.2,12.051282051282051,6.410256410256411,5.4680800000000005,0.5864354920958694,0.3818181818181818,17.4174,39.22,True,95.15418502202643,59.471365638766514,77.31277533039648,98.01762114537445,98.66071428571429,95.81497797356829,97.60667086217748,53.63436123348018,92.93598233995584,88.54625550660793,76.1179021890286,35.68281938325991,31.167400881057265,23.788546255506606,84.03083700440529,38.832599118942724,95.59471365638767,72.79735682819384,75.55066079295155,85.02202643171807,19.32819383259912,24.40166771554437,15.22358043780572,7.7665198237885456,8.502202643171808,75.22,True,True,True,True,True,True,True,True,True,NONE,,B+,NO_SIGNAL
TITAGARH,False,4.08,0.445,4.32,149,67.1,94,63.1,6,4.0,46,30.9,3,2.0,1,2,0,0,0,0,0,5.35,11.93,-8.07,1.48,12.0,796.89,15.01,-45.57,3.01,7.35,5,83,2015-10-16,2026-08-10,10.8,,swing_scanner_nifty500_history.xlsx,Latest_Scan,2026-08-11 13:06:49.120250940,32.900000000000006,13.796296296296296,7.685185185185185,5.35,0.3293833662497257,0.4458333333333333,16.103499999999997,45.57,True,98.6784140969163,57.9295154185022,78.30396475770925,97.13656387665198,91.51785714285714,94.05286343612335,94.47514159848961,36.56387665198238,91.83222958057395,46.91629955947136,58.495905903861676,95.59471365638767,94.60352422907489,66.62995594713657,94.27312775330397,87.90748898678414,70.26431718061674,91.07929515418502,93.17180616740089,81.29955947136564,19.575991189427313,23.618785399622404,11.699181180772335,17.58149779735683,8.129955947136564,80.61,True,True,True,True,True,True,True,True,True,NONE,,A,NO_SIGNAL
ETERNAL,False,4.02,0.395,26.3,61,80.3,36,59.0,1,1.6,12,19.7,12,19.7,12,0,0,0,0,0,0,6.38,9.75,-7.36,1.32,16.1,389.15,15.93,-14.59,5.4,7.1,2,30,2021-07-23,2026-08-10,5.0,limited history: 5.0y (<10y) - lower confidence,swing_scanner_nifty500_history.xlsx,Latest_Scan,2026-08-11 13:06:49.120250940,19.700000000000003,12.2,6.0,6.379329999999999,1.09184372858122,0.3962732919254658,34.452,14.59,True,96.36563876651982,92.07048458149781,94.21806167400882,98.89867841409692,93.30357142857143,99.33920704845815,97.23159219634992,96.25550660792952,91.3907284768212,97.02643171806167,94.74556553957464,19.162995594713657,16.740088105726873,15.969162995594713,99.77973568281938,29.851321585903083,39.97797356828194,54.845814977973575,77.6431718061674,54.25110132158591,23.554515418502206,24.30789804908748,18.94911310791493,5.970264317180617,5.425110132158591,78.21,True,True,True,True,True,True,True,True,True,NONE,,B+,NO_SIGNAL
SONATSOFTW,False,3.99,0.246,17.23,138,68.1,74,53.6,9,6.5,32,23.2,23,16.7,11,12,0,0,0,0,0,4.04,8.75,-6.03,1.45,16.4,557.29,12.75,-30.17,3.1,8.27,5,71,2015-10-16,2026-08-10,10.8,,swing_scanner_nifty500_history.xlsx,Latest_Scan,2026-08-11 13:06:49.120250940,31.900000000000006,12.777777777777777,6.5740740740740735,4.035179999999999,0.42260523699038777,0.24634146341463417,12.524000000000001,30.17,True,83.48017621145375,83.92070484581498,83.70044052863437,87.99559471365639,89.0625,95.15418502202643,90.34140969162996,76.65198237885463,93.81898454746137,46.91629955947136,75.22651243302117,90.41850220264317,80.1762114537445,66.62995594713657,95.59471365638767,82.68722466960352,65.19823788546255,50.991189427312776,86.56387665198237,68.76651982378854,20.925110132158594,22.58535242290749,15.045302486604236,16.537444933920707,6.8766519823788546,81.97,True,True,True,True,True,True,True,True,True,NONE,,A,NO_SIGNAL
JINDALSAW,True,3.8,0.313,16.28,169,65.7,93,55.0,6,3.6,53,31.4,17,10.1,12,5,0,0,0,0,0,4.22,10.49,-7.78,1.35,13.5,713.36,4.85,-62.4,2.58,1.04,4,89,2015-10-16,2026-08-10,10.8,,swing_scanner_nifty500_history.xlsx,Latest_Scan,2026-08-11 13:06:49.120250940,34.3,15.648148148148147,8.24074074074074,4.22339,0.07772435897435898,0.3125925925925926,10.887599999999999,62.4,True,91.74008810572687,82.37885462555066,87.05947136563876,89.20704845814979,63.61607142857143,85.46255506607929,79.96947765890498,10.352422907488986,58.719646799117,70.59471365638767,42.34152395678346,99.33920704845815,98.89867841409692,66.62995594713657,91.18942731277532,89.82929515418502,44.49339207048458,78.8546255506608,98.6784140969163,67.62114537444934,21.76486784140969,19.992369414726245,8.468304791356692,17.965859030837006,6.762114537444934,74.95,True,True,True,True,True,True,True,True,True,NONE,3,B+,BUY
GRAVITA,False,3.72,0.393,-0.45,162,67.3,96,59.3,2,1.2,52,32.1,12,7.4,11,1,0,0,0,0,0,5.04,11.87,-9.01,1.32,12.8,815.83,18.14,-45.82,2.71,9.61,4,86,2015-10-16,2026-08-10,10.8,,swing_scanner_nifty500_history.xlsx,Latest_Scan,2026-08-11 13:06:49.120250940,32.7,14.999999999999998,7.962962962962963,5.042239999999998,0.3958969882147534,0.39375,13.6584,45.82,True,95.81497797356829,46.47577092511013,71.14537444933922,95.59471365638767,95.87053571428571,88.54625550660793,93.70940843297673,35.90308370044053,95.36423841059603,70.59471365638767,65.38739533798174,98.6784140969163,97.57709251101322,66.62995594713657,94.49339207048459,89.76321585903084,39.97797356828194,85.68281938325991,97.57709251101322,66.39867841409692,17.786343612334804,23.427352108244182,13.07747906759635,17.95264317180617,6.639867841409693,78.88,True,True,True,True,True,True,True,True,True,NONE,,B+,NO_SIGNAL
GABRIEL,False,3.66,0.224,29.74,152,69.7,71,46.7,3,2.0,42,27.6,36,23.7,32,4,0,0,0,0,0,3.7,8.5,-7.35,1.16,16.5,562.65,12.44,-56.07,2.66,4.27,5,77,2015-10-16,2026-08-10,10.8,,swing_scanner_nifty500_history.xlsx,Latest_Scan,2026-08-11 13:06:49.120250940,30.299999999999997,14.074074074074073,7.129629629629629,3.697450000000001,0.22186552523631176,0.22424242424242424,9.842,56.07,True,79.62555066079295,94.05286343612335,86.83920704845815,84.36123348017621,88.83928571428571,86.89427312775331,86.50346129641284,18.06167400881057,86.53421633554083,46.91629955947136,49.240720210831356,96.69603524229075,88.43612334801763,66.62995594713657,97.3568281938326,87.21365638766521,18.722466960352424,49.33920704845815,94.7136563876652,47.6431718061674,21.709801762114537,21.62586532410321,9.848144042166272,17.442731277533042,4.76431718061674,75.39,True,True,True,True,True,True,True,True,True,NONE,,B+,NO_SIGNAL
ANANTRAJ,False,3.63,0.22,17.38,136,64.7,69,50.7,4,2.9,44,32.4,19,14.0,15,4,0,0,0,0,0,3.16,9.54,-8.53,1.12,14.4,430.04,9.73,-63.96,2.05,2.57,5,77,2015-10-16,2026-08-10,10.8,,swing_scanner_nifty500_history.xlsx,Latest_Scan,2026-08-11 13:06:49.120250940,35.3,12.592592592592592,7.129629629629629,3.1612899999999997,0.15212632895559725,0.21944444444444444,6.478,63.96,True,78.52422907488987,84.14096916299559,81.33259911894274,74.77973568281938,80.80357142857143,67.40088105726872,74.64128382630585,7.929515418502203,74.83443708609272,46.91629955947136,41.09293403740117,88.21585903083701,88.43612334801763,66.62995594713657,89.97797356828194,83.13876651982379,14.317180616740089,72.13656387665198,83.81057268722468,46.729074889867846,20.333149779735685,18.660320956576463,8.218586807480234,16.62775330396476,4.672907488986785,68.51,True,True,True,True,True,True,True,True,True,NONE,,B,NO_SIGNAL
GVT&D,False,3.53,0.279,-4.65,125,64.8,66,52.8,3,2.4,37,29.6,19,15.2,12,7,0,0,0,0,0,4.06,10.13,-7.12,1.42,14.5,507.04,16.79,-26.13,2.62,15.62,3,68,2015-10-16,2026-08-10,10.8,,swing_scanner_nifty500_history.xlsx,Latest_Scan,2026-08-11 13:06:49.120250940,35.2,11.574074074074073,6.296296296296296,4.058000000000001,0.6425564485265978,0.27999999999999997,10.6372,26.13,True,88.65638766519824,30.616740088105725,59.636563876651984,88.32599118942731,94.53125,86.45374449339207,89.78744493392071,85.46255506607929,98.67549668874173,88.54625550660793,90.85800974414332,75.99118942731278,74.55947136563876,66.62995594713657,90.30837004405286,75.44052863436124,59.25110132158591,71.36563876651982,67.84140969162996,64.2511013215859,14.909140969162996,22.446861233480178,18.171601948828663,15.08810572687225,6.425110132158591,77.04,True,True,True,True,True,True,True,True,True,NONE,,B+,NO_SIGNAL
COFORGE,False,3.52,0.223,36.03,161,71.4,71,44.1,7,4.3,42,26.1,41,25.5,37,4,0,0,0,0,0,4.3,8.54,-6.28,1.36,19.3,692.78,19.73,-26.89,3.4,21.13,4,74,2015-10-16,2026-08-10,10.8,,swing_scanner_nifty500_history.xlsx,Latest_Scan,2026-08-11 13:06:49.120250940,28.599999999999994,14.907407407407407,6.851851851851851,4.30148,0.7337300111565638,0.22279792746113988,14.62,26.89,True,79.29515418502203,96.69603524229075,87.99559471365639,90.30837004405286,96.875,97.13656387665198,94.3215859030837,83.25991189427313,99.77924944812362,70.59471365638767,85.87538047864943,98.23788546255507,84.47136563876651,66.62995594713657,97.90748898678414,86.84471365638765,46.585903083700444,19.383259911894275,97.13656387665198,56.31057268722467,21.998898678414097,23.580396475770925,17.17507609572989,17.36894273127753,5.631057268722468,85.75,True,True,True,True,True,True,True,True,True,NONE,,A,NO_SIGNAL
LLOYDSME,False,3.44,0.234,13.23,52,69.2,20,38.5,4,7.7,11,21.2,17,32.7,12,5,0,0,0,0,0,3.82,7.86,-5.27,1.49,16.4,198.79,23.19,-14.32,3.36,5.62,2,22,2023-07-17,2026-08-10,3.1,limited history: 3.1y (<10y) - lower confidence,swing_scanner_nifty500_history.xlsx,Latest_Scan,2026-08-11 13:06:49.120250940,30.799999999999997,16.774193548387096,7.096774193548387,3.8159600000000014,1.619413407821229,0.2329268292682927,12.835199999999999,14.32,True,81.71806167400881,76.431718061674,79.0748898678414,86.34361233480176,98.88392857142857,96.91629955947137,93.31686595342984,96.47577092511013,89.40397350993378,97.02643171806167,94.13830702803628,15.859030837004406,11.233480176211454,9.251101321585903,97.02643171806167,25.225770925110133,72.02643171806167,50.991189427312776,100.0,76.21145374449338,19.76872246696035,23.32921648835746,18.827661405607255,5.045154185022027,7.6211453744493385,74.59,True,False,True,True,True,True,True,True,False,LIMITED_HISTORY,,B+,NO_SIGNAL
ANGELONE,False,3.44,0.39,-4.97,81,69.1,50,61.7,5,6.2,23,28.4,3,3.7,1,2,0,0,0,0,0,4.84,10.18,-7.12,1.43,12.4,392.16,22.79,-33.24,3.2,5.89,5,41,2020-10-05,2026-08-10,5.8,limited history: 5.8y (<10y) - lower confidence,swing_scanner_nifty500_history.xlsx,Latest_Scan,2026-08-11 13:06:49.120250940,30.900000000000006,13.965517241379311,7.06896551724138,4.834299999999999,0.6856197352587243,0.3903225806451613,15.488,33.24,True,95.59471365638767,30.176211453744493,62.885462555066084,94.93392070484582,98.4375,96.0352422907489,96.36343612334802,68.28193832599119,89.62472406181016,46.91629955947136,70.41050364189788,24.11894273127753,22.687224669603523,19.7136563876652,96.69603524229075,33.54625550660793,61.67400881057269,87.88546255506607,94.05286343612335,76.62995594713655,15.721365638766521,24.090859030837006,14.082100728379576,6.709251101321586,7.662995594713656,68.27,True,True,True,True,True,True,True,True,True,NONE,,B,NO_SIGNAL
INTELLECT,False,3.35,0.281,-2.59,141,63.8,80,56.7,4,2.8,47,33.3,10,7.1,7,3,0,0,0,0,0,3.42,9.43,-7.18,1.31,12.2,482.49,15.56,-38.13,2.32,8.96,5,87,2015-10-16,2026-08-10,10.8,,swing_scanner_nifty500_history.xlsx,Latest_Scan,2026-08-11 13:06:49.120250940,36.2,13.055555555555555,8.055555555555555,3.4171799999999997,0.4080776291633884,0.28032786885245903,7.934399999999999,38.13,True,88.98678414096916,39.20704845814978,64.09691629955947,79.40528634361233,92.41071428571429,78.8546255506608,83.41283826305853,56.38766519823789,94.92273730684326,46.91629955947136,67.50709902655814,91.85022026431719,98.34801762114537,66.62995594713657,87.88546255506607,86.5748898678414,37.99559471365639,89.75770925110133,88.76651982378854,63.57929515418502,16.024229074889867,20.853209565764633,13.501419805311627,17.314977973568283,6.357929515418502,74.05,True,True,True,True,True,True,True,True,True,NONE,,B+,NO_SIGNAL
ECLERX,False,3.29,0.172,10.96,110,59.1,55,50.0,4,3.6,36,32.7,15,13.6,6,9,0,0,0,0,0,2.64,9.36,-7.05,1.33,15.4,290.92,9.12,-35.44,1.92,4.1,5,67,2015-10-16,2026-08-10,10.8,,swing_scanner_nifty500_history.xlsx,Latest_Scan,2026-08-11 13:06:49.120250940,40.9,10.185185185185185,6.203703703703703,2.648309999999999,0.25733634311512416,0.17142857142857143,5.0688,35.44,True,68.83259911894272,72.02643171806167,70.4295154185022,64.20704845814979,79.24107142857143,60.68281938325991,68.03115166771555,62.55506607929515,85.20971302428256,46.91629955947136,66.5745008800848,54.074889867841414,72.24669603524228,66.62995594713657,66.74008810572687,63.65638766519823,41.96035242290749,62.55506607929515,40.969162995594715,45.78193832599119,17.60737885462555,17.007787916928887,13.31490017601696,12.731277533039647,4.578193832599119,65.24,True,True,True,True,True,True,True,True,True,NONE,,B,NO_SIGNAL
POONAWALLA,False,3.22,0.224,9.56,114,62.3,54,47.4,7,6.1,36,31.6,17,14.9,10,7,0,0,0,0,0,3.44,9.89,-7.21,1.37,15.3,391.91,10.67,-32.19,2.26,5.34,3,65,2015-10-16,2026-08-10,10.8,,swing_scanner_nifty500_history.xlsx,Latest_Scan,2026-08-11 13:06:49.120250940,37.7,10.555555555555555,6.018518518518518,3.4433000000000002,0.3314694004349177,0.22483660130718952,7.774399999999999,32.19,True,79.62555066079295,69.16299559471366,74.39427312775331,79.95594713656388,84.04017857142857,76.98237885462555,80.43030207677785,71.91629955947137,88.96247240618102,88.54625550660793,82.0399490426039,62.22466960352423,68.06167400881057,66.62995594713657,81.16740088105728,67.62665198237886,49.118942731277535,63.65638766519823,50.110132158590304,52.32378854625551,18.598568281938327,20.107575519194462,16.407989808520778,13.525330396475773,5.232378854625551,73.87,True,True,True,True,True,True,True,True,True,NONE,,B+,NO_SIGNAL
PCBL,False,3.16,0.315,11.84,137,64.2,80,58.4,3,2.2,46,33.6,8,5.8,5,3,0,0,0,0,0,4.26,11.0,-7.84,1.4,13.5,584.09,8.87,-40.81,2.52,3.5,4,75,2015-10-16,2026-08-10,10.8,,swing_scanner_nifty500_history.xlsx,Latest_Scan,2026-08-11 13:06:49.120250940,35.8,12.685185185185185,6.944444444444444,4.255280000000001,0.2173486890468022,0.31555555555555553,10.735199999999999,40.81,True,92.07048458149781,73.7885462555066,82.9295154185022,89.97797356828194,78.79464285714286,84.36123348017621,84.82662051604783,49.33920704845815,80.5739514348786,70.59471365638767,65.58524423568768,89.31718061674009,85.79295154185021,66.62995594713657,88.76651982378854,82.681718061674,54.29515418502202,78.8546255506608,84.91189427312776,68.3920704845815,20.73237885462555,21.206655129011956,13.117048847137537,16.5363436123348,6.8392070484581495,78.43,True,True,True,True,True,True,True,True,True,NONE,,B+,NO_SIGNAL
PAYTM,True,3.15,0.205,37.05,59,62.7,28,47.5,1,1.7,16,27.1,14,23.7,8,6,0,0,0,0,0,3.35,9.24,-6.55,1.41,16.4,197.6,10.4,-26.8,2.37,2.1,3,29,2021-11-18,2026-08-10,4.7,limited history: 4.7y (<10y) - lower confidence,swing_scanner_nifty500_history.xlsx,Latest_Scan,2026-08-11 13:06:49.120250940,37.3,12.553191489361701,6.170212765957446,3.35033,0.3880597014925373,0.20426829268292684,7.939500000000001,26.8,True,75.99118942731278,97.02643171806167,86.50881057268722,78.19383259911893,82.36607142857143,80.94713656387665,80.2998741346759,83.92070484581498,71.52317880794702,88.54625550660793,80.73795839775943,18.3920704845815,15.859030837004406,14.096916299559473,83.48017621145375,26.448237885462557,56.38766519823789,50.991189427312776,82.92951541850219,63.270925110132154,21.627202643171806,20.074968533668976,16.147591679551887,5.289647577092512,6.327092511013216,69.47,True,False,True,True,True,True,True,True,False,LIMITED_HISTORY,18,B,REJECT
ACUTAAS,False,3.14,0.284,11.91,75,68.0,46,61.3,1,1.3,19,25.3,9,12.0,4,5,0,0,0,0,0,5.17,10.6,-6.36,1.67,18.2,388.02,18.72,-33.91,3.54,3.19,3,30,2021-09-14,2026-08-10,4.9,limited history: 4.9y (<10y) - lower confidence,swing_scanner_nifty500_history.xlsx,Latest_Scan,2026-08-11 13:06:49.120250940,32.0,15.306122448979592,6.122448979591836,5.1728000000000005,0.5520495429076969,0.28406593406593406,18.3018,33.91,True,89.42731277533039,74.00881057268722,81.71806167400881,96.0352422907489,96.42857142857143,97.3568281938326,96.53115166771555,67.84140969162996,79.02869757174393,88.54625550660793,76.93317190341435,21.80616740088106,16.740088105726873,15.308370044052863,95.37444933920705,29.95044052863436,88.10572687224669,29.295154185022028,98.23788546255507,79.38325991189427,20.429515418502202,24.132787916928887,15.386634380682871,5.990088105726873,7.938325991189427,73.88,True,False,True,True,True,True,True,True,False,LIMITED_HISTORY,,B+,NO_SIGNAL
AEGISLOG,False,3.12,0.236,101.44,128,60.2,61,47.7,3,2.3,43,33.6,21,16.4,13,8,0,0,0,0,0,3.66,11.22,-7.76,1.45,15.5,468.61,7.42,-34.62,2.18,3.24,4,73,2015-10-16,2026-08-10,10.8,,swing_scanner_nifty500_history.xlsx,Latest_Scan,2026-08-11 13:06:49.120250940,39.8,11.851851851851851,6.759259259259259,3.6659599999999997,0.21432697862507222,0.23612903225806453,7.978800000000001,34.62,True,82.15859030837004,100.0,91.07929515418502,83.03964757709251,75.44642857142857,72.90748898678414,77.77281308999372,64.97797356828194,79.47019867549669,70.59471365638767,71.45443737783353,78.9647577092511,83.03964757709251,66.62995594713657,72.79735682819384,75.97466960352423,65.19823788546255,61.23348017621145,71.47577092511013,66.2885462555066,22.769823788546255,19.44320327249843,14.290887475566706,15.194933920704848,6.628854625550661,78.33,True,True,True,True,True,True,True,True,True,NONE,,B+,NO_SIGNAL
LAURUSLABS,False,3.03,0.336,40.63,115,62.6,58,50.4,4,3.5,41,35.7,12,10.4,10,2,0,0,0,0,0,4.85,11.84,-6.85,1.73,14.4,557.85,17.51,-35.19,2.89,9.91,5,60,2016-12-19,2026-08-10,9.6,,swing_scanner_nifty500_history.xlsx,Latest_Scan,2026-08-11 13:06:49.120250940,37.4,11.979166666666668,6.25,4.84994,0.49758454106280203,0.3368055555555555,14.016499999999999,35.19,True,93.72246696035242,98.45814977973568,96.09030837004406,95.15418502202643,95.53571428571429,92.18061674008811,94.44367526746382,63.10572687224669,96.02649006622516,46.91629955947136,70.58063716194533,63.76651982378855,55.17621145374449,30.396475770925107,83.03964757709251,56.167400881057276,90.96916299559471,72.13656387665198,73.7885462555066,82.04845814977973,24.022577092511014,23.610918816865954,14.116127432389067,11.233480176211456,8.204845814977974,81.19,True,True,True,True,True,True,True,True,True,NONE,,A,NO_SIGNAL
APARINDS,False,2.96,0.16,28.23,121,57.0,60,49.6,4,3.3,45,37.2,12,9.9,5,7,0,0,0,0,0,2.41,9.41,-6.87,1.37,15.1,291.81,15.07,-48.14,1.82,5.96,5,66,2015-10-16,2026-08-10,10.8,,swing_scanner_nifty500_history.xlsx,Latest_Scan,2026-08-11 13:06:49.120250940,43.0,11.203703703703702,6.111111111111111,2.4095999999999993,0.31304528458662234,0.15960264900662252,4.3862000000000005,48.14,True,65.63876651982379,92.95154185022027,79.29515418502203,58.70044052863436,91.74107142857143,52.97356828193832,67.66991818753934,31.718061674008812,89.84547461368653,46.91629955947136,55.86221567426165,71.80616740088107,70.26431718061674,66.62995594713657,53.74449339207048,67.41740088105728,49.118942731277535,66.07929515418502,61.89427312775331,56.34361233480176,19.823788546255507,16.917479546884834,11.17244313485233,13.483480176211456,5.634361233480177,67.03,True,True,True,True,True,True,True,True,True,NONE,,B,NO_SIGNAL
VEDL,True,2.92,0.265,-16.43,132,67.4,65,49.2,0,0.0,33,25.0,34,25.8,24,10,0,0,0,0,0,4.64,10.19,-6.83,1.49,17.5,613.02,14.03,-27.75,3.09,10.74,3,68,2015-10-16,2026-08-10,10.8,,swing_scanner_nifty500_history.xlsx,Latest_Scan,2026-08-11 13:06:49.120250940,32.599999999999994,12.222222222222221,6.296296296296296,4.64148,0.5055855855855855,0.2651428571428571,14.337599999999998,27.75,True,86.89427312775331,5.506607929515418,46.20044052863436,93.3920704845815,90.17857142857143,94.8237885462555,92.764631843927,81.4977973568282,96.90949227373068,88.54625550660793,88.654005115189,83.59030837004406,74.55947136563876,66.62995594713657,94.8237885462555,78.77753303964758,72.02643171806167,38.215859030837,78.19383259911893,67.11453744493392,11.55011013215859,23.19115796098175,17.7308010230378,15.755506607929517,6.711453744493392,74.94,True,True,True,True,True,True,True,True,True,NONE,4,B+,BUY
RADICO,False,2.91,0.227,28.0,175,62.9,74,42.3,14,8.0,52,29.7,35,20.0,22,13,0,0,0,0,0,3.99,10.58,-7.16,1.48,17.6,698.2,16.18,-44.28,2.5,8.12,4,77,2015-10-16,2026-08-10,10.8,,swing_scanner_nifty500_history.xlsx,Latest_Scan,2026-08-11 13:06:49.120250940,37.1,16.203703703703702,7.129629629629629,3.99846,0.36540198735320684,0.22670454545454544,9.975000000000001,44.28,True,80.39647577092511,92.73127753303964,86.56387665198238,87.44493392070484,93.52678571428571,83.92070484581498,88.40434235368157,40.308370044052865,93.37748344370861,70.59471365638767,66.45414563701608,99.77973568281938,88.43612334801763,66.62995594713657,84.36123348017621,86.34361233480176,70.26431718061674,36.784140969163,99.11894273127754,72.22466960352423,21.640969162995596,22.101085588420393,13.290829127403217,17.26872246696035,7.222466960352424,81.52,True,True,True,True,True,True,True,True,True,NONE,,A,NO_SIGNAL
SPLPETRO,False,2.84,0.234,-2.17,129,62.0,66,51.2,4,3.1,41,31.8,18,14.0,10,8,0,0,0,0,0,3.76,10.48,-7.22,1.45,16.0,484.61,16.34,-57.1,2.37,6.87,6,69,2015-10-16,2026-08-10,10.8,,swing_scanner_nifty500_history.xlsx,Latest_Scan,2026-08-11 13:06:49.120250940,38.0,11.944444444444443,6.388888888888888,3.7540000000000004,0.2861646234676007,0.235,8.9112,57.1,True,81.71806167400881,39.86784140969163,60.792951541850215,85.68281938325991,93.75,80.94713656387665,86.93832599118943,16.519823788546255,91.16997792494482,26.3215859030837,45.097818264920114,80.06607929515418,76.54185022026432,66.62995594713657,79.07488986784142,75.67731277533039,65.19823788546255,56.167400881057276,73.01762114537445,65.73788546255507,15.198237885462554,21.734581497797357,9.019563652984024,15.135462555066079,6.573788546255507,67.66,True,True,True,True,True,True,True,True,True,NONE,,B,NO_SIGNAL
TRENT,False,2.78,0.197,7.1,143,62.2,55,38.5,8,5.6,46,32.2,34,23.8,25,9,0,0,0,0,0,3.43,9.31,-6.28,1.48,17.4,489.84,13.0,-42.93,2.45,5.22,4,68,2015-10-16,2026-08-10,10.8,,swing_scanner_nifty500_history.xlsx,Latest_Scan,2026-08-11 13:06:49.120250940,37.8,13.24074074074074,6.296296296296296,3.41698,0.3028185418122525,0.1971264367816092,8.403500000000001,42.93,True,73.6784140969163,64.09691629955947,68.88766519823788,79.73568281938326,89.28571428571429,82.59911894273128,83.59345500314663,44.052863436123346,88.52097130242825,70.59471365638767,66.25216374439614,92.62114537444934,74.55947136563876,66.62995594713657,80.1762114537445,79.74118942731278,70.26431718061674,39.75770925110132,89.97797356828194,70.07709251101322,17.22191629955947,20.898363750786658,13.250432748879229,15.948237885462555,7.007709251101322,74.33,True,True,True,True,True,True,True,True,True,NONE,,B+,NO_SIGNAL
PERSISTENT,False,2.72,0.234,9.22,147,66.7,65,44.2,4,2.7,34,23.1,44,29.9,29,15,0,0,0,0,0,4.41,9.17,-5.12,1.79,18.9,647.7,11.06,-38.97,3.58,5.19,8,70,2015-10-16,2026-08-10,10.8,,swing_scanner_nifty500_history.xlsx,Latest_Scan,2026-08-11 13:06:49.120250940,33.3,13.61111111111111,6.481481481481481,4.41143,0.28380805748011295,0.23333333333333336,15.7878,38.97,True,81.71806167400881,68.5022026431718,75.1101321585903,91.29955947136564,85.04464285714286,97.79735682819384,91.11736941472626,54.18502202643172,88.30022075055187,7.709251101321586,54.50639884859624,94.8237885462555,78.19383259911893,66.62995594713657,93.17180616740089,83.37004405286342,93.17180616740089,23.348017621145374,92.18061674008811,78.90969162995594,18.777533039647576,22.779342353681564,10.901279769719249,16.674008810572683,7.890969162995595,77.02,True,True,True,True,True,True,True,True,True,NONE,,B+,NO_SIGNAL
J&KBANK,False,2.72,0.312,11.52,120,65.8,71,59.2,4,3.3,37,30.8,8,6.7,4,4,0,0,0,0,0,3.74,9.42,-7.2,1.31,12.0,448.89,6.55,-48.81,2.52,1.66,3,70,2015-10-16,2026-08-10,10.8,,swing_scanner_nifty500_history.xlsx,Latest_Scan,2026-08-11 13:06:49.120250940,34.2,11.11111111111111,6.481481481481481,3.7359599999999986,0.13419381274329029,0.3116666666666667,9.424800000000001,48.81,True,91.29955947136564,73.12775330396477,82.2136563876652,85.24229074889867,71.875,84.36123348017621,80.71806167400881,30.176211453744493,67.77041942604856,88.54625550660793,57.92669525726678,70.37444933920705,78.19383259911893,66.62995594713657,91.51982378854625,74.56497797356828,37.99559471365639,91.07929515418502,60.13215859030837,55.253303964757706,20.5534140969163,20.179515418502202,11.585339051453357,14.912995594713657,5.525330396475771,72.76,True,True,True,True,True,True,True,True,True,NONE,,B+,NO_SIGNAL
HONAUT,False,2.71,0.136,31.03,83,55.4,35,42.2,6,7.2,24,28.9,18,21.7,5,13,0,0,0,0,0,2.59,9.19,-5.62,1.64,19.0,214.86,9.08,-38.32,2.03,3.92,5,47,2015-10-16,2026-08-10,10.8,,swing_scanner_nifty500_history.xlsx,Latest_Scan,2026-08-11 13:06:49.120250940,44.6,7.685185185185185,4.351851851851851,2.5847399999999987,0.23695198329853862,0.1363157894736842,5.257699999999999,38.32,True,54.62555066079295,94.7136563876652,74.66960352422907,63.10572687224669,79.01785714285714,66.29955947136564,69.09188168659534,55.947136563876654,84.32671081677704,46.91629955947136,63.62227830129046,25.66079295154185,27.6431718061674,66.62995594713657,43.502202643171806,39.074889867841414,86.12334801762115,22.577092511013216,11.343612334801762,50.980176211453745,18.66740088105727,17.272970421648836,12.724455660258092,7.814977973568283,5.098017621145375,61.58,True,True,True,True,True,True,True,True,True,NONE,,B,NO_SIGNAL
TRITURBINE,False,2.7,0.148,8.48,100,54.0,44,44.0,5,5.0,36,36.0,15,15.0,5,10,0,0,0,0,0,2.05,10.33,-7.67,1.35,13.8,205.11,9.43,-41.39,1.58,3.52,3,63,2015-10-16,2026-08-10,10.8,,swing_scanner_nifty500_history.xlsx,Latest_Scan,2026-08-11 13:06:49.120250940,46.0,9.25925925925926,5.833333333333333,2.050000000000001,0.2278328098574535,0.14855072463768113,3.239,41.39,True,61.23348017621145,66.96035242290749,64.09691629955947,47.797356828193834,79.91071428571429,35.46255506607929,54.61988672120832,47.136563876651984,80.79470198675497,88.54625550660793,69.269335122677,42.951541850220266,63.21585903083701,66.62995594713657,36.34361233480176,52.94603524229075,44.49339207048458,76.87224669603523,28.524229074889867,46.1784140969163,16.024229074889867,13.65497168030208,13.853867024535402,10.58920704845815,4.61784140969163,58.74,True,True,True,True,True,True,True,True,True,NONE,,C,NO_SIGNAL
ESCORTS,False,2.65,0.255,0.35,173,62.4,81,46.8,2,1.2,44,25.4,46,26.6,25,21,0,0,0,0,0,4.69,10.85,-5.54,1.96,18.4,811.66,14.99,-22.22,3.25,14.27,3,72,2015-10-16,2026-08-10,10.8,,swing_scanner_nifty500_history.xlsx,Latest_Scan,2026-08-11 13:06:49.120250940,37.6,16.01851851851852,6.666666666666666,4.68736,0.6746174617461747,0.25489130434782614,15.242500000000001,22.22,True,85.68281938325991,49.118942731277535,67.40088105726872,93.72246696035242,91.29464285714286,96.25550660792952,93.65481434864695,89.64757709251101,98.01324503311258,88.54625550660793,92.3002304752458,99.55947136563876,81.82819383259911,66.62995594713657,81.93832599118943,84.25110132158589,96.25550660792952,27.312775330396477,98.89867841409692,83.25991189427313,16.85022026431718,23.413703587161738,18.46004609504916,16.85022026431718,8.325991189427313,83.9,True,True,True,True,True,True,True,True,True,NONE,,A,NO_SIGNAL
SAREGAMA,False,2.65,0.283,54.04,116,60.3,65,56.0,3,2.6,40,34.5,8,6.9,2,6,0,0,0,0,0,4.21,12.12,-7.84,1.55,14.9,488.12,6.82,-46.75,2.35,2.1,8,70,2015-10-16,2026-08-10,10.8,,swing_scanner_nifty500_history.xlsx,Latest_Scan,2026-08-11 13:06:49.120250940,39.7,10.74074074074074,6.481481481481481,4.195879999999999,0.14588235294117646,0.28255033557046977,9.8935,46.75,True,89.20704845814979,99.33920704845815,94.27312775330397,88.98678414096916,72.32142857142857,79.84581497797357,81.0943989930774,34.140969162995596,71.52317880794702,7.709251101321586,40.616813023310094,65.41850220264317,78.19383259911893,66.62995594713657,73.12775330396477,70.0715859030837,79.51541850220264,68.17180616740089,53.964757709251096,69.58149779735683,23.568281938325992,20.27359974826935,8.123362604662018,14.014317180616741,6.958149779735684,72.94,True,True,True,True,True,True,True,True,True,NONE,,B+,NO_SIGNAL
BAJAJFINSV,False,2.61,0.163,12.86,134,61.9,43,32.1,5,3.7,36,26.9,50,37.3,36,14,0,0,0,0,0,3.04,7.83,-4.74,1.65,18.7,408.0,10.67,-51.21,2.69,3.75,7,60,2015-10-16,2026-08-10,10.8,,swing_scanner_nifty500_history.xlsx,Latest_Scan,2026-08-11 13:06:49.120250940,38.1,12.407407407407407,5.555555555555555,3.04083,0.20835774262839288,0.1625668449197861,8.1776,51.21,True,66.40969162995594,75.77092511013215,71.09030837004406,72.90748898678414,84.04017857142857,87.33480176211454,80.50959723096287,25.991189427312776,83.22295805739515,14.427312775330398,43.13133928484601,86.34361233480176,55.17621145374449,66.62995594713657,78.63436123348018,72.4669603524229,86.89427312775331,25.440528634361232,81.05726872246696,72.85242290748899,17.772577092511014,20.127399307740717,8.626267856969202,14.493392070484582,7.285242290748899,68.3,True,True,True,True,True,True,True,True,True,NONE,,B,NO_SIGNAL
KALYANKJIL,False,2.61,0.269,64.74,79,65.8,43,54.4,5,6.3,25,31.6,6,7.6,4,2,0,0,0,0,0,3.52,9.53,-8.06,1.18,13.1,277.86,10.15,-37.67,2.28,1.63,4,43,2021-03-26,2026-08-10,5.4,limited history: 5.4y (<10y) - lower confidence,swing_scanner_nifty500_history.xlsx,Latest_Scan,2026-08-11 13:06:49.120250940,34.2,14.629629629629628,7.962962962962963,3.514219999999998,0.26944518184231486,0.2687022900763359,8.025599999999999,37.67,True,87.33480176211454,99.55947136563876,93.44713656387665,81.4977973568282,81.91964285714286,77.6431718061674,80.55349276274387,57.048458149779734,67.21854304635761,70.59471365638767,63.99455174023397,23.017621145374452,24.11894273127753,17.951541850220266,91.51982378854625,32.301762114537446,21.58590308370044,82.04845814977973,96.36563876651982,56.11233480176211,23.361784140969164,20.138373190685968,12.798910348046796,6.46035242290749,5.611233480176211,68.37,True,True,True,True,True,True,True,True,True,NONE,,B,NO_SIGNAL
POLYCAB,False,2.58,0.189,0.7,90,63.3,32,35.6,3,3.3,24,26.7,31,34.4,22,9,0,0,0,0,0,3.7,9.05,-5.53,1.64,19.6,333.22,18.14,-19.36,2.82,11.02,2,36,2019-04-16,2026-08-10,7.3,limited history: 7.3y (<10y) - lower confidence,swing_scanner_nifty500_history.xlsx,Latest_Scan,2026-08-11 13:06:49.120250940,36.7,12.32876712328767,4.931506849315069,3.6991400000000008,0.9369834710743802,0.18877551020408162,10.434,19.36,True,71.25550660792952,50.22026431718062,60.73788546255507,84.36123348017621,95.87053571428571,90.96916299559471,89.89443045940843,92.51101321585902,97.35099337748345,97.02643171806167,95.33386089797824,31.167400881057265,19.493392070484582,22.687224669603523,85.46255506607929,34.27312775330396,86.12334801762115,16.519823788546255,80.1762114537445,70.41850220264318,15.184471365638768,22.473607614852106,19.06677217959565,6.854625550660792,7.041850220264319,70.62,True,True,True,True,True,True,True,True,True,NONE,,B+,NO_SIGNAL
ALKEM,False,2.52,0.159,-1.48,83,61.4,22,26.5,8,9.6,23,27.7,30,36.1,21,9,0,0,0,0,0,3.3,8.3,-4.66,1.78,20.7,274.25,13.46,-20.95,2.84,11.47,3,41,2015-12-23,2026-08-10,10.6,,swing_scanner_nifty500_history.xlsx,Latest_Scan,2026-08-11 13:06:49.120250940,38.6,7.830188679245284,3.867924528301887,3.2974400000000004,0.6424821002386636,0.15942028985507245,9.372,20.95,True,65.08810572687224,42.290748898678416,53.68942731277533,77.5330396475771,89.73214285714286,91.40969162995594,85.32221522970423,91.18942731277532,97.57174392935983,88.54625550660793,92.76244517703805,25.66079295154185,22.687224669603523,32.819383259911895,76.54185022026432,34.33920704845815,92.73127753303964,7.819383259911894,12.334801762114537,51.62995594713656,13.422356828193832,21.330553807426057,18.55248903540761,6.86784140969163,5.1629955947136565,65.34,True,True,True,True,True,True,True,True,True,NONE,,B,NO_SIGNAL
RHIM,False,2.5,0.154,3.77,110,61.8,48,43.6,4,3.6,32,29.1,26,23.6,17,9,0,0,0,0,0,2.37,7.97,-6.69,1.19,15.4,260.82,12.31,-22.45,1.93,10.57,5,69,2015-10-16,2026-08-10,10.8,,swing_scanner_nifty500_history.xlsx,Latest_Scan,2026-08-11 13:06:49.120250940,38.2,10.185185185185185,6.388888888888888,2.3698799999999998,0.5483296213808464,0.1538961038961039,4.5741000000000005,22.45,True,62.77533039647577,57.15859030837004,59.9669603524229,57.70925110132159,88.39285714285714,61.45374449339207,68.57646318439271,89.42731277533039,96.68874172185431,46.91629955947136,81.34105960264901,54.074889867841414,76.54185022026432,66.62995594713657,78.30396475770925,66.4647577092511,22.577092511013216,62.55506607929515,40.969162995594715,36.090308370044056,14.991740088105725,17.144115796098177,16.268211920529804,13.292951541850222,3.609030837004406,65.31,True,True,True,True,True,True,True,True,True,NONE,,B,NO_SIGNAL
ERIS,False,2.45,0.107,1.13,80,58.8,27,33.8,5,6.2,23,28.8,25,31.2,15,10,0,0,0,0,0,1.93,7.68,-6.27,1.22,18.1,154.2,10.33,-31.64,1.75,4.22,4,41,2017-06-30,2026-08-10,9.1,limited history: 9.1y (<10y) - lower confidence,swing_scanner_nifty500_history.xlsx,Latest_Scan,2026-08-11 13:06:49.120250940,41.2,8.791208791208792,4.5054945054945055,1.9325999999999999,0.32648546144121365,0.10662983425414363,3.3775,31.64,True,40.969162995594715,50.66079295154186,45.81497797356829,44.60352422907489,82.14285714285714,45.81497797356828,56.95531780994336,72.90748898678414,86.31346578366445,70.59471365638767,77.02138703309313,23.568281938325992,22.687224669603523,29.295154185022028,65.08810572687224,31.00770925110132,24.779735682819386,30.837004405286343,21.80616740088106,25.09911894273128,11.453744493392072,14.23882945248584,15.404277406618627,6.201541850220265,2.509911894273128,49.81,True,True,True,True,True,True,True,True,True,NONE,,D,NO_SIGNAL
BLUEJET,False,2.45,0.14,28.72,32,59.4,13,40.6,0,0.0,11,34.4,8,25.0,6,2,0,0,0,0,0,1.86,8.36,-7.64,1.09,13.2,59.46,9.67,-15.53,1.6,1.59,2,20,2023-11-01,2026-08-10,2.8,limited history: 2.8y (<10y) - lower confidence,swing_scanner_nifty500_history.xlsx,Latest_Scan,2026-08-11 13:06:49.120250940,40.6,11.428571428571429,7.142857142857143,1.863999999999999,0.6226658081133291,0.14090909090909093,2.9760000000000004,15.53,True,56.497797356828194,93.17180616740089,74.83480176211454,42.51101321585903,80.35714285714286,36.56387665198238,52.9565764631844,95.81497797356829,66.00441501103754,97.02643171806167,85.68414437280587,10.242290748898679,10.022026431718063,7.3788546255506615,68.72246696035242,18.243392070484582,11.123348017621145,80.72687224669603,66.29955947136564,41.596916299559474,18.708700440528634,13.2391441157961,17.136828874561175,3.6486784140969166,4.159691629955947,56.89,False,False,True,True,True,True,True,True,False,LOW_TRADE_COUNT|LIMITED_HISTORY,,C,NO_SIGNAL
KARURVYSYA,False,2.43,0.217,14.96,136,62.5,61,44.9,5,3.7,39,28.7,31,22.8,19,12,0,0,0,0,0,3.95,10.04,-6.2,1.62,18.2,536.81,9.8,-35.03,2.7,4.72,4,64,2015-10-16,2026-08-10,10.8,,swing_scanner_nifty500_history.xlsx,Latest_Scan,2026-08-11 13:06:49.120250940,37.5,12.592592592592592,5.925925925925926,3.9499999999999993,0.2797602055381102,0.21703296703296704,10.665000000000001,35.03,True,77.86343612334802,79.51541850220264,78.68942731277534,87.22466960352423,81.02678571428571,87.99559471365639,85.45720578980492,63.986784140969164,87.63796909492274,70.59471365638767,73.91668125370754,88.21585903083701,65.7488986784141,66.62995594713657,82.48898678414098,76.34361233480176,84.69162995594714,29.295154185022028,83.81057268722468,73.34801762114537,19.672356828193834,21.36430144745123,14.783336250741508,15.268722466960353,7.334801762114537,78.42,True,True,True,True,True,True,True,True,True,NONE,,B+,NO_SIGNAL
NETWEB,False,2.41,0.076,20.58,36,52.8,14,38.9,0,0.0,13,36.1,9,25.0,5,4,0,0,0,0,0,1.07,8.9,-7.68,1.16,14.0,38.57,11.5,-26.14,1.3,1.38,3,21,2023-07-27,2026-08-10,3.0,limited history: 3.0y (<10y) - lower confidence,swing_scanner_nifty500_history.xlsx,Latest_Scan,2026-08-11 13:06:49.120250940,47.2,12.0,7.0,1.0742400000000005,0.43993879112471307,0.07642857142857143,1.3910000000000002,26.14,True,30.616740088105725,88.32599118942731,59.47136563876652,23.45814977973568,86.38392857142857,19.162995594713657,42.39175582127124,85.24229074889867,63.796909492273734,88.54625550660793,78.56239849850726,11.563876651982378,10.682819383259911,8.700440528634362,30.616740088105725,13.485682819383259,18.722466960352424,75.22026431718062,74.11894273127754,46.6409691629956,14.86784140969163,10.59793895531781,15.712479699701454,2.697136563876652,4.6640969162995605,48.54,False,False,True,True,True,True,True,True,False,LOW_TRADE_COUNT|LIMITED_HISTORY,,D,NO_SIGNAL
HYUNDAI,False,2.4,0.312,16.93,17,64.7,11,64.7,0,0.0,4,23.5,2,11.8,0,2,0,0,0,0,0,3.7,8.46,-5.01,1.69,11.9,62.98,27.07,-9.55,3.09,4.12,2,10,2024-10-22,2026-08-10,1.8,limited history: 1.8y (<10y) - lower confidence,swing_scanner_nifty500_history.xlsx,Latest_Scan,2026-08-11 13:06:49.120250940,35.3,9.444444444444445,5.555555555555555,3.70509,2.8345549738219895,0.31092436974789917,11.433,9.55,True,91.29955947136564,83.70044052863436,87.5,84.36123348017621,99.33035714285714,94.8237885462555,92.08086847073632,98.6784140969163,85.43046357615894,97.02643171806167,93.62863581993756,5.947136563876652,4.73568281938326,3.854625550660793,89.97797356828194,17.725770925110133,89.20704845814979,91.74008810572687,31.167400881057265,72.30176211453744,21.875,23.02021711768408,18.72572716398751,3.5451541850220267,7.2301762114537445,74.4,False,False,True,True,True,True,True,True,False,LOW_TRADE_COUNT|LIMITED_HISTORY,,B+,NO_SIGNAL
TATAPOWER,False,2.38,0.144,-9.12,100,61.0,43,43.0,3,3.0,33,33.0,21,21.0,15,6,0,0,0,0,0,2.25,7.73,-6.33,1.22,15.6,224.86,15.69,-20.63,1.91,17.14,3,60,2015-10-16,2026-08-10,10.8,,swing_scanner_nifty500_history.xlsx,Latest_Scan,2026-08-11 13:06:49.120250940,39.0,9.25925925925926,5.555555555555555,2.2466,0.7605428986912264,0.14423076923076925,4.297499999999999,20.63,True,59.25110132158591,19.60352422907489,39.4273127753304,53.964757709251096,92.85714285714286,59.471365638766514,67.95217117684078,91.62995594713657,99.11699779249447,88.54625550660793,93.47949548287968,42.951541850220266,55.17621145374449,66.62995594713657,75.33039647577093,56.784140969163,24.779735682819386,60.13215859030837,28.524229074889867,32.97356828193833,9.8568281938326,16.988042794210195,18.69589909657594,11.3568281938326,3.297356828193833,60.19,True,True,True,True,True,True,True,True,True,NONE,,B,NO_SIGNAL
JKCEMENT,False,2.37,0.203,-4.43,127,64.6,55,43.3,5,3.9,36,28.3,31,24.4,22,9,0,0,0,0,0,3.69,8.74,-5.49,1.59,18.2,469.02,15.39,-34.02,2.9,10.35,7,65,2015-10-16,2026-08-10,10.8,,swing_scanner_nifty500_history.xlsx,Latest_Scan,2026-08-11 13:06:49.120250940,35.400000000000006,11.759259259259258,6.018518518518518,3.7025799999999984,0.4523809523809524,0.20274725274725275,10.700999999999999,34.02,True,75.44052863436124,31.05726872246696,53.2488986784141,83.59030837004406,92.1875,92.51101321585902,88.83920704845815,67.40088105726872,96.46799116997794,14.427312775330398,64.33097752623237,77.97356828193833,68.06167400881057,66.62995594713657,89.53744493392071,74.39427312775331,82.15859030837004,29.295154185022028,70.48458149779736,68.08370044052863,13.312224669603525,22.209801762114537,12.866195505246475,14.878854625550662,6.808370044052864,70.08,True,True,True,True,True,True,True,True,True,NONE,,B+,NO_SIGNAL
CUMMINSIND,False,2.33,0.226,1.24,136,72.8,54,39.7,5,3.7,31,22.8,46,33.8,40,6,0,0,0,0,0,4.55,8.46,-5.9,1.43,20.2,618.9,11.55,-25.34,3.83,8.5,4,60,2015-10-16,2026-08-10,10.8,,swing_scanner_nifty500_history.xlsx,Latest_Scan,2026-08-11 13:06:49.120250940,27.200000000000003,12.592592592592592,5.555555555555555,4.554080000000001,0.45580110497237575,0.22524752475247525,17.4265,25.34,True,80.1762114537445,51.10132158590308,65.63876651982379,92.73127753303964,86.83035714285714,98.23788546255507,92.38483322844557,86.56387665198237,94.03973509933775,70.59471365638767,85.18813635965807,88.21585903083701,55.17621145374449,66.62995594713657,98.6784140969163,76.12885462555066,61.67400881057269,11.563876651982378,83.81057268722468,58.29295154185022,16.409691629955947,23.096208307111393,17.037627271931616,15.225770925110133,5.829295154185022,77.6,True,True,True,True,True,True,True,True,True,NONE,,B+,NO_SIGNAL
MMTC,False,2.33,0.164,-5.47,130,55.4,68,52.3,1,0.8,51,39.2,10,7.7,4,6,0,0,0,0,0,1.61,9.61,-8.31,1.16,9.8,209.93,7.61,-54.81,1.44,2.08,4,88,2015-10-16,2026-08-10,10.8,,swing_scanner_nifty500_history.xlsx,Latest_Scan,2026-08-11 13:06:49.120250940,44.6,12.037037037037036,8.148148148148147,1.6176799999999987,0.13884327677431127,0.16428571428571428,2.3184,54.81,True,66.74008810572687,28.193832599118945,47.46696035242291,36.56387665198238,76.11607142857143,27.863436123348016,46.78445563247326,19.60352422907489,71.08167770419426,70.59471365638767,50.36867530219486,81.16740088105728,98.6784140969163,66.62995594713657,43.502202643171806,76.26101321585902,18.722466960352424,96.69603524229075,74.8898678414097,51.16740088105727,11.866740088105727,11.696113908118315,10.073735060438972,15.252202643171806,5.116740088105727,54.01,True,True,True,True,True,True,True,True,True,NONE,,C,NO_SIGNAL
HEROMOTOCO,True,2.31,0.109,14.89,105,56.2,35,33.3,4,3.8,35,33.3,31,29.5,20,11,0,0,0,0,0,1.94,7.29,-4.93,1.48,17.8,203.22,4.84,-29.67,1.9,2.07,4,58,2015-10-16,2026-08-10,10.8,,swing_scanner_nifty500_history.xlsx,Latest_Scan,2026-08-11 13:06:49.120250940,43.8,9.722222222222221,5.37037037037037,1.9376400000000005,0.1631277384563532,0.10898876404494381,3.686,29.67,True,42.070484581497794,79.29515418502203,60.68281938325991,44.93392070484582,63.39285714285714,58.370044052863435,54.60289490245437,77.5330396475771,70.86092715231787,70.59471365638767,73.463218776439,48.6784140969163,49.55947136563877,66.62995594713657,49.44933920704846,53.502202643171806,70.26431718061674,34.030837004405285,34.58149779735683,52.31277533039648,15.170704845814978,13.650723725613593,14.692643755287802,10.700440528634362,5.231277533039648,59.45,True,True,True,True,True,True,True,True,True,NONE,10,C,WEAK_WATCH
GPIL,False,2.24,0.419,-22.38,142,68.3,82,57.7,0,0.0,42,29.6,18,12.7,15,3,0,0,0,0,0,5.12,12.41,-10.6,1.17,12.2,726.41,8.39,-81.42,2.52,1.63,5,78,2015-10-16,2026-08-10,10.8,,swing_scanner_nifty500_history.xlsx,Latest_Scan,2026-08-11 13:06:49.120250940,31.700000000000003,13.148148148148147,7.222222222222221,5.115829999999999,0.10304593465978876,0.41967213114754104,12.9024,81.42,True,97.79735682819384,1.5418502202643172,49.66960352422908,95.81497797356829,77.90178571428571,84.36123348017621,86.87570799244808,0.6607929515418502,67.21854304635761,46.91629955947136,35.51988213670974,92.29074889867842,90.08810572687224,66.62995594713657,95.81497797356829,85.85352422907489,20.154185022026432,89.75770925110133,89.42731277533039,54.8568281938326,12.41740088105727,21.71892699811202,7.103976427341948,17.170704845814978,5.4856828193832605,63.9,True,True,True,True,True,True,True,True,True,NONE,,B,NO_SIGNAL
FEDERALBNK,False,2.24,0.115,23.8,131,64.1,36,27.5,6,4.6,38,29.0,51,38.9,42,9,0,0,0,0,0,2.48,7.4,-6.31,1.17,21.5,325.12,8.23,-34.16,2.1,3.83,4,60,2015-10-16,2026-08-10,10.8,,swing_scanner_nifty500_history.xlsx,Latest_Scan,2026-08-11 13:06:49.120250940,35.900000000000006,12.129629629629628,5.555555555555555,2.4781099999999987,0.2409250585480094,0.11534883720930232,5.208,34.16,True,45.15418502202643,91.40969162995594,68.28193832599119,60.13215859030837,77.12053571428571,69.16299559471366,68.0970736312146,66.51982378854625,83.6644591611479,70.59471365638767,73.53916863591718,82.48898678414098,55.17621145374449,66.62995594713657,88.54625550660793,72.6046255506608,20.154185022026432,3.7444933920704844,76.76211453744493,33.85462555066079,17.070484581497798,17.02426840780365,14.707833727183436,14.520925110132161,3.3854625550660793,66.71,True,True,True,True,True,True,True,True,True,NONE,,B,NO_SIGNAL
ENDURANCE,True,2.24,0.142,13.69,91,58.2,36,39.6,1,1.1,36,39.6,18,19.8,16,2,0,0,0,0,0,2.29,8.58,-6.48,1.32,16.1,208.31,3.35,-34.07,1.85,1.01,4,55,2016-10-19,2026-08-10,9.8,,swing_scanner_nifty500_history.xlsx,Latest_Scan,2026-08-11 13:06:49.120250940,41.8,9.285714285714285,5.612244897959183,2.284920000000001,0.09832697387731142,0.14223602484472048,4.2365,34.07,True,58.14977973568281,77.31277533039648,67.73127753303964,54.95594713656388,57.70089285714286,55.06607929515418,55.86516677155444,67.18061674008811,58.05739514348785,70.59471365638767,64.84101341035291,32.378854625550666,42.070484581497794,30.837004405286343,61.563876651982376,38.79405286343612,39.97797356828194,54.845814977973575,29.295154185022028,39.746696035242294,16.93281938325991,13.96629169288861,12.968202682070583,7.758810572687224,3.9746696035242297,55.6,True,True,True,True,True,True,True,True,True,NONE,11,C,WEAK_WATCH
JSL,False,2.22,0.248,-3.12,163,63.2,89,54.6,3,1.8,50,30.7,21,12.9,11,10,0,0,0,0,0,3.38,10.0,-7.98,1.25,13.6,551.26,11.54,-51.97,2.15,4.13,6,97,2015-10-16,2026-08-10,10.8,,swing_scanner_nifty500_history.xlsx,Latest_Scan,2026-08-11 13:06:49.120250940,36.8,15.092592592592592,8.981481481481481,3.38336,0.22205118337502405,0.2485294117647059,7.2669999999999995,51.97,True,83.81057268722468,37.55506607929515,60.68281938325991,78.63436123348018,86.60714285714286,71.80616740088107,79.27375707992448,24.88986784140969,85.65121412803532,26.3215859030837,46.51426855714716,99.11894273127754,100.0,66.62995594713657,84.91189427312776,89.08590308370044,28.9647577092511,78.08370044052863,98.01762114537445,59.50440528634361,15.170704845814978,19.81843926998112,9.302853711429433,17.81718061674009,5.950440528634362,68.06,True,True,True,True,True,True,True,True,True,NONE,,B,NO_SIGNAL
GODREJIND,False,2.22,0.118,16.26,113,57.5,42,37.2,10,8.8,39,34.5,22,19.5,13,9,0,0,0,0,0,2.05,8.15,-6.22,1.31,17.3,231.46,6.36,-32.41,1.78,2.84,3,59,2015-10-16,2026-08-10,10.8,,swing_scanner_nifty500_history.xlsx,Latest_Scan,2026-08-11 13:06:49.120250940,42.5,10.462962962962962,5.462962962962963,2.0427500000000003,0.19623572971305156,0.11849710982658958,3.6489999999999996,32.41,True,46.80616740088105,82.15859030837004,64.48237885462555,47.797356828193834,71.42857142857143,47.907488986784145,55.39018250471995,70.70484581497797,76.82119205298014,88.54625550660793,77.30591942118622,60.792951541850215,52.20264317180616,66.62995594713657,57.048458149779734,59.542951541850215,37.99559471365639,41.629955947136565,48.12775330396476,41.76211453744493,16.120594713656388,13.847545626179988,15.461183884237244,11.908590308370044,4.176211453744493,61.51,True,True,True,True,True,True,True,True,True,NONE,,B,NO_SIGNAL
JYOTICNC,False,2.2,0.418,6.19,23,73.9,17,73.9,0,0.0,6,26.1,0,0.0,0,0,0,0,0,0,0,3.9,8.35,-8.68,0.96,9.3,89.8,12.36,-28.86,2.72,0.81,3,15,2024-01-16,2026-08-10,2.6,limited history: 2.6y (<10y) - lower confidence,swing_scanner_nifty500_history.xlsx,Latest_Scan,2026-08-11 13:06:49.120250940,26.099999999999994,8.846153846153847,5.769230769230769,3.9051700000000014,0.42827442827442824,0.4193548387096774,10.608,28.86,True,97.57709251101322,62.33480176211453,79.95594713656388,87.00440528634361,88.61607142857143,89.09691629955947,88.10604153555695,79.73568281938326,53.75275938189845,88.54625550660793,72.84430278806974,7.819383259911894,8.039647577092511,6.497797356828194,99.11894273127754,21.23898678414097,6.607929515418502,97.79735682819384,23.127753303964756,29.80176211453745,19.98898678414097,22.02651038388924,14.568860557613949,4.247797356828194,2.9801762114537453,63.81,False,False,True,True,True,True,False,True,False,LOW_TRADE_COUNT|LIMITED_HISTORY|LOW_RISK_REWARD,,B,NO_SIGNAL
LTM,False,2.19,0.191,14.76,132,62.1,51,38.6,15,11.4,36,27.3,30,22.7,18,12,0,0,0,0,0,3.47,8.69,-5.1,1.7,18.2,457.86,15.67,-40.42,2.8,7.79,5,63,2016-07-21,2026-08-10,10.1,,swing_scanner_nifty500_history.xlsx,Latest_Scan,2026-08-11 13:06:49.120250940,37.9,13.06930693069307,6.237623762376238,3.46359,0.38767936665017316,0.19065934065934068,9.716,40.42,True,71.91629955947137,78.8546255506608,75.38546255506608,80.83700440528634,92.63392857142857,90.63876651982379,87.35651353052234,50.22026431718062,92.71523178807946,46.91629955947136,64.2675117425679,83.59030837004406,63.21585903083701,32.048458149779734,79.62555066079295,65.01651982378856,89.86784140969164,29.295154185022028,89.20704845814979,77.55506607929516,18.84636563876652,21.839128382630584,12.853502348513581,13.003303964757713,7.755506607929516,74.3,True,True,True,True,True,True,True,True,True,NONE,,B+,NO_SIGNAL
BAJAJHLDNG,False,2.17,0.154,11.69,126,61.1,37,29.4,10,7.9,39,31.0,40,31.7,31,9,0,0,0,0,0,2.88,7.64,-4.58,1.67,18.7,363.36,8.32,-33.21,2.62,3.55,7,56,2015-10-16,2026-08-10,10.8,,swing_scanner_nifty500_history.xlsx,Latest_Scan,2026-08-11 13:06:49.120250940,38.9,11.666666666666666,5.185185185185185,2.8864199999999993,0.25052694971394157,0.15401069518716579,7.5456,33.21,True,62.77533039647577,73.34801762114537,68.06167400881057,70.92511013215858,77.45535714285714,86.45374449339207,77.3628067967275,68.5022026431718,81.01545253863135,14.427312775330398,59.36311763962229,77.09251101321586,44.713656387665196,66.62995594713657,75.77092511013215,66.18392070484582,88.10572687224669,25.440528634361232,69.16299559471366,69.88986784140968,17.015418502202643,19.340701699181874,11.872623527924459,13.236784140969164,6.988986784140969,68.45,True,True,True,True,True,True,True,True,True,NONE,,B,NO_SIGNAL
BSE,False,2.16,0.477,-11.44,130,63.8,75,57.7,5,3.8,41,31.5,9,6.9,3,6,0,0,0,0,0,7.01,14.42,-6.07,2.38,14.7,911.35,19.52,-43.85,4.19,8.24,6,65,2017-02-03,2026-08-10,9.5,,swing_scanner_nifty500_history.xlsx,Latest_Scan,2026-08-11 13:06:49.120250940,36.2,13.68421052631579,6.842105263157895,7.00262,0.4451539338654504,0.47687074829931975,29.3719,43.85,True,98.89867841409692,16.519823788546255,57.709251101321584,99.33920704845815,96.65178571428571,98.6784140969163,98.29421019509125,42.290748898678416,93.59823399558499,26.3215859030837,56.25607793369704,81.16740088105728,68.06167400881057,30.176211453744493,87.88546255506607,66.15088105726872,99.44933920704845,69.60352422907489,92.73127753303964,91.4647577092511,14.427312775330396,24.573552548772813,11.25121558673941,13.230176211453745,9.146475770925111,72.63,True,True,True,True,True,True,True,True,True,NONE,,B+,NO_SIGNAL
LTFOODS,False,2.16,0.277,-1.81,151,59.6,85,56.3,2,1.3,55,36.4,9,6.0,3,6,0,0,0,0,0,3.75,11.77,-8.09,1.45,13.5,566.24,10.51,-40.78,2.15,3.96,5,85,2015-10-16,2026-08-10,10.8,,swing_scanner_nifty500_history.xlsx,Latest_Scan,2026-08-11 13:06:49.120250940,40.4,13.981481481481481,7.87037037037037,3.7465599999999992,0.2577243746934772,0.2777777777777778,8.0625,40.78,True,88.32599118942731,41.409691629955944,64.86784140969164,85.46255506607929,82.8125,71.80616740088107,80.79074889867842,49.55947136563877,84.98896247240619,46.91629955947136,61.29900030146551,96.36563876651982,96.58590308370044,66.62995594713657,69.60352422907489,84.97246696035242,65.19823788546255,78.8546255506608,94.38325991189427,76.68502202643171,16.21696035242291,20.197687224669604,12.259800060293102,16.994493392070485,7.668502202643172,73.34,True,True,True,True,True,True,True,True,True,NONE,,B+,NO_SIGNAL
DATAPATTNS,False,2.14,0.203,1.64,64,62.5,31,48.4,1,1.6,23,35.9,9,14.1,8,1,0,0,0,0,0,2.52,9.15,-8.53,1.07,12.4,161.34,11.01,-35.19,1.79,1.6,2,36,2021-12-24,2026-08-10,4.6,limited history: 4.6y (<10y) - lower confidence,swing_scanner_nifty500_history.xlsx,Latest_Scan,2026-08-11 13:06:49.120250940,37.5,13.913043478260871,7.82608695652174,2.5200000000000005,0.31287297527706737,0.2032258064516129,4.5108,35.19,True,75.44052863436124,51.76211453744494,63.601321585903094,61.013215859030836,84.82142857142857,49.33920704845815,65.36312146003776,63.10572687224669,66.44591611479028,97.02643171806167,72.7549693185907,20.37444933920705,19.493392070484582,13.105726872246695,82.48898678414098,27.654185022026432,10.572687224669604,87.88546255506607,93.83259911894272,51.013215859030836,15.900330396475773,16.34078036500944,14.55099386371814,5.530837004405287,5.101321585903084,57.42,True,False,True,True,True,True,True,True,False,LIMITED_HISTORY,,C,NO_SIGNAL
COROMANDEL,False,2.07,0.146,8.74,146,61.6,42,28.8,17,11.6,45,30.8,42,28.8,31,11,0,0,0,0,0,2.92,7.92,-5.11,1.55,20.0,426.31,9.2,-32.53,2.49,4.69,4,68,2015-10-16,2026-08-10,10.8,,swing_scanner_nifty500_history.xlsx,Latest_Scan,2026-08-11 13:06:49.120250940,38.4,13.518518518518517,6.296296296296296,2.916479999999999,0.2828158622809714,0.146,7.2708,32.53,True,60.13215859030837,67.40088105726872,63.76651982378854,71.58590308370044,79.6875,83.70044052863436,77.5704845814978,70.48458149779736,87.41721854304636,70.59471365638767,76.43853750328209,94.05286343612335,74.55947136563876,66.62995594713657,77.31277533039648,79.81277533039646,79.51541850220264,12.77533039647577,91.40969162995594,69.73568281938326,15.941629955947135,19.39262114537445,15.287707500656419,15.962555066079293,6.973568281938326,73.56,True,True,True,True,True,True,True,True,True,NONE,,B+,NO_SIGNAL
MOTHERSON,False,2.04,0.199,29.06,138,68.8,55,39.9,8,5.8,35,25.4,40,29.0,32,8,0,0,0,0,0,3.61,8.24,-6.62,1.24,18.2,498.31,10.59,-35.76,2.75,5.3,4,63,2015-10-16,2026-08-10,10.8,,swing_scanner_nifty500_history.xlsx,Latest_Scan,2026-08-11 13:06:49.120250940,31.200000000000003,12.777777777777777,5.833333333333333,3.603679999999999,0.29614093959731547,0.19835164835164834,9.9275,35.76,True,74.00881057268722,93.6123348017621,83.81057268722466,82.59911894273128,83.48214285714286,89.97797356828194,84.94776589049718,61.89427312775331,88.74172185430463,70.59471365638767,73.46599031420486,90.41850220264317,63.21585903083701,66.62995594713657,96.36563876651982,78.56277533039648,27.863436123348016,29.295154185022028,86.56387665198237,45.75991189427313,20.952643171806166,21.236941472624295,14.693198062840972,15.712555066079297,4.575991189427313,77.17,True,True,True,True,True,True,True,True,True,NONE,,B+,NO_SIGNAL
FSL,False,2.02,0.221,11.04,158,61.4,83,52.5,3,1.9,51,32.3,21,13.3,11,10,0,0,0,0,0,3.39,10.05,-7.2,1.4,15.4,535.18,5.14,-47.82,2.22,1.26,4,79,2015-10-16,2026-08-10,10.8,,swing_scanner_nifty500_history.xlsx,Latest_Scan,2026-08-11 13:06:49.120250940,38.6,14.629629629629628,7.314814814814814,3.3914999999999997,0.10748640736093684,0.22012987012987012,7.525800000000001,47.82,True,78.8546255506608,72.4669603524229,75.66079295154185,78.9647577092511,65.17857142857143,75.22026431718062,73.50471994965389,32.158590308370044,62.14128035320088,70.59471365638767,52.26156266106524,97.79735682819384,91.51982378854625,66.62995594713657,76.54185022026432,85.24779735682819,54.29515418502202,62.55506607929515,96.36563876651982,68.56828193832598,18.915198237885463,18.376179987413472,10.45231253221305,17.049559471365637,6.856828193832598,71.65,True,True,True,True,True,True,True,True,True,NONE,,B+,NO_SIGNAL
PNBHOUSING,True,2.01,0.055,4.82,100,59.0,42,42.0,1,1.0,36,36.0,21,21.0,16,5,0,0,0,0,0,0.77,6.91,-8.07,0.86,13.9,76.84,2.16,-55.66,1.23,0.38,4,65,2016-11-07,2026-08-10,9.8,,swing_scanner_nifty500_history.xlsx,Latest_Scan,2026-08-11 13:06:49.120250940,41.0,10.204081632653061,6.632653061224489,0.7681999999999998,0.038807042759611936,0.05539568345323741,0.9471,55.66,True,20.154185022026432,59.691629955947135,39.92290748898678,18.06167400881057,47.767857142857146,17.180616740088105,27.320956576463185,18.28193832599119,44.5916114790287,70.59471365638767,40.568517762153434,42.951541850220266,68.06167400881057,30.837004405286343,66.18942731277532,49.68612334801762,4.295154185022026,75.99118942731278,41.85022026431718,29.90088105726872,9.980726872246695,6.830239144115796,8.113703552430687,9.937224669603523,2.9900881057268722,37.85,True,True,True,True,True,True,False,True,False,LOW_RISK_REWARD,29,F,REJECT
MANAPPURAM,False,1.99,0.069,15.17,127,52.8,47,37.0,4,3.1,43,33.9,33,26.0,17,16,0,0,0,0,0,1.19,8.65,-7.13,1.21,17.3,151.51,7.38,-41.65,1.35,2.48,6,71,2015-10-16,2026-08-10,10.8,,swing_scanner_nifty500_history.xlsx,Latest_Scan,2026-08-11 13:06:49.120250940,47.2,11.759259259259258,6.5740740740740735,1.2018400000000007,0.17719087635054023,0.06878612716763005,1.6065,41.65,True,25.991189427312776,79.95594713656388,52.97356828193833,26.54185022026432,75.22321428571429,21.916299559471366,40.82473253618628,46.69603524229075,74.28256070640177,26.3215859030837,51.25770681992784,77.97356828193833,80.1762114537445,66.62995594713657,30.616740088105725,68.58480176211454,23.45814977973568,41.629955947136565,70.48458149779736,41.20044052863436,13.243392070484582,10.20618313404657,10.251541363985568,13.716960352422909,4.120044052863436,51.54,True,True,True,True,True,True,True,True,True,NONE,,C,NO_SIGNAL
CHOLAFIN,False,1.97,0.109,17.83,121,58.7,33,27.3,3,2.5,38,31.4,47,38.8,35,12,0,0,0,0,0,2.15,7.73,-5.76,1.34,19.7,260.47,11.82,-39.8,1.9,4.47,4,56,2015-10-16,2026-08-10,10.8,,swing_scanner_nifty500_history.xlsx,Latest_Scan,2026-08-11 13:06:49.120250940,41.3,11.203703703703702,5.185185185185185,2.1586300000000014,0.2969849246231156,0.10913705583756345,4.085,39.8,True,42.070484581497794,84.80176211453745,63.436123348017624,50.66079295154186,87.05357142857143,58.370044052863435,64.46507237256137,51.541850220264315,87.19646799116998,70.59471365638767,68.78418229911215,71.80616740088107,44.713656387665196,66.62995594713657,64.42731277533039,62.632158590308364,43.17180616740088,15.52863436123348,61.89427312775331,43.25991189427313,15.859030837004406,16.11626809314034,13.75683645982243,12.526431718061673,4.325991189427313,62.58,True,True,True,True,True,True,True,True,True,NONE,,B,NO_SIGNAL
OFSS,False,1.89,0.156,29.01,96,57.3,33,34.4,6,6.2,33,34.4,24,25.0,17,7,0,0,0,0,0,2.93,8.58,-4.65,1.85,18.8,280.84,7.07,-26.47,2.47,3.94,4,53,2015-10-16,2026-08-10,10.8,,swing_scanner_nifty500_history.xlsx,Latest_Scan,2026-08-11 13:06:49.120250940,42.7,8.888888888888888,4.907407407407407,2.9307899999999996,0.26709482432942955,0.15585106382978722,7.237100000000001,26.47,True,63.76651982378855,93.3920704845815,78.57929515418502,71.91629955947137,74.33035714285714,83.14977973568281,75.83417243549403,84.80176211453745,84.76821192052981,70.59471365638767,81.23825743209733,38.43612334801762,37.99559471365639,66.62995594713657,55.2863436123348,47.901982378854626,94.49339207048459,24.33920704845815,23.348017621145374,59.118942731277535,19.644823788546255,18.958543108873506,16.247651486419468,9.580396475770925,5.9118942731277535,70.34,True,True,True,True,True,True,True,True,True,NONE,,B+,NO_SIGNAL
BALKRISIND,False,1.86,0.189,16.19,133,66.9,52,39.1,8,6.0,38,28.6,35,26.3,29,6,0,0,0,0,0,3.36,7.76,-5.54,1.4,17.7,446.54,9.64,-36.06,2.83,4.17,4,71,2015-10-16,2026-08-10,10.8,,swing_scanner_nifty500_history.xlsx,Latest_Scan,2026-08-11 13:06:49.120250940,33.099999999999994,12.314814814814815,6.5740740740740735,3.3577000000000004,0.2673322240709928,0.18983050847457628,9.508799999999999,36.06,True,71.25550660792952,81.71806167400881,76.48678414096916,78.41409691629956,80.13392857142857,91.18942731277532,82.54153555695405,61.45374449339207,85.8719646799117,70.59471365638767,72.28536384942284,84.80176211453745,80.1762114537445,66.62995594713657,93.83259911894272,80.45704845814979,54.29515418502202,35.13215859030837,79.29515418502203,57.96255506607929,19.12169603524229,20.63538388923851,14.457072769884569,16.09140969162996,5.796255506607929,76.1,True,True,True,True,True,True,True,True,True,NONE,,B+,NO_SIGNAL
TARIL,False,1.85,0.401,-8.23,131,58.8,74,56.5,0,0.0,51,38.9,6,4.6,3,3,0,0,0,0,0,3.63,12.71,-9.3,1.37,9.1,476.13,7.26,-46.82,1.95,2.14,4,87,2015-10-16,2026-08-10,10.8,,swing_scanner_nifty500_history.xlsx,Latest_Scan,2026-08-11 13:06:49.120250940,41.2,12.129629629629628,8.055555555555555,3.6418799999999996,0.15506193934216148,0.3989010989010989,7.0785,46.82,True,96.91629955947137,22.026431718061673,59.47136563876652,82.81938325991189,75.0,62.00440528634361,74.48898678414098,33.92070484581498,71.96467991169978,70.59471365638767,56.404598321517824,82.48898678414098,98.34801762114537,66.62995594713657,65.08810572687224,79.87885462555066,49.118942731277535,98.23788546255507,76.76211453744493,67.23568281938327,14.86784140969163,18.622246696035244,11.280919664303566,15.975770925110133,6.723568281938327,67.47,True,True,True,True,True,True,True,True,True,NONE,,B,NO_SIGNAL
GRASIM,True,1.83,0.129,10.97,111,55.9,34,30.6,0,0.0,35,31.5,42,37.8,28,14,0,0,0,0,0,2.45,8.12,-4.72,1.72,19.1,272.19,4.19,-31.15,2.18,1.63,5,56,2015-10-16,2026-08-10,10.8,,swing_scanner_nifty500_history.xlsx,Latest_Scan,2026-08-11 13:06:49.120250940,44.1,10.277777777777777,5.185185185185185,2.457559999999999,0.1345104333868379,0.12827225130890052,5.341000000000001,31.15,True,51.10132158590308,72.24669603524228,61.67400881057268,59.36123348017621,60.37946428571429,72.90748898678414,63.48001887979862,74.00881057268722,67.21854304635761,46.91629955947136,64.8590891851679,56.497797356828194,44.713656387665196,66.62995594713657,46.69603524229075,54.614537444933916,90.63876651982379,21.58590308370044,43.83259911894273,62.786343612334804,15.41850220264317,15.870004719949655,12.971817837033582,10.922907488986784,6.278634361233481,61.46,True,True,True,True,True,True,True,True,True,NONE,9,B,WATCH
STARHEALTH,True,1.83,0.116,9.17,36,58.3,18,50.0,0,0.0,13,36.1,5,13.9,3,2,0,0,0,0,0,1.63,7.38,-6.42,1.15,14.1,58.55,2.14,-24.11,1.61,0.4,5,26,2021-12-10,2026-08-10,4.7,limited history: 4.7y (<10y) - lower confidence,swing_scanner_nifty500_history.xlsx,Latest_Scan,2026-08-11 13:06:49.120250940,41.7,7.659574468085106,5.531914893617021,1.6253999999999995,0.08875985068436335,0.11560283687943262,2.6243,24.11,True,45.70484581497797,68.06167400881057,56.88325991189427,37.55506607929515,47.544642857142854,37.55506607929515,40.75173064820642,87.88546255506607,45.47461368653421,46.91629955947136,62.79937470218125,11.563876651982378,13.54625550660793,14.096916299559473,62.33480176211453,20.308370044052865,17.290748898678416,74.33920704845815,10.572687224669604,26.685022026431717,14.220814977973568,10.187932662051605,12.55987494043625,4.061674008810573,2.6685022026431717,43.7,False,False,True,True,True,True,True,True,False,LOW_TRADE_COUNT|LIMITED_HISTORY,25,D,REJECT
MOTILALOFS,False,1.82,0.157,0.36,111,55.0,51,45.9,2,1.8,40,36.0,18,16.2,8,10,0,0,0,0,0,2.31,10.64,-7.87,1.35,14.7,255.95,8.23,-41.12,1.65,3.04,4,67,2015-10-16,2026-08-10,10.8,,swing_scanner_nifty500_history.xlsx,Latest_Scan,2026-08-11 13:06:49.120250940,45.0,10.277777777777777,6.203703703703703,2.3105000000000016,0.20014591439688717,0.15714285714285717,3.8114999999999997,41.12,True,64.53744493392071,49.33920704845815,56.93832599118943,55.61674008810573,77.12053571428571,40.08810572687225,58.14993706733796,48.6784140969163,77.92494481236203,70.59471365638767,64.39377473719014,56.497797356828194,72.24669603524228,66.62995594713657,41.18942731277533,60.671806167400874,44.49339207048458,69.60352422907489,43.83259911894273,49.31718061674009,14.234581497797357,14.53748426683449,12.87875494743803,12.134361233480176,4.931718061674009,58.72,True,True,True,True,True,True,True,True,True,NONE,,C,NO_SIGNAL
HDBFS,False,1.81,0.895,-3.7,4,50.0,2,50.0,0,0.0,2,50.0,0,0.0,0,0,0,0,0,0,0,2.46,8.48,-3.56,2.38,2.8,9.85,,-3.67,2.38,2.54,2,4,2025-07-02,2026-08-10,1.1,limited history: 1.1y (<10y) - lower confidence,swing_scanner_nifty500_history.xlsx,Latest_Scan,2026-08-11 13:06:49.120250940,50.0,3.6363636363636362,3.6363636363636362,2.46,,0.8785714285714287,5.8548,3.67,True,99.77973568281938,34.801762114537446,67.29074889867842,59.691629955947135,50.0,81.71806167400881,62.75770925110133,99.33920704845815,74.61368653421634,97.02643171806167,90.10708103587439,0.4405286343612335,1.2114537444933922,0.881057268722467,20.044052863436125,3.683920704845815,99.44933920704845,99.77973568281938,0.7709251101321586,69.91189427312776,16.822687224669604,15.689427312775333,18.021416207174877,0.7367841409691631,6.991189427312776,58.26,False,False,True,False,True,True,True,True,False,LOW_TRADE_COUNT|LIMITED_HISTORY,,C,NO_SIGNAL
SOLARINDS,False,1.8,0.15,16.67,95,55.8,39,41.1,2,2.1,29,30.5,25,26.3,12,13,0,0,0,0,0,2.71,9.25,-5.54,1.67,18.0,257.82,7.65,-31.46,2.11,3.49,3,53,2015-10-16,2026-08-10,10.8,,swing_scanner_nifty500_history.xlsx,Latest_Scan,2026-08-11 13:06:49.120250940,44.2,8.796296296296296,4.907407407407407,2.712819999999999,0.2431659249841068,0.15055555555555555,5.7181,31.46,True,61.45374449339207,83.25991189427313,72.3568281938326,66.74008810572687,76.33928571428571,69.8237885462555,70.67526746381373,73.34801762114537,80.3532008830022,88.54625550660793,79.59939123416089,37.33480176211454,37.99559471365639,66.62995594713657,45.81497797356828,46.09581497797357,88.10572687224669,32.268722466960355,22.46696035242291,57.246696035242294,18.08920704845815,17.66881686595343,15.919878246832178,9.219162995594713,5.72466960352423,66.62,True,True,True,True,True,True,True,True,True,NONE,,B,NO_SIGNAL
CONCORDBIO,True,1.8,0.276,22.06,23,60.9,13,56.5,0,0.0,8,34.8,2,8.7,1,1,0,0,0,0,0,2.65,9.84,-8.55,1.15,9.6,60.89,0.45,-27.15,1.79,0.04,4,19,2023-08-18,2026-08-10,3.0,limited history: 3.0y (<10y) - lower confidence,swing_scanner_nifty500_history.xlsx,Latest_Scan,2026-08-11 13:06:49.120250940,39.1,7.666666666666667,6.333333333333333,2.64951,0.01657458563535912,0.2760416666666667,4.7435,27.15,True,88.10572687224669,90.08810572687224,89.09691629955947,64.75770925110133,37.276785714285715,49.33920704845815,51.646633102580246,82.81938325991189,36.20309050772627,70.59471365638767,63.44751339576587,7.819383259911894,9.691629955947137,8.700440528634362,74.55947136563876,18.518722466960348,17.290748898678416,97.3568281938326,10.79295154185022,31.354625550660796,22.274229074889867,12.911658275645062,12.689502679153174,3.70374449339207,3.1354625550660797,54.71,False,False,True,True,True,True,True,True,False,LOW_TRADE_COUNT|LIMITED_HISTORY,23,C,REJECT
POLICYBZR,False,1.79,0.196,-4.54,59,62.7,31,52.5,0,0.0,16,27.1,12,20.3,6,6,0,0,0,0,0,3.45,9.49,-6.71,1.41,17.6,203.68,14.44,-24.67,2.38,3.12,4,29,2021-11-15,2026-08-10,4.7,limited history: 4.7y (<10y) - lower confidence,swing_scanner_nifty500_history.xlsx,Latest_Scan,2026-08-11 13:06:49.120250940,37.3,12.553191489361701,6.170212765957446,3.4474000000000005,0.5853263072557762,0.19602272727272727,8.211,24.67,True,73.23788546255507,30.837004405286343,52.03744493392071,80.1762114537445,90.625,81.71806167400881,83.95154185022027,87.22466960352423,78.58719646799118,70.59471365638767,80.04406501930353,18.3920704845815,15.859030837004406,14.096916299559473,83.48017621145375,26.448237885462557,56.38766519823789,36.784140969163,82.92951541850219,60.429515418502206,13.009361233480178,20.987885462555067,16.008813003860705,5.289647577092512,6.042951541850221,61.34,True,False,True,True,True,True,True,True,False,LIMITED_HISTORY,,B,NO_SIGNAL
HUDCO,False,1.78,0.416,-12.63,107,66.4,66,61.7,3,2.8,35,32.7,3,2.8,2,1,0,0,0,0,0,5.36,11.85,-7.43,1.59,12.9,573.74,13.26,-48.29,3.15,3.62,5,68,2017-05-19,2026-08-10,9.2,limited history: 9.2y (<10y) - lower confidence,swing_scanner_nifty500_history.xlsx,Latest_Scan,2026-08-11 13:06:49.120250940,33.599999999999994,11.630434782608697,7.391304347826088,5.371920000000001,0.2745910126320149,0.41550387596899224,16.884,48.29,True,97.3568281938326,13.766519823788546,55.56167400881057,97.3568281938326,89.50892857142857,95.48458149779736,94.32127123977344,31.497797356828194,82.45033112582782,46.91629955947136,53.18580972663885,50.330396475770925,74.55947136563876,29.735682819383257,92.40088105726872,57.549559471365626,82.15859030837004,84.47136563876651,68.5022026431718,78.52422907488986,13.890418502202643,23.58031780994336,10.63716194532777,11.509911894273126,7.852422907488986,67.47,True,True,True,True,True,True,True,True,True,NONE,,B,NO_SIGNAL
HFCL,False,1.76,0.218,34.62,118,52.5,58,49.2,1,0.8,48,40.7,11,9.3,3,8,0,0,0,0,0,2.57,12.31,-8.21,1.5,11.8,303.83,1.36,-63.22,1.66,0.24,6,79,2015-10-16,2026-08-10,10.8,,swing_scanner_nifty500_history.xlsx,Latest_Scan,2026-08-11 13:06:49.120250940,47.5,10.925925925925926,7.314814814814814,2.5630000000000006,0.02151217968997153,0.2177966101694915,4.2661999999999995,63.22,True,78.19383259911893,96.0352422907489,87.11453744493392,62.44493392070485,42.745535714285715,40.52863436123348,50.004562617998744,8.370044052863436,41.280353200883,26.3215859030837,24.37653771722535,68.06167400881057,91.51982378854625,66.62995594713657,28.744493392070485,67.67070484581497,73.568281938326,92.07048458149781,56.82819383259912,72.2466960352423,21.77863436123348,12.501140654499686,4.875307543445071,13.534140969162994,7.22466960352423,59.91,True,True,True,True,True,True,True,True,True,NONE,,C,NO_SIGNAL
BHEL,False,1.7,0.237,-2.55,138,60.9,68,49.3,4,2.9,48,34.8,18,13.0,12,6,0,0,0,0,0,3.19,9.84,-7.15,1.38,13.4,440.37,7.22,-62.95,2.14,1.72,6,81,2015-10-16,2026-08-10,10.8,,swing_scanner_nifty500_history.xlsx,Latest_Scan,2026-08-11 13:06:49.120250940,39.1,12.777777777777777,7.499999999999999,3.19691,0.11469420174741858,0.2380597014925373,6.8266,62.95,True,82.37885462555066,39.4273127753304,60.90308370044053,75.33039647577093,74.77678571428571,71.1453744493392,73.98143486469478,9.030837004405285,68.43267108167771,26.3215859030837,34.144166156120235,90.41850220264317,93.17180616740089,66.62995594713657,74.55947136563876,82.78083700440529,51.2114537444934,79.73568281938326,86.56387665198237,67.52202643171806,15.225770925110133,18.495358716173694,6.828833231224047,16.55616740088106,6.752202643171806,63.86,True,True,True,True,True,True,True,True,True,NONE,,B,NO_SIGNAL
MAZDOCK,False,1.65,0.598,-1.91,95,67.4,59,62.1,2,2.1,29,30.5,5,5.3,3,2,0,0,0,0,0,10.37,19.65,-8.78,2.24,17.4,985.61,14.62,-44.25,4.62,2.33,6,40,2020-10-12,2026-08-10,5.8,limited history: 5.8y (<10y) - lower confidence,swing_scanner_nifty500_history.xlsx,Latest_Scan,2026-08-11 13:06:49.120250940,32.599999999999994,16.379310344827587,6.8965517241379315,10.381820000000001,0.3303954802259887,0.5959770114942529,47.9094,44.25,True,99.33920704845815,40.969162995594715,70.15418502202644,100.0,90.84821428571429,99.11894273127754,96.82473253618629,40.52863436123348,73.28918322295806,26.3215859030837,48.44306434829964,37.33480176211454,21.696035242290748,19.7136563876652,94.8237885462555,37.6431718061674,98.45814977973568,39.75770925110132,99.33920704845815,86.98237885462555,17.53854625550661,24.206183134046572,9.688612869659929,7.528634361233481,8.698237885462555,67.66,True,True,True,True,True,True,True,True,True,NONE,,B,NO_SIGNAL
GMDCLTD,False,1.62,0.309,-13.2,143,60.8,74,51.7,3,2.1,51,35.7,15,10.5,10,5,0,0,0,0,0,4.62,12.54,-7.68,1.63,14.9,660.89,16.79,-42.51,2.54,9.12,5,80,2015-10-16,2026-08-10,10.8,,swing_scanner_nifty500_history.xlsx,Latest_Scan,2026-08-11 13:06:49.120250940,39.2,13.24074074074074,7.4074074074074066,4.613759999999999,0.3949658903787344,0.3100671140939597,11.7348,42.51,True,90.96916299559471,12.995594713656388,51.98237885462555,92.95154185022027,94.53125,84.80176211453745,91.17511013215861,44.93392070484582,95.14348785871964,46.91629955947136,63.00286392235804,92.62114537444934,92.62114537444934,66.62995594713657,74.00881057268722,83.33149779735683,85.57268722466961,68.17180616740089,89.97797356828194,83.41409691629957,12.995594713656388,22.793777533039652,12.600572784471609,16.666299559471366,8.341409691629957,73.4,True,True,True,True,True,True,True,True,True,NONE,,B+,NO_SIGNAL
PNB,False,1.62,0.111,9.5,135,57.0,52,38.5,4,3.0,47,34.8,32,23.7,21,11,0,0,0,0,0,1.65,8.12,-6.94,1.17,14.9,222.91,4.01,-35.29,1.55,1.45,5,73,2015-10-16,2026-08-10,10.8,,swing_scanner_nifty500_history.xlsx,Latest_Scan,2026-08-11 13:06:49.120250940,43.0,12.5,6.759259259259259,1.6441999999999988,0.11362992349107395,0.11073825503355704,2.5575,35.29,True,42.731277533039645,68.94273127753304,55.83700440528634,38.43612334801762,59.59821428571429,34.140969162995596,44.00534927627439,62.77533039647577,64.45916114790286,46.91629955947136,59.399913450224155,87.44493392070484,83.03964757709251,66.62995594713657,53.74449339207048,76.08480176211454,20.154185022026432,68.17180616740089,82.37885462555066,48.42511013215859,13.959251101321586,11.001337319068597,11.879982690044832,15.216960352422909,4.8425110132158595,56.9,True,True,True,True,True,True,True,True,True,NONE,,C,NO_SIGNAL
SBIN,False,1.62,0.099,8.23,110,58.2,28,25.5,6,5.5,33,30.0,43,39.1,31,12,0,0,0,0,0,1.93,6.91,-5.0,1.38,19.5,212.11,6.93,-49.87,1.92,1.94,9,55,2015-10-16,2026-08-10,10.8,,swing_scanner_nifty500_history.xlsx,Latest_Scan,2026-08-11 13:06:49.120250940,41.8,10.185185185185185,5.092592592592593,1.9316200000000006,0.1389612993783838,0.09897435897435897,3.7055999999999996,49.87,True,37.88546255506608,66.29955947136564,52.092511013215855,44.60352422907489,73.21428571428571,60.68281938325991,58.26117054751416,28.30396475770925,70.41942604856513,3.303964757709251,36.79437620950881,54.074889867841414,42.070484581497794,66.62995594713657,61.563876651982376,55.33590308370044,51.2114537444934,17.290748898678416,40.969162995594715,41.3546255506608,13.023127753303964,14.56529263687854,7.358875241901763,11.067180616740089,4.13546255506608,50.15,True,True,True,True,True,True,True,True,True,NONE,,C,NO_SIGNAL
MRF,False,1.6,0.087,1.86,119,53.8,32,26.9,4,3.4,36,30.3,47,39.5,28,19,0,0,0,0,0,1.74,6.54,-3.86,1.69,20.0,206.68,9.88,-16.07,1.97,9.97,5,57,2015-10-16,2026-08-10,10.8,,swing_scanner_nifty500_history.xlsx,Latest_Scan,2026-08-11 13:06:49.120250940,46.2,11.018518518518517,5.277777777777778,1.7351999999999994,0.6148102053515868,0.087,3.4278,16.07,True,34.2511013215859,52.20264317180616,43.22687224669603,40.52863436123348,81.25,63.21585903083701,59.91189427312776,95.37444933920705,96.24724061810154,46.91629955947136,83.5653888418862,69.16299559471366,47.3568281938326,66.62995594713657,35.68281938325991,58.056167400881066,89.20704845814979,12.77533039647577,58.370044052863435,64.66960352422907,10.806718061674008,14.97797356828194,16.713077768377243,11.611233480176214,6.466960352422908,60.58,True,True,True,True,True,True,True,True,True,NONE,,B,NO_SIGNAL
KPITTECH,False,1.59,0.222,-15.8,93,60.2,46,49.5,5,5.4,32,34.4,10,10.8,5,5,0,0,0,0,0,3.13,9.76,-6.92,1.41,14.1,290.64,20.63,-36.38,2.13,7.56,3,55,2019-04-22,2026-08-10,7.3,limited history: 7.3y (<10y) - lower confidence,swing_scanner_nifty500_history.xlsx,Latest_Scan,2026-08-11 13:06:49.120250940,39.8,12.73972602739726,7.534246575342466,3.1213599999999997,0.5670698185816382,0.22198581560283687,6.666899999999999,36.38,True,79.07488986784142,6.167400881057269,42.62114537444934,74.22907488986785,97.54464285714286,70.70484581497797,80.70327249842668,59.91189427312775,92.49448123620309,88.54625550660793,78.47439001857416,34.2511013215859,42.070484581497794,22.687224669603523,72.79735682819384,39.09691629955947,56.38766519823789,74.33920704845815,85.90308370044053,68.83259911894274,10.655286343612335,20.17581812460667,15.694878003714832,7.819383259911894,6.8832599118942746,61.23,True,True,True,True,True,True,True,True,True,NONE,,B,NO_SIGNAL
SARDAEN,False,1.58,0.296,-16.49,145,58.6,79,54.5,2,1.4,51,35.2,13,9.0,5,8,0,0,0,0,0,3.84,11.96,-7.67,1.56,13.0,556.98,15.76,-46.12,2.21,6.83,5,82,2015-10-16,2026-08-10,10.8,,swing_scanner_nifty500_history.xlsx,Latest_Scan,2026-08-11 13:06:49.120250940,41.4,13.425925925925926,7.592592592592592,3.83318,0.34171725932350394,0.29538461538461536,8.4864,46.12,True,90.30837004405286,5.286343612334802,47.797356828193834,86.67400881057269,93.08035714285714,74.8898678414097,85.42448080553807,34.91189427312775,90.72847682119205,46.91629955947136,57.44879948653615,93.28193832599119,93.83259911894272,66.62995594713657,63.76651982378855,82.32929515418502,80.2863436123348,83.59030837004406,90.63876651982379,84.05286343612335,11.949339207048459,21.356120201384517,11.48975989730723,16.465859030837006,8.405286343612335,69.67,True,True,True,True,True,True,True,True,True,NONE,,B,NO_SIGNAL
RRKABEL,False,1.57,0.399,37.05,26,69.2,14,53.8,2,7.7,7,26.9,3,11.5,2,1,0,0,0,0,0,5.61,10.43,-5.25,1.99,14.0,145.78,12.1,-21.17,4.47,1.47,4,14,2023-09-20,2026-08-10,2.9,limited history: 2.9y (<10y) - lower confidence,swing_scanner_nifty500_history.xlsx,Latest_Scan,2026-08-11 13:06:49.120250940,30.799999999999997,8.965517241379311,4.827586206896552,5.600560000000001,0.5715635333018422,0.40071428571428575,25.0767,21.17,True,96.69603524229075,97.02643171806167,96.86123348017621,98.45814977973568,87.5,98.89867841409692,95.0748898678414,90.7488986784141,65.12141280353201,70.59471365638767,76.74073236669877,8.700440528634362,7.3788546255506615,7.929515418502203,97.02643171806167,21.426211453744493,96.47577092511013,75.22026431718062,24.008810572687224,70.48458149779736,24.215308370044053,23.76872246696035,15.348146473339753,4.285242290748899,7.048458149779737,74.67,False,False,True,True,True,True,True,True,False,LOW_TRADE_COUNT|LIMITED_HISTORY,,B+,NO_SIGNAL
TVSMOTOR,False,1.55,0.174,22.47,137,72.3,39,28.5,11,8.0,33,24.1,54,39.4,49,5,0,0,0,0,0,3.59,7.27,-6.01,1.21,20.6,491.62,10.63,-39.52,3.15,4.36,4,62,2015-10-16,2026-08-10,10.8,,swing_scanner_nifty500_history.xlsx,Latest_Scan,2026-08-11 13:06:49.120250940,27.700000000000003,12.685185185185185,5.7407407407407405,3.5914399999999995,0.2689777327935223,0.17427184466019416,11.308499999999999,39.52,True,69.27312775330397,90.7488986784141,80.01101321585904,82.26872246696036,83.70535714285714,95.48458149779736,86.4288860918817,52.863436123348016,86.75496688741721,70.59471365638767,69.15829127403215,89.31718061674009,60.57268722466961,66.62995594713657,98.45814977973568,77.83039647577093,23.45814977973568,8.700440528634362,84.91189427312776,38.94273127753304,20.00275330396476,21.607221522970423,13.831658254806431,15.566079295154186,3.8942731277533045,74.9,True,True,True,True,True,True,True,True,True,NONE,,B+,NO_SIGNAL
TATAINVEST,False,1.5,0.253,-0.58,112,65.2,49,43.8,3,2.7,31,27.7,29,25.9,21,8,0,0,0,0,0,4.46,10.32,-6.5,1.59,17.6,499.95,7.18,-34.29,2.97,3.08,5,60,2015-10-16,2026-08-10,10.8,,swing_scanner_nifty500_history.xlsx,Latest_Scan,2026-08-11 13:06:49.120250940,34.8,10.37037037037037,5.555555555555555,4.46664,0.20939049285505978,0.25340909090909086,13.2462,34.29,True,85.02202643171806,45.81497797356828,65.41850220264317,92.18061674008811,74.55357142857143,93.28193832599119,86.84833228445564,66.07929515418502,78.36644591611478,46.91629955947136,65.58904902218202,59.03083700440529,55.17621145374449,66.62995594713657,90.7488986784141,64.72466960352423,82.15859030837004,36.784140969163,46.36563876651982,62.34581497797356,16.354625550660792,21.71208307111391,13.117809804436405,12.944933920704848,6.234581497797357,70.36,True,True,True,True,True,True,True,True,True,NONE,,B+,NO_SIGNAL
KFINTECH,False,1.5,0.213,5.61,41,61.0,23,56.1,1,2.4,15,36.6,2,4.9,1,1,0,0,0,0,0,3.07,9.25,-6.58,1.41,14.4,125.96,9.7,-25.04,2.2,1.45,3,21,2022-12-29,2026-08-10,3.6,limited history: 3.6y (<10y) - lower confidence,swing_scanner_nifty500_history.xlsx,Latest_Scan,2026-08-11 13:06:49.120250940,39.0,11.38888888888889,5.833333333333333,3.0763,0.38738019169329074,0.21319444444444444,6.7540000000000004,25.04,True,77.09251101321586,60.792951541850215,68.94273127753303,73.23788546255507,80.58035714285714,74.22907488986785,75.86500943989931,86.78414096916299,64.45916114790286,88.54625550660793,79.41092666608318,12.665198237885464,10.682819383259911,10.13215859030837,75.33039647577093,20.93612334801762,56.38766519823789,72.13656387665198,66.07929515418502,62.44493392070484,17.235682819383257,18.966252359974828,15.882185333216638,4.187224669603524,6.244493392070485,62.52,False,False,True,True,True,True,True,True,False,LOW_TRADE_COUNT|LIMITED_HISTORY,,B,NO_SIGNAL
UNOMINDA,False,1.49,0.215,10.38,135,59.3,62,45.9,1,0.7,38,28.1,34,25.2,18,16,0,0,0,0,0,3.57,10.45,-6.44,1.62,16.6,482.05,9.98,-51.3,2.36,3.33,8,71,2015-10-16,2026-08-10,10.8,,swing_scanner_nifty500_history.xlsx,Latest_Scan,2026-08-11 13:06:49.120250940,40.7,12.5,6.5740740740740735,3.575769999999999,0.19454191033138404,0.2150602409638554,8.425199999999998,51.3,True,77.31277533039648,70.26431718061674,73.78854625550662,81.93832599118943,81.47321428571429,80.39647577092511,81.35777218376339,25.770925110132158,79.91169977924945,7.709251101321586,40.20477774212057,87.44493392070484,80.1762114537445,66.62995594713657,68.06167400881057,77.51651982378854,84.69162995594714,47.907488986784145,82.37885462555066,76.64096916299559,18.447136563876654,20.339443045940847,8.040955548424114,15.503303964757709,7.66409691629956,69.99,True,True,True,True,True,True,True,True,True,NONE,,B,NO_SIGNAL
JKTYRE,False,1.49,0.25,-2.02,131,63.4,70,53.4,6,4.6,39,29.8,16,12.2,7,9,0,0,0,0,0,4.01,10.59,-7.39,1.43,16.0,524.67,6.94,-41.52,2.48,2.32,4,70,2015-10-16,2026-08-10,10.8,,swing_scanner_nifty500_history.xlsx,Latest_Scan,2026-08-11 13:06:49.120250940,36.6,12.129629629629628,6.481481481481481,4.009320000000001,0.16714836223506743,0.250625,9.944799999999999,41.52,True,84.36123348017621,40.308370044052865,62.33480176211454,87.66519823788546,73.4375,83.48017621145375,81.94052863436124,46.91629955947136,72.95805739514348,70.59471365638767,61.95051832618569,82.48898678414098,78.19383259911893,66.62995594713657,86.34361233480176,78.02863436123349,61.67400881057269,56.167400881057276,76.76211453744493,65.09911894273128,15.583700440528634,20.48513215859031,12.390103665237138,15.605726872246699,6.509911894273128,70.57,True,True,True,True,True,True,True,True,True,NONE,,B+,NO_SIGNAL
TIINDIA,False,1.48,0.171,-8.39,95,54.7,43,45.3,4,4.2,30,31.6,18,18.9,6,12,0,0,0,0,0,2.71,9.91,-5.99,1.65,15.9,257.66,12.17,-24.05,2.0,6.5,3,54,2017-11-02,2026-08-10,8.8,limited history: 8.8y (<10y) - lower confidence,swing_scanner_nifty500_history.xlsx,Latest_Scan,2026-08-11 13:06:49.120250940,45.3,10.795454545454545,6.136363636363636,2.7073,0.506029106029106,0.17044025157232703,5.42,24.05,True,68.5022026431718,21.80616740088106,45.154185022026425,66.74008810572687,87.72321428571429,64.20704845814979,72.74543738200126,88.10572687224669,90.50772626931567,88.54625550660793,89.05655881981113,37.33480176211454,40.308370044052865,27.422907488986787,39.75770925110132,35.963656387665196,86.89427312775331,57.70925110132159,55.06607929515418,71.50881057268722,11.288546255506606,18.186359345500314,17.811311763962227,7.192731277533039,7.150881057268723,61.63,True,True,True,True,True,True,True,True,True,NONE,,B,NO_SIGNAL
CREDITACC,False,1.48,0.16,10.53,95,57.9,35,36.8,7,7.4,31,32.6,22,23.2,13,9,0,0,0,0,0,2.66,9.4,-6.61,1.42,16.6,252.73,4.96,-54.5,1.96,0.74,8,52,2018-08-23,2026-08-10,8.0,limited history: 8.0y (<10y) - lower confidence,swing_scanner_nifty500_history.xlsx,Latest_Scan,2026-08-11 13:06:49.120250940,42.1,11.875,6.5,2.659789999999999,0.09100917431192661,0.1602409638554217,5.2136000000000005,54.5,True,65.63876651982379,70.70484581497797,68.17180616740089,65.30837004405286,64.0625,62.55506607929515,64.13876651982379,20.704845814977972,52.09713024282561,7.709251101321586,28.443246686310548,37.33480176211454,35.352422907488986,24.559471365638768,59.58149779735683,36.98237885462555,59.25110132158591,47.907488986784145,72.24669603524228,60.88105726872247,17.042951541850222,16.034691629955947,5.68864933726211,7.396475770925111,6.088105726872247,52.25,True,True,True,True,True,True,True,True,True,NONE,,C,NO_SIGNAL
MAHABANK,False,1.46,0.151,-4.02,112,54.5,49,43.8,5,4.5,42,37.5,16,14.3,7,9,0,0,0,0,0,2.26,10.2,-7.24,1.41,15.0,252.74,6.27,-49.47,1.68,1.79,4,71,2015-10-16,2026-08-10,10.8,,swing_scanner_nifty500_history.xlsx,Latest_Scan,2026-08-11 13:06:49.120250940,45.5,10.37037037037037,6.5740740740740735,2.2648,0.12674348089751364,0.15066666666666664,3.7967999999999993,49.47,True,61.78414096916299,33.259911894273124,47.52202643171806,54.18502202643172,70.98214285714286,40.969162995594715,55.85966016362492,28.854625550660796,69.09492273730685,70.59471365638767,53.37375159241863,59.03083700440529,80.1762114537445,66.62995594713657,38.65638766519824,63.16079295154185,56.38766519823789,67.07048458149781,46.36563876651982,55.51762114537445,11.880506607929515,13.96491504090623,10.674750318483726,12.632158590308372,5.551762114537445,54.7,True,True,True,True,True,True,True,True,True,NONE,,C,NO_SIGNAL
MAXHEALTH,False,1.45,0.21,0.21,79,62.0,37,46.8,1,1.3,21,26.6,20,25.3,11,9,0,0,0,0,0,3.7,9.47,-5.73,1.65,17.7,292.35,12.24,-30.39,2.7,2.64,3,32,2020-08-21,2026-08-10,6.0,limited history: 6.0y (<10y) - lower confidence,swing_scanner_nifty500_history.xlsx,Latest_Scan,2026-08-11 13:06:49.120250940,38.0,13.166666666666666,5.333333333333333,3.6940000000000004,0.4027640671273445,0.2090395480225989,9.990000000000002,30.39,True,76.3215859030837,48.23788546255506,62.27973568281938,84.36123348017621,88.16964285714286,87.99559471365639,86.59754562618,75.77092511013215,75.05518763796908,88.54625550660793,78.71424959399403,23.017621145374452,17.951541850220266,20.26431718061674,79.07488986784142,29.47136563876652,86.89427312775331,35.13215859030837,89.64757709251101,77.36784140969164,15.569933920704845,21.649386406545,15.742849918798806,5.894273127753305,7.736784140969164,66.59,True,True,True,True,True,True,True,True,True,NONE,,B,NO_SIGNAL
VTL,False,1.42,0.135,-4.42,98,58.2,39,39.8,3,3.1,34,34.7,22,22.4,15,7,0,0,0,0,0,2.21,8.03,-5.88,1.37,16.3,216.7,6.85,-27.52,1.9,3.6,4,56,2015-10-16,2026-08-10,10.8,,swing_scanner_nifty500_history.xlsx,Latest_Scan,2026-08-11 13:06:49.120250940,41.8,9.074074074074073,5.185185185185185,2.215620000000001,0.24890988372093023,0.13558282208588956,4.199,27.52,True,53.964757709251096,31.277533039647576,42.621145374449334,53.08370044052864,72.54464285714286,58.370044052863435,60.791378225298935,81.93832599118943,82.11920529801324,70.59471365638767,79.16573066487733,40.41850220264317,44.713656387665196,66.62995594713657,61.563876651982376,51.21696035242291,49.118942731277535,52.6431718061674,25.770925110132158,42.819383259911895,10.655286343612334,15.197844556324734,15.833146132975466,10.243392070484582,4.28193832599119,56.21,True,True,True,True,True,True,True,True,True,NONE,,C,NO_SIGNAL
RAINBOW,False,1.39,0.129,14.08,47,61.7,11,23.4,0,0.0,10,21.3,26,55.3,18,8,0,0,0,0,0,2.57,7.4,-5.21,1.42,20.0,120.83,10.56,-15.43,2.29,2.75,3,21,2022-05-10,2026-08-10,4.3,limited history: 4.3y (<10y) - lower confidence,swing_scanner_nifty500_history.xlsx,Latest_Scan,2026-08-11 13:06:49.120250940,38.3,10.930232558139535,4.883720930232558,2.5703700000000005,0.6843810758263125,0.1285,5.8853,15.43,True,51.10132158590308,77.75330396475772,64.42731277533039,62.44493392070485,83.03571428571429,77.97356828193833,73.38200125865325,96.0352422907489,76.0485651214128,88.54625550660793,87.16765858544602,14.317180616740089,10.682819383259911,12.22466960352423,77.75330396475772,22.400881057268727,59.25110132158591,12.77533039647577,57.48898678414097,49.42731277533039,16.106828193832598,18.34550031466331,17.433531717089206,4.480176211453745,4.942731277533039,61.31,False,False,True,True,True,True,True,True,False,LOW_TRADE_COUNT|LIMITED_HISTORY,,B,NO_SIGNAL
NAM-INDIA,False,1.37,0.122,7.85,101,52.5,31,30.7,9,8.9,39,38.6,22,21.8,14,8,0,0,0,0,0,2.15,9.37,-5.82,1.61,17.7,217.63,6.33,-35.14,1.78,1.76,5,53,2017-11-06,2026-08-10,8.8,limited history: 8.8y (<10y) - lower confidence,swing_scanner_nifty500_history.xlsx,Latest_Scan,2026-08-11 13:06:49.120250940,47.5,11.477272727272727,6.0227272727272725,2.15475,0.18013659647125782,0.12146892655367232,3.827,35.14,True,48.12775330396476,65.41850220264317,56.77312775330397,50.66079295154186,71.20535714285714,47.907488986784145,56.46412838263059,63.436123348017624,68.76379690949227,46.91629955947136,61.17085314739718,44.16299559471366,37.99559471365639,27.422907488986787,28.744493392070485,36.12334801762114,83.48017621145375,35.13215859030837,66.74008810572687,68.78854625550662,14.193281938325992,14.116032095657648,12.234170629479436,7.224669603524228,6.878854625550662,54.65,True,True,True,True,True,True,True,True,True,NONE,,C,NO_SIGNAL
GRAPHITE,False,1.37,0.378,-6.61,133,58.6,64,48.1,2,1.5,50,37.6,17,12.8,12,5,0,0,0,0,0,6.13,15.98,-7.84,2.04,16.2,815.23,11.33,-65.84,2.89,3.16,7,72,2015-10-16,2026-08-10,10.8,,swing_scanner_nifty500_history.xlsx,Latest_Scan,2026-08-11 13:06:49.120250940,41.4,12.314814814814815,6.666666666666666,6.118519999999998,0.1720838396111786,0.3783950617283951,17.715700000000002,65.84,True,94.93392070484582,25.770925110132158,60.352422907488986,98.6784140969163,85.9375,92.18061674008811,92.78193832599119,6.828193832599119,78.80794701986756,14.427312775330398,33.92088718382589,84.80176211453745,81.82819383259911,66.62995594713657,63.76651982378855,76.36013215859032,97.02643171806167,53.85462555066079,79.29515418502203,83.07268722466961,15.088105726872246,23.195484581497798,6.784177436765178,15.272026431718064,8.307268722466961,68.65,True,True,True,True,True,True,True,True,True,NONE,,B,NO_SIGNAL
ASTERDM,False,1.36,0.127,13.7,102,63.7,28,27.5,6,5.9,28,27.5,40,39.2,31,9,0,0,0,0,0,2.38,6.68,-5.16,1.29,18.8,243.18,8.52,-27.69,2.27,3.32,4,52,2018-02-26,2026-08-10,8.5,limited history: 8.5y (<10y) - lower confidence,swing_scanner_nifty500_history.xlsx,Latest_Scan,2026-08-11 13:06:49.120250940,36.3,12.0,6.117647058823529,2.38208,0.30769230769230765,0.12659574468085105,5.4026,27.69,True,49.88986784140969,77.5330396475771,63.7114537444934,57.9295154185022,78.34821428571429,77.31277533039648,69.89081183134047,81.71806167400881,79.69094922737307,70.59471365638767,78.22773531328102,45.37444933920705,35.352422907488986,26.21145374449339,87.44493392070484,44.38876651982379,34.91189427312775,24.33920704845815,74.11894273127754,44.55947136563877,15.92786343612335,17.472702957835118,15.645547062656204,8.877753303964758,4.455947136563878,62.38,True,True,True,True,True,True,True,True,True,NONE,,B,NO_SIGNAL
NAUKRI,True,1.36,0.108,34.44,125,57.6,39,31.2,12,9.6,45,36.0,29,23.2,21,8,0,0,0,0,0,1.92,8.05,-6.41,1.26,17.8,239.83,0.48,-45.0,1.71,0.11,6,66,2015-10-16,2026-08-10,10.8,,swing_scanner_nifty500_history.xlsx,Latest_Scan,2026-08-11 13:06:49.120250940,42.4,11.574074074074073,6.111111111111111,1.918960000000001,0.010666666666666666,0.10786516853932583,3.2832,45.0,True,41.409691629955944,95.81497797356829,68.61233480176212,44.16299559471366,37.5,42.841409691629956,41.66079295154185,38.54625550660793,38.079470198675494,26.3215859030837,35.32671324795052,75.99118942731278,70.26431718061674,66.62995594713657,57.819383259911895,69.49339207048457,30.837004405286343,34.030837004405285,67.84140969162996,42.57709251101322,17.15308370044053,10.415198237885463,7.065342649590105,13.898678414096915,4.257709251101322,52.79,True,True,True,True,True,True,True,True,True,NONE,12,C,WEAK_WATCH
PARADEEP,False,1.34,0.154,14.6,44,52.3,22,50.0,0,0.0,18,40.9,4,9.1,1,3,0,0,0,0,0,2.04,10.82,-7.58,1.43,13.3,89.68,5.49,-38.52,1.56,0.52,5,26,2022-05-27,2026-08-10,4.2,limited history: 4.2y (<10y) - lower confidence,swing_scanner_nifty500_history.xlsx,Latest_Scan,2026-08-11 13:06:49.120250940,47.7,10.476190476190476,6.19047619047619,2.0432000000000006,0.1425233644859813,0.15338345864661654,3.1824000000000003,38.52,True,62.77533039647577,78.52422907488987,70.64977973568283,47.136563876651984,66.74107142857143,34.91189427312775,49.98709880427943,55.50660792951542,48.12362030905077,46.91629955947136,50.77498516984178,13.876651982378855,13.54625550660793,11.674008810572687,27.6431718061674,15.308370044052863,61.67400881057269,80.1762114537445,48.6784140969163,61.47577092511014,17.662444933920707,12.496774701069857,10.154997033968357,3.0616740088105727,6.147577092511014,49.52,False,False,True,True,True,True,True,True,False,LOW_TRADE_COUNT|LIMITED_HISTORY,,D,NO_SIGNAL
JINDALSTEL,False,1.33,0.258,-13.64,147,63.9,69,46.9,6,4.1,47,32.0,25,17.0,19,6,0,0,0,0,0,4.14,10.64,-7.39,1.44,16.0,608.74,11.0,-46.72,2.55,4.19,5,75,2015-10-16,2026-08-10,10.8,,swing_scanner_nifty500_history.xlsx,Latest_Scan,2026-08-11 13:06:49.120250940,36.1,13.61111111111111,6.944444444444444,4.131170000000001,0.23544520547945205,0.25875,10.556999999999999,46.72,True,86.12334801762115,11.233480176211454,48.678414096916306,88.54625550660793,84.59821428571429,85.02202643171806,86.29609817495282,34.36123348017621,86.09271523178808,46.91629955947136,55.606018613064144,94.8237885462555,85.79295154185021,66.62995594713657,88.32599118942731,84.54295154185021,63.21585903083701,56.167400881057276,92.18061674008811,70.4955947136564,12.169603524229077,21.574024543738204,11.12120372261283,16.908590308370044,7.04955947136564,68.82,True,True,True,True,True,True,True,True,True,NONE,,B,NO_SIGNAL
FINCABLES,True,1.32,0.109,-5.98,111,55.9,36,32.4,5,4.5,40,36.0,30,27.0,21,9,0,0,0,0,0,1.76,8.44,-6.69,1.26,16.1,195.48,2.26,-44.64,1.6,0.6,6,68,2015-10-16,2026-08-10,10.8,,swing_scanner_nifty500_history.xlsx,Latest_Scan,2026-08-11 13:06:49.120250940,44.1,10.277777777777777,6.296296296296296,1.767669999999998,0.05062724014336917,0.1093167701863354,2.8160000000000003,44.64,True,42.070484581497794,26.651982378854626,34.36123348017621,40.969162995594715,48.214285714285715,36.56387665198238,42.054122089364384,39.4273127753304,50.331125827814574,26.3215859030837,39.96721562563819,56.497797356828194,74.55947136563876,66.62995594713657,46.69603524229075,62.07599118942731,30.837004405286343,54.845814977973575,43.83259911894273,39.5374449339207,8.590308370044053,10.513530522341096,7.993443125127638,12.415198237885463,3.9537444933920707,43.47,True,True,True,True,True,True,True,True,True,NONE,14,D,WEAK_WATCH
BRIGADE,False,1.3,0.108,12.84,111,55.0,41,36.9,4,3.6,43,38.7,23,20.7,16,7,0,0,0,0,0,1.86,9.02,-6.88,1.31,17.1,205.98,5.61,-27.21,1.6,2.83,3,58,2015-10-16,2026-08-10,10.8,,swing_scanner_nifty500_history.xlsx,Latest_Scan,2026-08-11 13:06:49.120250940,45.0,10.277777777777777,5.37037037037037,1.8650000000000007,0.2061742006615215,0.1087719298245614,2.9760000000000004,27.21,True,41.409691629955944,75.55066079295155,58.480176211453745,42.51101321585903,67.41071428571429,36.56387665198238,48.81371932032725,82.48898678414098,76.49006622516556,88.54625550660793,81.90368176911633,56.497797356828194,49.55947136563877,66.62995594713657,41.18942731277533,55.0,37.99559471365639,43.942731277533035,43.83259911894273,40.936123348017624,14.620044052863436,12.203429830081813,16.380736353823266,11.0,4.093612334801763,58.3,True,True,True,True,True,True,True,True,True,NONE,,C,NO_SIGNAL
CARTRADE,False,1.29,0.295,42.11,61,55.7,33,54.1,0,0.0,25,41.0,3,4.9,1,2,0,0,0,0,0,4.17,13.55,-7.64,1.77,14.1,254.39,2.77,-30.21,2.23,0.45,4,37,2021-08-20,2026-08-10,5.0,limited history: 5.0y (<10y) - lower confidence,swing_scanner_nifty500_history.xlsx,Latest_Scan,2026-08-11 13:06:49.120250940,44.3,12.2,7.4,4.162830000000001,0.09169149288315127,0.2957446808510638,9.2991,30.21,True,90.08810572687224,98.6784140969163,94.38325991189427,88.76651982378854,52.23214285714286,75.77092511013215,73.43675267463814,76.431718061674,45.916114790286976,70.59471365638767,64.29200581536696,19.162995594713657,20.154185022026432,15.969162995594713,45.59471365638766,22.577092511013216,92.29074889867842,74.33920704845815,77.6431718061674,84.30616740088105,23.595814977973568,18.359188168659536,12.858401163073394,4.515418502202643,8.430616740088105,67.76,True,True,True,True,True,True,True,True,True,NONE,,B,NO_SIGNAL
SYRMA,True,1.27,0.009,42.26,41,41.5,13,31.7,0,0.0,21,51.2,7,17.1,3,4,0,0,0,0,0,0.14,10.91,-7.5,1.45,15.2,5.61,3.41,-34.61,1.03,0.38,3,27,2022-08-26,2026-08-10,4.0,limited history: 4.0y (<10y) - lower confidence,swing_scanner_nifty500_history.xlsx,Latest_Scan,2026-08-11 13:06:49.120250940,58.5,10.25,6.75,0.14015000000000022,0.09852643744582491,0.009210526315789475,0.14420000000000002,34.61,True,12.114537444933921,98.89867841409692,55.50660792951542,11.784140969162996,58.03571428571429,11.343612334801762,26.461296412838266,65.30837004405286,44.5916114790287,88.54625550660793,63.866975911933174,12.665198237885464,14.427312775330398,11.233480176211454,4.6255506607929515,11.541850220264317,65.19823788546255,64.75770925110133,42.290748898678416,58.23788546255506,13.876651982378855,6.615324103209566,12.773395182386636,2.3083700440528636,5.823788546255507,41.4,False,False,True,True,True,True,True,True,False,LOW_TRADE_COUNT|LIMITED_HISTORY,26,D,REJECT
JSWENERGY,False,1.26,0.196,9.74,109,52.3,45,41.3,4,3.7,44,40.4,16,14.7,8,8,0,0,0,0,0,3.23,12.97,-7.46,1.74,16.5,351.8,3.61,-49.1,1.91,0.92,5,58,2015-10-16,2026-08-10,10.8,,swing_scanner_nifty500_history.xlsx,Latest_Scan,2026-08-11 13:06:49.120250940,47.7,10.092592592592592,5.37037037037037,3.2248900000000003,0.0735234215885947,0.19575757575757577,6.1693,49.1,True,73.23788546255507,69.7136563876652,71.47577092511014,76.10132158590308,58.48214285714286,59.471365638766514,65.80679672750158,29.625550660792953,56.18101545253863,46.91629955947136,43.24265056257354,52.42290748898678,49.55947136563877,66.62995594713657,27.6431718061674,51.54185022026431,91.40969162995594,49.33920704845815,39.4273127753304,67.40088105726872,17.868942731277535,16.451699181875394,8.648530112514708,10.308370044052863,6.740088105726873,60.02,True,True,True,True,True,True,True,True,True,NONE,,B,NO_SIGNAL
CHALET,False,1.26,0.129,8.36,79,57.0,34,43.0,2,2.5,29,36.7,14,17.7,9,5,0,0,0,0,0,2.31,8.65,-6.08,1.42,18.0,182.67,6.78,-47.55,1.88,0.93,8,40,2019-02-07,2026-08-10,7.5,limited history: 7.5y (<10y) - lower confidence,swing_scanner_nifty500_history.xlsx,Latest_Scan,2026-08-11 13:06:49.120250940,43.0,10.533333333333333,5.333333333333333,2.316099999999999,0.14258675078864355,0.12833333333333333,4.3427999999999995,47.55,True,51.10132158590308,66.51982378854625,58.81057268722466,55.61674008810573,72.09821428571429,57.15859030837004,61.322529893014476,32.819383259911895,56.5121412803532,7.709251101321586,34.834315527418774,23.017621145374452,21.696035242290748,23.127753303964756,53.74449339207048,27.323788546255507,59.25110132158591,32.268722466960355,49.118942731277535,50.81497797356829,14.702643171806166,15.330632473253619,6.966863105483755,5.464757709251102,5.081497797356829,47.55,True,True,True,True,True,True,True,True,True,NONE,,D,NO_SIGNAL
ZENSARTECH,False,1.24,0.212,-0.5,116,56.0,59,50.9,1,0.9,41,35.3,15,12.9,5,10,0,0,0,0,0,3.23,10.76,-6.36,1.69,15.2,375.13,5.05,-43.9,2.16,1.54,5,66,2015-10-16,2026-08-10,10.8,,swing_scanner_nifty500_history.xlsx,Latest_Scan,2026-08-11 13:06:49.120250940,44.0,10.74074074074074,6.111111111111111,3.2272000000000007,0.11503416856492027,0.21250000000000002,6.976800000000001,43.9,True,76.87224669603523,46.25550660792951,61.56387665198237,76.10132158590308,64.84375,72.3568281938326,71.45044052863436,41.85022026431718,65.56291390728477,46.91629955947136,51.41618286314438,65.41850220264317,70.26431718061674,66.62995594713657,48.23788546255506,64.35572687224669,89.20704845814979,64.75770925110133,53.964757709251096,73.7444933920705,15.390969162995592,17.86261013215859,10.283236572628876,12.87114537444934,7.37444933920705,63.78,True,True,True,True,True,True,True,True,True,NONE,,B,NO_SIGNAL
BAJFINANCE,False,1.24,0.143,19.59,114,60.5,30,26.3,5,4.4,37,32.5,42,36.8,34,8,0,0,0,0,0,2.84,8.28,-5.5,1.51,19.8,324.02,4.66,-45.21,2.31,1.26,5,58,2015-10-16,2026-08-10,10.8,,swing_scanner_nifty500_history.xlsx,Latest_Scan,2026-08-11 13:06:49.120250940,39.5,10.555555555555555,5.37037037037037,2.836899999999999,0.10307454103074541,0.14343434343434341,6.5604,45.21,True,58.81057268722467,87.44493392070484,73.12775330396475,69.93392070484582,62.72321428571429,78.30396475770925,69.97010698552549,37.88546255506608,62.14128035320088,46.91629955947136,48.632708035514575,62.22466960352423,49.55947136563877,66.62995594713657,73.7885462555066,61.8942731277533,75.0,14.096916299559473,50.110132158590304,55.352422907488986,18.281938325991188,17.492526746381373,9.726541607102916,12.37885462555066,5.535242290748899,63.42,True,True,True,True,True,True,True,True,True,NONE,,B,NO_SIGNAL
SUMICHEM,True,1.21,0.056,19.34,63,50.8,25,39.7,3,4.8,22,34.9,13,20.6,4,9,0,0,0,0,0,0.93,7.97,-6.33,1.26,16.6,58.83,0.79,-37.26,1.3,0.14,5,42,2020-01-27,2026-08-10,6.5,limited history: 6.5y (<10y) - lower confidence,swing_scanner_nifty500_history.xlsx,Latest_Scan,2026-08-11 13:06:49.120250940,49.2,9.692307692307692,6.461538461538462,0.9343999999999997,0.021202361782071927,0.05602409638554217,1.209,37.26,True,20.704845814977972,87.22466960352423,53.9647577092511,20.044052863436125,39.39732142857143,19.162995594713657,25.990402769037132,57.48898678414097,38.741721854304636,46.91629955947136,48.28427225253085,19.933920704845814,23.348017621145374,20.92511013215859,22.46696035242291,21.415198237885463,30.837004405286343,47.907488986784145,33.70044052863436,35.110132158590304,13.491189427312776,6.497600692259283,9.65685445050617,4.283039647577093,3.5110132158590304,37.44,True,True,True,True,True,True,True,True,True,NONE,15,F,WEAK_WATCH
ICICIGI,False,1.19,0.079,-12.42,87,55.2,25,28.7,8,9.2,23,26.4,31,35.6,15,16,0,0,0,0,0,1.63,6.64,-4.53,1.47,20.6,142.0,10.76,-24.73,1.8,5.16,2,35,2017-09-27,2026-08-10,8.9,limited history: 8.9y (<10y) - lower confidence,swing_scanner_nifty500_history.xlsx,Latest_Scan,2026-08-11 13:06:49.120250940,44.8,9.775280898876405,3.932584269662921,1.6358400000000004,0.4350990699555196,0.079126213592233,2.9339999999999997,24.73,True,31.167400881057265,14.317180616740089,22.742290748898675,37.55506607929515,84.375,50.881057268722465,56.268722466960355,87.00440528634361,88.0794701986755,97.02643171806167,89.88618461358928,27.75330396475771,19.05286343612335,28.30396475770925,42.40088105726873,27.912995594713657,68.72246696035242,8.700440528634362,35.46255506607929,46.74008810572687,5.685572687224669,14.067180616740089,17.977236922717857,5.582599118942731,4.674008810572687,47.99,True,True,True,True,True,True,True,True,True,NONE,,D,NO_SIGNAL
BLS,False,1.18,0.275,-6.38,122,59.8,63,51.6,1,0.8,45,36.9,13,10.7,9,4,0,0,0,0,0,3.39,11.45,-8.62,1.33,12.3,413.64,8.41,-36.21,1.98,3.05,5,73,2016-06-15,2026-08-10,10.2,,swing_scanner_nifty500_history.xlsx,Latest_Scan,2026-08-11 13:06:49.120250940,40.2,11.96078431372549,7.1568627450980395,3.381859999999999,0.23225628279480806,0.27560975609756094,6.7122,36.21,True,87.88546255506607,26.3215859030837,57.103524229074885,78.9647577092511,78.125,63.76651982378855,74.44052863436124,60.792951541850215,78.1456953642384,46.91629955947136,63.39724888409137,73.34801762114537,83.03964757709251,32.378854625550666,70.37444933920705,65.08259911894272,41.96035242290749,88.65638766519824,73.568281938326,60.78193832599119,14.275881057268721,18.61013215859031,12.679449776818274,13.016519823788546,6.078193832599119,64.66,True,True,True,True,True,True,True,True,True,NONE,,B,NO_SIGNAL
GRSE,False,1.17,0.326,-13.5,110,60.0,49,44.5,7,6.4,37,33.6,17,15.5,10,7,0,0,0,0,0,4.95,13.1,-7.29,1.8,15.2,544.01,11.49,-53.17,2.7,2.35,7,62,2018-10-24,2026-08-10,7.8,limited history: 7.8y (<10y) - lower confidence,swing_scanner_nifty500_history.xlsx,Latest_Scan,2026-08-11 13:06:49.120250940,40.0,14.102564102564102,7.948717948717949,4.943999999999999,0.21609930411886402,0.32565789473684215,13.365000000000002,53.17,True,92.73127753303964,11.894273127753303,52.31277533039648,95.37444933920705,86.16071428571429,87.99559471365639,90.35997482693519,22.90748898678414,73.50993377483444,14.427312775330398,38.49830060973831,54.074889867841414,60.57268722466961,23.788546255506606,71.58590308370044,50.75440528634361,93.3920704845815,64.75770925110133,94.93392070484582,88.12775330396477,13.07819383259912,22.589993706733797,7.699660121947662,10.150881057268723,8.812775330396477,62.33,True,True,True,True,True,True,True,True,True,NONE,,B,NO_SIGNAL
OLECTRA,False,1.17,0.394,2.68,123,52.8,61,49.6,1,0.8,53,43.1,8,6.5,3,5,0,0,0,0,0,4.24,16.07,-9.02,1.78,10.8,521.14,-2.07,-81.47,2.0,-0.23,6,83,2015-10-16,2026-08-10,10.8,,swing_scanner_nifty500_history.xlsx,Latest_Scan,2026-08-11 13:06:49.120250940,47.2,11.388888888888888,7.685185185185185,4.227520000000001,-0.025408125690438196,0.3925925925925926,8.48,81.47,True,96.0352422907489,53.85462555066079,74.94493392070484,89.64757709251101,24.553571428571427,64.20704845814979,61.6941472624292,0.4405286343612335,27.483443708609272,26.3215859030837,16.375813227528663,74.55947136563876,94.60352422907489,66.62995594713657,30.616740088105725,70.99669603524228,92.73127753303964,94.27312775330397,65.52863436123349,84.87885462555067,18.73623348017621,15.4235368156073,3.2751626455057328,14.199339207048457,8.487885462555068,60.12,True,True,True,False,True,False,True,True,False,NON_POSITIVE_CAGR|NON_POSITIVE_RECOVERY,,B,NO_SIGNAL
NAVINFLUOR,False,1.16,0.142,14.6,137,58.4,51,37.2,8,5.8,46,33.6,32,23.4,21,11,0,0,0,0,0,2.53,9.06,-6.64,1.36,17.8,346.56,2.91,-49.87,1.92,0.7,5,70,2015-10-16,2026-08-10,10.8,,swing_scanner_nifty500_history.xlsx,Latest_Scan,2026-08-11 13:06:49.120250940,41.6,12.685185185185185,6.481481481481481,2.5287999999999995,0.058351714457589736,0.14213483146067413,4.8576,49.87,True,58.14977973568281,78.52422907488987,68.33700440528634,61.23348017621145,54.12946428571429,60.68281938325991,58.806010069225934,28.30396475770925,51.434878587196465,46.91629955947136,41.0528682984703,89.31718061674009,78.19383259911893,66.62995594713657,62.88546255506608,76.89977973568281,46.585903083700444,34.030837004405285,84.91189427312776,55.57268722466961,17.084251101321584,14.701502517306483,8.210573659694061,15.379955947136564,5.5572687224669615,60.93,True,True,True,True,True,True,True,True,True,NONE,,B,NO_SIGNAL
MCX,False,1.16,0.233,-18.04,130,59.2,64,49.2,6,4.6,41,31.5,19,14.6,7,12,0,0,0,0,0,3.72,11.04,-6.91,1.6,16.0,483.95,11.16,-45.41,2.32,4.39,4,70,2015-10-16,2026-08-10,10.8,,swing_scanner_nifty500_history.xlsx,Latest_Scan,2026-08-11 13:06:49.120250940,40.8,12.037037037037036,6.481481481481481,3.7164000000000006,0.24576084562871617,0.2325,8.6304,45.41,True,81.16740088105728,2.8634361233480177,42.01541850220265,85.02202643171806,85.71428571428571,78.8546255506608,83.51667715544369,37.22466960352423,86.9757174392936,70.59471365638767,62.98004735925937,81.16740088105728,78.19383259911893,66.62995594713657,67.40088105726872,74.72466960352422,82.81938325991189,56.167400881057276,74.8898678414097,75.11013215859032,10.503854625550662,20.879169288860922,12.596009471851875,14.944933920704845,7.511013215859032,66.43,True,True,True,True,True,True,True,True,True,NONE,,B,NO_SIGNAL
M&M,False,1.15,0.096,10.05,119,56.3,31,26.1,9,7.6,38,31.9,41,34.5,27,14,0,0,0,0,0,2.0,7.09,-4.55,1.56,20.8,238.25,8.1,-29.8,2.01,3.9,6,58,2015-10-16,2026-08-10,10.8,,swing_scanner_nifty500_history.xlsx,Latest_Scan,2026-08-11 13:06:49.120250940,43.7,11.018518518518517,5.37037037037037,2.0033199999999995,0.27181208053691275,0.09615384615384615,4.02,29.8,True,36.67400881057269,70.04405286343612,53.359030837004404,46.47577092511013,76.5625,64.86784140969164,61.25330396475772,77.09251101321586,84.10596026490066,26.3215859030837,66.8544869737725,69.16299559471366,49.55947136563877,66.62995594713657,49.88986784140969,60.73788546255506,80.2863436123348,6.71806167400881,58.370044052863435,58.997797356828194,13.339757709251101,15.31332599118943,13.3708973947545,12.147577092511014,5.89977973568282,60.07,True,True,True,True,True,True,True,True,True,NONE,,B,NO_SIGNAL
ACE,False,1.15,0.188,21.3,124,58.1,58,46.8,1,0.8,45,36.3,20,16.1,13,7,0,0,0,0,0,2.5,9.58,-7.31,1.31,13.2,309.51,1.77,-50.55,1.81,0.39,5,77,2015-10-16,2026-08-10,10.8,,swing_scanner_nifty500_history.xlsx,Latest_Scan,2026-08-11 13:06:49.120250940,41.9,11.481481481481481,7.129629629629629,2.5030899999999994,0.035014836795252226,0.1893939393939394,4.525,50.55,True,70.92511013215858,89.20704845814979,80.06607929515418,60.57268722466961,45.200892857142854,51.87224669603524,53.21758967904343,27.53303964757709,45.143487858719645,46.91629955947136,38.54251149945055,75.22026431718062,88.43612334801763,66.62995594713657,60.90308370044053,74.22907488986785,37.99559471365639,80.72687224669603,66.96035242290749,55.231277533039645,20.016519823788546,13.304397419760857,7.70850229989011,14.84581497797357,5.523127753303965,61.4,True,True,True,True,True,True,True,True,True,NONE,,B,NO_SIGNAL
WELCORP,False,1.11,0.225,32.94,154,59.1,80,51.9,5,3.2,56,36.4,13,8.4,6,7,0,0,0,0,0,2.93,10.11,-7.43,1.36,13.1,451.88,6.01,-45.93,1.97,1.84,7,91,2015-10-16,2026-08-10,10.8,,swing_scanner_nifty500_history.xlsx,Latest_Scan,2026-08-11 13:06:49.120250940,40.9,14.259259259259258,8.425925925925926,2.936139999999999,0.1308512954495972,0.2236641221374046,5.7721,45.93,True,79.95594713656388,95.15418502202643,87.55506607929516,71.91629955947137,69.86607142857143,63.21585903083701,68.82410320956576,35.68281938325991,69.75717439293598,14.427312775330398,42.29496698466416,97.24669603524228,99.33920704845815,66.62995594713657,66.74008810572687,85.5396475770925,46.585903083700444,82.04845814977973,95.48458149779736,68.34801762114537,21.88876651982379,17.20602580239144,8.458993396932831,17.1079295154185,6.834801762114537,71.5,True,True,True,True,True,True,True,True,True,NONE,,B+,NO_SIGNAL
REDINGTON,False,1.11,0.129,67.69,120,52.5,47,39.2,2,1.7,45,37.5,26,21.7,14,12,0,0,0,0,0,1.95,9.79,-6.71,1.46,15.1,234.4,3.26,-34.56,1.61,1.17,4,73,2015-10-16,2026-08-10,10.8,,swing_scanner_nifty500_history.xlsx,Latest_Scan,2026-08-11 13:06:49.120250940,47.5,11.11111111111111,6.759259259259259,1.9524999999999997,0.09432870370370369,0.1291390728476821,3.1395,34.56,True,51.10132158590308,99.77973568281938,75.44052863436123,45.15418502202643,56.91964285714286,37.55506607929515,46.791378225298935,65.63876651982379,60.81677704194261,70.59471365638767,65.19005698670635,70.37444933920705,83.03964757709251,66.62995594713657,28.744493392070485,66.3601321585903,67.29074889867842,66.07929515418502,60.13215859030837,64.90088105726872,18.860132158590307,11.697844556324734,13.038011397341272,13.27202643171806,6.490088105726873,63.36,True,True,True,True,True,True,True,True,True,NONE,,B,NO_SIGNAL
TATAELXSI,False,1.09,0.263,-8.07,134,63.4,59,44.0,4,3.0,47,35.1,24,17.9,22,2,0,0,0,0,0,3.84,9.64,-6.2,1.55,14.6,515.07,6.25,-41.25,2.69,2.17,8,78,2015-10-16,2026-08-10,10.8,,swing_scanner_nifty500_history.xlsx,Latest_Scan,2026-08-11 13:06:49.120250940,36.6,12.407407407407407,7.222222222222221,3.84256,0.15151515151515152,0.26301369863013696,10.3296,41.25,True,86.56387665198237,22.90748898678414,54.73568281938326,86.67400881057269,70.75892857142857,87.33480176211454,81.76620516047828,47.797356828193834,72.18543046357617,7.709251101321586,46.31115616885959,86.34361233480176,90.08810572687224,66.62995594713657,86.34361233480176,82.35132158590308,79.51541850220264,70.48458149779736,81.05726872246696,78.17180616740087,13.683920704845814,20.44155129011957,9.262231233771919,16.470264317180618,7.817180616740088,67.68,True,True,True,True,True,True,True,True,True,NONE,,B,NO_SIGNAL
BAJAJ-AUTO,False,1.08,0.14,9.74,94,62.8,31,33.0,11,11.7,27,28.7,25,26.6,17,8,0,0,0,0,0,2.9,7.31,-4.53,1.61,20.7,272.56,5.28,-18.34,2.72,3.62,3,46,2015-10-16,2026-08-10,10.8,,swing_scanner_nifty500_history.xlsx,Latest_Scan,2026-08-11 13:06:49.120250940,37.2,8.703703703703702,4.259259259259259,2.90552,0.28789531079607417,0.14009661835748793,7.888,18.34,True,56.497797356828194,69.7136563876652,63.10572687224669,71.1453744493392,66.07142857142857,89.09691629955947,74.54814348646948,93.72246696035242,82.45033112582782,88.54625550660793,88.48316655483268,35.68281938325991,26.87224669603524,66.62995594713657,84.03083700440529,48.46916299559471,83.48017621145375,7.819383259911894,20.37444933920705,49.41629955947137,15.776431718061673,18.63703587161737,17.696633310966536,9.693832599118942,4.941629955947137,66.75,True,True,True,True,True,True,True,True,True,NONE,,B,NO_SIGNAL
INDIAMART,False,1.07,0.112,-11.01,56,57.1,26,46.4,0,0.0,20,35.7,10,17.9,6,4,0,0,0,0,0,1.63,8.41,-7.42,1.13,14.5,91.25,8.2,-32.18,1.51,2.1,5,37,2019-07-04,2026-08-10,7.1,limited history: 7.1y (<10y) - lower confidence,swing_scanner_nifty500_history.xlsx,Latest_Scan,2026-08-11 13:06:49.120250940,42.9,7.887323943661972,5.211267605633803,1.618930000000001,0.254816656308266,0.11241379310344826,2.4613,32.18,True,43.17180616740088,17.400881057268723,30.286343612334804,37.55506607929515,76.78571428571429,32.268722466960355,48.62869729389553,72.24669603524228,71.52317880794702,46.91629955947136,65.66086588674621,17.51101321585903,20.154185022026432,22.24669603524229,54.51541850220264,24.90638766519824,15.748898678414097,71.36563876651982,12.77533039647577,25.980176211453745,7.571585903083701,12.157174323473882,13.132173177349243,4.981277533039648,2.5980176211453747,40.44,True,True,True,True,True,True,True,True,True,NONE,,D,NO_SIGNAL
BLUEDART,False,1.07,0.088,-2.42,83,51.8,34,41.0,3,3.6,30,36.1,16,19.3,6,10,0,0,0,0,0,1.5,8.25,-5.74,1.44,17.0,124.9,5.15,-50.11,1.54,1.37,8,51,2015-10-16,2026-08-10,10.8,,swing_scanner_nifty500_history.xlsx,Latest_Scan,2026-08-11 13:06:49.120250940,48.2,7.685185185185185,4.722222222222222,1.5068200000000003,0.10277389742566355,0.08823529411764706,2.31,50.11,True,34.691629955947135,39.647577092511014,37.169603524229075,33.259911894273124,65.40178571428571,33.480176211453745,43.60698552548773,27.973568281938327,63.576158940397356,7.709251101321586,35.3683957172448,25.66079295154185,33.03964757709251,66.62995594713657,25.88105726872247,37.78083700440529,63.21585903083701,44.93392070484582,11.343612334801762,43.997797356828194,9.292400881057269,10.901746381371932,7.0736791434489605,7.556167400881058,4.399779735682819,39.22,True,True,True,True,True,True,True,True,True,NONE,,F,NO_SIGNAL
AFFLE,False,1.06,0.155,-0.18,64,51.6,30,46.9,2,3.1,23,35.9,9,14.1,2,7,0,0,0,0,0,2.32,10.22,-6.08,1.68,15.0,148.74,5.84,-32.8,1.79,1.24,3,40,2019-08-08,2026-08-10,7.0,limited history: 7.0y (<10y) - lower confidence,swing_scanner_nifty500_history.xlsx,Latest_Scan,2026-08-11 13:06:49.120250940,48.4,9.142857142857142,5.714285714285714,2.3308000000000004,0.1780487804878049,0.15466666666666665,4.1528,32.8,True,63.21585903083701,47.136563876651984,55.1762114537445,56.05726872246696,68.75,49.33920704845815,58.23788546255506,69.8237885462555,61.58940397350994,88.54625550660793,71.62237068588266,20.37444933920705,21.696035242290748,21.916299559471366,24.88986784140969,21.76762114537445,88.54625550660793,67.07048458149781,26.431718061674008,65.61674008810573,13.794052863436125,14.559471365638766,14.324474137176532,4.35352422907489,6.561674008810574,53.59,True,True,True,True,True,True,True,True,True,NONE,,C,NO_SIGNAL
HAL,False,1.06,0.12,2.55,124,58.9,45,36.3,7,5.6,42,33.9,30,24.2,21,9,0,0,0,0,0,1.96,7.81,-6.41,1.22,16.3,243.14,10.08,-30.79,1.74,3.8,5,61,2018-04-02,2026-08-10,8.4,limited history: 8.4y (<10y) - lower confidence,swing_scanner_nifty500_history.xlsx,Latest_Scan,2026-08-11 13:06:49.120250940,41.1,14.761904761904761,7.261904761904762,1.9655799999999997,0.32737901916206563,0.12024539877300612,3.4104,30.79,True,47.68722466960352,53.08370044052864,50.385462555066084,45.48458149779736,81.69642857142857,45.04405286343612,56.949024543738204,75.33039647577093,83.44370860927152,46.91629955947136,71.06653149342125,75.22026431718062,58.03964757709251,25.55066079295154,65.7488986784141,57.087004405286336,24.779735682819386,52.6431718061674,96.91629955947137,51.99339207048459,12.596365638766521,14.237256135934551,14.213306298684252,11.417400881057269,5.199339207048459,57.66,True,True,True,True,True,True,True,True,True,NONE,,C,NO_SIGNAL
VOLTAS,False,1.06,0.136,-3.12,131,66.4,46,35.1,13,9.9,35,26.7,37,28.2,28,9,0,0,0,0,0,2.56,6.75,-5.72,1.18,18.8,335.61,5.47,-32.22,2.33,2.31,4,65,2015-10-16,2026-08-10,10.8,,swing_scanner_nifty500_history.xlsx,Latest_Scan,2026-08-11 13:06:49.120250940,33.599999999999994,12.129629629629628,6.018518518518518,2.5600800000000006,0.16977032898820607,0.13617021276595745,5.9648,32.22,True,54.62555066079295,37.55506607929515,46.090308370044056,62.11453744493392,66.51785714285714,79.29515418502203,68.33417243549403,71.58590308370044,72.62693156732892,70.59471365638767,71.70246569614221,82.48898678414098,68.06167400881057,66.62995594713657,92.40088105726872,76.40418502202643,21.58590308370044,24.33920704845815,76.76211453744493,38.68942731277533,11.522577092511014,17.083543108873506,14.340493139228442,15.280837004405285,3.8689427312775333,62.1,True,True,True,True,True,True,True,True,True,NONE,,B,NO_SIGNAL
BSOFT,False,1.06,0.336,-3.14,153,63.4,76,49.7,3,2.0,44,28.8,30,19.6,18,12,0,0,0,0,0,5.34,12.15,-6.46,1.88,15.9,816.57,5.05,-42.54,3.26,1.6,5,77,2015-10-16,2026-08-10,10.8,,swing_scanner_nifty500_history.xlsx,Latest_Scan,2026-08-11 13:06:49.120250940,36.6,14.166666666666666,7.129629629629629,5.33874,0.11871180065820404,0.33584905660377357,17.408399999999997,42.54,True,93.72246696035242,37.00440528634361,65.36343612334801,96.91629955947137,64.84375,96.47577092511013,86.52973568281939,44.713656387665196,66.44591611479028,46.91629955947136,52.87060808511051,96.91629955947137,88.43612334801763,66.62995594713657,86.34361233480176,85.63876651982379,95.37444933920705,57.70925110132159,95.15418502202643,87.77533039647577,16.340859030837002,21.632433920704848,10.574121617022103,17.12775330396476,8.777533039647578,74.45,True,True,True,True,True,True,True,True,True,NONE,,B+,NO_SIGNAL
APLAPOLLO,False,1.05,0.22,2.66,132,62.1,65,49.2,5,3.8,41,31.1,21,15.9,13,8,0,0,0,0,0,3.69,10.24,-7.06,1.45,16.8,486.77,8.36,-43.71,2.38,2.98,5,74,2015-10-16,2026-08-10,10.8,,swing_scanner_nifty500_history.xlsx,Latest_Scan,2026-08-11 13:06:49.120250940,37.9,12.222222222222221,6.851851851851851,3.6833000000000005,0.19126058110272248,0.21964285714285714,8.7822,43.71,True,78.52422907488987,53.30396475770925,65.91409691629957,83.59030837004406,77.67857142857143,81.71806167400881,81.17432347388295,42.51101321585903,77.70419426048565,46.91629955947136,55.929948167381426,83.59030837004406,84.47136563876651,66.62995594713657,79.62555066079295,78.97577092511014,65.19823788546255,46.47577092511013,78.19383259911893,65.35242290748899,16.478524229074893,20.293580868470737,11.185989633476286,15.795154185022028,6.535242290748899,70.29,True,True,True,True,True,True,True,True,True,NONE,,B+,NO_SIGNAL
BEML,False,1.05,0.197,-2.1,147,59.2,62,42.2,11,7.5,49,33.3,25,17.0,14,11,0,0,0,0,0,3.42,10.07,-6.21,1.62,17.4,503.47,5.82,-47.11,2.35,1.71,5,80,2015-10-16,2026-08-10,10.8,,swing_scanner_nifty500_history.xlsx,Latest_Scan,2026-08-11 13:06:49.120250940,40.8,13.61111111111111,7.4074074074074066,3.427760000000002,0.12354064954362132,0.19655172413793104,8.037,47.11,True,73.6784140969163,40.08810572687225,56.88325991189427,79.40528634361233,68.52678571428571,79.84581497797357,76.04751415984896,33.480176211453745,68.10154525386314,46.91629955947136,48.95668621330143,94.8237885462555,92.62114537444934,66.62995594713657,67.40088105726872,83.11123348017621,84.69162995594714,39.75770925110132,92.18061674008811,77.95154185022027,14.220814977973568,19.01187853996224,9.791337242660287,16.622246696035244,7.795154185022027,67.44,True,True,True,True,True,True,True,True,True,NONE,,B,NO_SIGNAL
RBLBANK,False,1.05,0.125,15.87,112,58.0,43,38.4,0,0.0,34,30.4,35,31.2,22,13,0,0,0,0,0,2.06,8.02,-6.18,1.3,16.5,230.93,2.8,-36.45,1.79,0.79,5,62,2016-08-31,2026-08-10,9.9,,swing_scanner_nifty500_history.xlsx,Latest_Scan,2026-08-11 13:06:49.120250940,42.0,11.313131313131313,6.262626262626262,2.055999999999999,0.07681755829903977,0.12484848484848485,3.6874000000000002,36.45,True,48.78854625550661,81.27753303964758,65.0330396475771,48.458149779735685,52.56696428571429,49.33920704845815,50.01966645689113,59.691629955947135,53.20088300220751,46.91629955947136,54.226035923019325,59.03083700440529,60.57268722466961,31.497797356828194,60.46255506607929,52.747797356828194,36.23348017621145,49.33920704845815,64.31718061674009,47.27973568281938,16.258259911894275,12.504916614222783,10.845207184603865,10.54955947136564,4.727973568281938,54.89,True,True,True,True,True,True,True,True,True,NONE,,C,NO_SIGNAL
BELRISE,True,1.04,0.147,15.6,6,66.7,1,16.7,0,0.0,0,0.0,5,83.3,3,2,0,0,0,0,0,3.77,6.24,-1.19,5.24,25.7,22.59,,-0.74,10.49,16.09,1,3,2025-05-28,2026-08-10,1.2,limited history: 1.2y (<10y) - lower confidence,swing_scanner_nifty500_history.xlsx,Latest_Scan,2026-08-11 13:06:49.120250940,33.3,5.0,2.5,3.7658100000000005,,0.14669260700389106,39.5473,0.74,True,60.792951541850215,80.61674008810573,70.70484581497797,85.90308370044053,50.0,100.0,78.36123348017622,99.77973568281938,98.89624724061811,99.22907488986785,99.33284952981104,1.4317180616740088,0.6607929515418502,1.5418502202643172,93.17180616740089,15.027533039647578,100.0,0.4405286343612335,2.753303964757709,50.91409691629956,17.676211453744493,19.590308370044056,19.86656990596221,3.0055066079295156,5.0914096916299565,65.23,False,False,True,False,True,True,True,True,False,LOW_TRADE_COUNT|LIMITED_HISTORY,20,B,REJECT
SUNPHARMA,False,1.04,0.106,2.68,112,59.8,30,26.8,9,8.0,28,25.0,45,40.2,28,17,0,0,0,0,0,2.2,6.28,-3.88,1.62,20.8,246.28,5.87,-22.2,2.41,3.56,5,54,2015-10-16,2026-08-10,10.8,,swing_scanner_nifty500_history.xlsx,Latest_Scan,2026-08-11 13:06:49.120250940,40.2,10.37037037037037,5.0,2.1956800000000003,0.26441441441441443,0.10576923076923077,5.3020000000000005,22.2,True,40.63876651982379,53.85462555066079,47.246696035242294,52.42290748898678,69.30803571428571,82.15859030837004,66.15213971050976,89.86784140969164,81.23620309050773,46.91629955947136,76.10888253542221,59.03083700440529,40.308370044052865,66.62995594713657,70.37444933920705,57.951541850220266,84.69162995594714,6.71806167400881,46.36563876651982,57.59911894273127,11.811674008810574,16.53803492762744,15.221776507084442,11.590308370044054,5.759911894273127,60.92,True,True,True,True,True,True,True,True,True,NONE,,B,NO_SIGNAL
DCMSHRIRAM,False,1.04,0.181,-18.03,117,56.4,59,50.4,1,0.9,45,38.5,12,10.3,7,5,0,0,0,0,0,2.58,10.52,-7.7,1.37,14.2,301.42,9.19,-49.66,1.77,2.75,5,74,2015-10-16,2026-08-10,10.8,,swing_scanner_nifty500_history.xlsx,Latest_Scan,2026-08-11 13:06:49.120250940,43.6,10.833333333333332,6.851851851851851,2.5760799999999984,0.1850583971002819,0.18169014084507043,4.5666,49.66,True,70.04405286343612,3.0837004405286343,36.563876651982376,62.77533039647577,79.46428571428571,47.246696035242294,63.76777847702958,28.634361233480178,76.0485651214128,46.91629955947136,49.79981717575439,66.96035242290749,84.47136563876651,66.62995594713657,50.55066079295154,68.79405286343612,49.118942731277535,73.45814977973568,55.72687224669603,55.969162995594715,9.140969162995594,15.941944619257395,9.959963435150879,13.758810572687224,5.596916299559472,54.4,True,True,True,True,True,True,True,True,True,NONE,,C,NO_SIGNAL
JBMA,False,1.03,0.375,-7.85,140,58.6,76,54.3,2,1.4,48,34.3,14,10.0,4,10,0,0,0,0,0,5.59,14.99,-7.71,1.94,14.9,782.1,4.88,-57.01,2.75,1.14,5,79,2015-10-16,2026-08-10,10.8,,swing_scanner_nifty500_history.xlsx,Latest_Scan,2026-08-11 13:06:49.120250940,41.4,12.962962962962962,7.314814814814814,5.592199999999998,0.08559901771619015,0.3751677852348993,15.372499999999999,57.01,True,94.7136563876652,23.568281938325992,59.140969162995596,98.23788546255507,63.83928571428571,89.97797356828194,84.91755821271241,16.740088105726873,60.04415011037527,46.91629955947136,39.44056267078993,91.29955947136564,91.51982378854625,66.62995594713657,63.76651982378855,81.05726872246697,95.81497797356829,68.17180616740089,88.21585903083701,88.00660792951543,14.785242290748899,21.229389553178102,7.888112534157987,16.211453744493394,8.800660792951543,68.91,True,True,True,True,True,True,True,True,True,NONE,,B,NO_SIGNAL
UBL,False,1.03,0.075,-3.33,95,54.7,24,25.3,5,5.3,31,32.6,35,36.8,23,12,0,0,0,0,0,1.52,7.07,-5.19,1.36,20.2,144.15,6.39,-25.58,1.65,3.57,5,51,2015-10-16,2026-08-10,10.8,,swing_scanner_nifty500_history.xlsx,Latest_Scan,2026-08-11 13:06:49.120250940,45.3,8.796296296296296,4.722222222222222,1.5162200000000006,0.2498045347928069,0.07524752475247524,2.508,25.58,True,29.955947136563875,36.34361233480176,33.14977973568282,33.480176211453745,71.65178571428571,40.08810572687225,47.54531151667716,86.34361233480176,81.67770419426049,46.91629955947136,74.85371629177972,37.33480176211454,33.03964757709251,66.62995594713657,39.75770925110132,43.94823788546255,46.585903083700444,11.563876651982378,22.46696035242291,32.345814977973575,8.287444933920705,11.88632787916929,14.970743258355945,8.78964757709251,3.2345814977973575,47.17,True,True,True,True,True,True,True,True,True,NONE,,D,NO_SIGNAL
AJANTPHARM,False,1.01,0.092,9.14,114,57.0,41,36.0,4,3.5,34,29.8,35,30.7,20,15,0,0,0,0,0,1.72,7.49,-5.93,1.26,18.6,196.11,3.76,-30.22,1.68,1.57,4,63,2015-10-16,2026-08-10,10.8,,swing_scanner_nifty500_history.xlsx,Latest_Scan,2026-08-11 13:06:49.120250940,43.0,10.555555555555555,5.833333333333333,1.7193999999999994,0.12442091330244871,0.09247311827956989,2.8895999999999997,30.22,True,36.013215859030836,67.84140969162996,51.9273127753304,39.647577092511014,59.15178571428571,40.969162995594715,46.258967904342356,76.2114537444934,65.78366445916114,70.59471365638767,71.15754247260068,62.22466960352423,63.21585903083701,66.62995594713657,53.74449339207048,62.30176211453744,30.837004405286343,26.21145374449339,50.110132158590304,35.69383259911894,12.9818281938326,11.564741976085589,14.231508494520137,12.460352422907489,3.5693832599118944,54.81,True,True,True,True,True,True,True,True,True,NONE,,C,NO_SIGNAL
NHPC,False,1.01,0.131,-5.36,112,62.5,32,28.6,4,3.6,29,25.9,47,42.0,34,13,0,0,0,0,0,2.72,7.98,-6.04,1.32,20.8,304.8,5.87,-32.28,2.2,2.43,4,49,2015-10-16,2026-08-10,10.8,,swing_scanner_nifty500_history.xlsx,Latest_Scan,2026-08-11 13:06:49.120250940,37.5,10.37037037037037,4.537037037037036,2.7225000000000006,0.18184634448574968,0.13076923076923078,5.984000000000001,32.28,True,52.97356828193832,28.854625550660796,40.914096916299556,67.62114537444934,69.30803571428571,74.22907488986785,70.01117054751415,71.36563876651982,73.73068432671081,70.59471365638767,72.00067343505363,59.03083700440529,29.515418502202646,66.62995594713657,82.48898678414098,57.0704845814978,39.97797356828194,6.71806167400881,46.36563876651982,35.242290748898675,10.228524229074889,17.50279263687854,14.400134687010727,11.414096916299561,3.5242290748898677,57.07,True,True,True,True,True,True,True,True,True,NONE,,C,NO_SIGNAL
DEEPAKNTR,False,1.01,0.232,-7.88,146,62.3,73,50.0,4,2.7,45,30.8,24,16.4,14,10,0,0,0,0,0,3.46,9.67,-6.81,1.42,14.9,505.43,7.58,-39.67,2.35,2.9,5,74,2015-10-16,2026-08-10,10.8,,swing_scanner_nifty500_history.xlsx,Latest_Scan,2026-08-11 13:06:49.120250940,37.7,13.518518518518517,6.851851851851851,3.4570399999999997,0.19107638013612302,0.23221476510067113,8.131,39.67,True,80.83700440528634,23.127753303964756,51.982378854625544,80.39647577092511,75.89285714285714,79.84581497797357,78.80113278791693,52.20264317180616,77.2626931567329,46.91629955947136,59.65207476344681,94.05286343612335,84.47136563876651,66.62995594713657,81.16740088105728,82.86894273127753,59.25110132158591,68.17180616740089,91.40969162995594,70.68281938325991,12.995594713656386,19.700283196979232,11.930414952689363,16.573788546255507,7.068281938325992,68.27,True,True,True,True,True,True,True,True,True,NONE,,B,NO_SIGNAL
ANURAS,False,1.0,0.233,-15.7,49,71.4,23,46.9,7,14.3,13,26.5,6,12.2,5,1,0,0,0,0,0,3.79,7.39,-5.21,1.42,16.3,185.66,12.21,-19.36,3.55,3.74,3,30,2021-03-24,2026-08-10,5.4,limited history: 5.4y (<10y) - lower confidence,swing_scanner_nifty500_history.xlsx,Latest_Scan,2026-08-11 13:06:49.120250940,28.599999999999994,9.074074074074073,5.555555555555555,3.7864000000000004,0.6306818181818182,0.23251533742331287,13.4545,19.36,True,81.16740088105728,7.048458149779736,44.107929515418505,86.12334801762115,87.94642857142857,97.57709251101322,89.91378225298931,92.51101321585902,83.00220750551877,88.54625550660793,88.19174178992716,15.088105726872246,16.740088105726873,17.951541850220266,97.90748898678414,28.63986784140969,59.25110132158591,52.6431718061674,25.770925110132158,47.88546255506608,11.026982378854626,22.478445563247327,17.638348357985432,5.727973568281938,4.788546255506608,61.66,False,True,True,True,True,True,True,True,False,LOW_TRADE_COUNT,,B,NO_SIGNAL
ABB,False,1.0,0.133,18.6,123,56.9,44,35.8,9,7.3,40,32.5,30,24.4,18,12,0,0,0,0,0,2.4,8.35,-5.47,1.53,18.1,294.75,3.03,-34.61,2.02,1.07,6,64,2015-10-16,2026-08-10,10.8,,swing_scanner_nifty500_history.xlsx,Latest_Scan,2026-08-11 13:06:49.120250940,43.1,11.388888888888888,5.925925925925926,2.393579999999999,0.08754695174804969,0.13259668508287292,4.848,34.61,True,53.63436123348018,86.34361233480176,69.98898678414096,58.25991189427313,55.58035714285714,65.52863436123349,59.43769666456892,65.30837004405286,59.49227373068433,26.3215859030837,53.52604029913159,74.55947136563876,65.7488986784141,66.62995594713657,52.5330396475771,67.0704845814978,77.5330396475771,30.837004405286343,65.52863436123349,64.59251101321587,17.49724669603524,14.85942416614223,10.705208059826319,13.41409691629956,6.459251101321588,62.94,True,True,True,True,True,True,True,True,True,NONE,,B,NO_SIGNAL
RVNL,False,0.99,0.239,-23.22,88,53.4,41,46.6,2,2.3,34,38.6,11,12.5,5,6,0,0,0,0,0,3.5,13.36,-7.81,1.71,14.6,307.96,11.15,-38.64,1.96,2.83,4,50,2019-04-11,2026-08-10,7.3,limited history: 7.3y (<10y) - lower confidence,swing_scanner_nifty500_history.xlsx,Latest_Scan,2026-08-11 13:06:49.120250940,46.6,12.054794520547945,6.8493150684931505,3.4947800000000004,0.2885610766045549,0.2397260273972603,6.859999999999999,38.64,True,82.81938325991189,1.3215859030837005,42.070484581497794,81.27753303964758,85.49107142857143,62.55506607929515,77.38357457520453,54.845814977973575,76.49006622516556,70.59471365638767,66.35852758409429,28.744493392070485,31.167400881057265,22.687224669603523,33.92070484581498,28.612334801762113,90.19823788546255,70.48458149779736,75.77092511013215,81.92731277533039,10.517621145374449,19.345893643801134,13.271705516818859,5.722466960352423,8.19273127753304,57.05,True,True,True,True,True,True,True,True,True,NONE,,C,NO_SIGNAL
CAPLIPOINT,True,0.99,0.192,38.58,129,58.1,63,48.8,6,4.7,49,38.0,11,8.5,6,5,0,0,0,0,0,2.51,9.69,-7.47,1.3,13.1,323.45,-1.81,-69.05,1.8,-0.25,9,84,2015-10-16,2026-08-10,10.8,,swing_scanner_nifty500_history.xlsx,Latest_Scan,2026-08-11 13:06:49.120250940,41.9,11.944444444444443,7.777777777777778,2.4999599999999993,-0.026212889210716874,0.1916030534351145,4.518,69.05,True,72.4669603524229,97.57709251101322,85.02202643171806,60.792951541850215,26.11607142857143,50.881057268722465,46.921019509125244,5.066079295154185,27.041942604856512,3.303964757709251,12.317102819188767,80.06607929515418,95.59471365638767,66.62995594713657,60.90308370044053,77.7147577092511,36.23348017621145,82.04845814977973,73.01762114537445,56.431718061674005,21.255506607929515,11.730254877281311,2.4634205638377535,15.542951541850222,5.643171806167401,56.64,True,True,True,False,True,False,True,True,False,NON_POSITIVE_CAGR|NON_POSITIVE_RECOVERY,22,C,REJECT
MFSL,False,0.99,0.104,-9.38,108,57.4,32,29.6,5,4.6,31,28.7,40,37.0,26,14,0,0,0,0,0,1.97,7.4,-5.34,1.39,19.1,213.21,5.86,-36.25,1.87,2.19,6,54,2015-10-16,2026-08-10,10.8,,swing_scanner_nifty500_history.xlsx,Latest_Scan,2026-08-11 13:06:49.120250940,42.6,10.0,5.0,1.97276,0.16165517241379312,0.1031413612565445,3.6839,36.25,True,39.86784140969163,18.94273127753304,29.40528634361233,45.81497797356828,68.97321428571429,56.497797356828194,56.21680302076778,60.57268722466961,72.40618101545255,26.3215859030837,56.15163472104716,51.431718061674005,40.308370044052865,66.62995594713657,56.167400881057276,53.16079295154185,52.6431718061674,21.58590308370044,38.1057268722467,42.0704845814978,7.351321585903083,14.054200755191944,11.230326944209432,10.632158590308372,4.207048458149781,47.48,True,True,True,True,True,True,True,True,True,NONE,,D,NO_SIGNAL
PFIZER,False,0.98,0.106,3.28,90,63.3,28,31.1,10,11.1,27,30.0,25,27.8,19,6,0,0,0,0,0,2.18,6.8,-5.79,1.17,20.6,196.5,4.19,-29.26,2.03,1.85,4,50,2015-10-16,2026-08-10,10.8,,swing_scanner_nifty500_history.xlsx,Latest_Scan,2026-08-11 13:06:49.120250940,36.7,8.333333333333332,4.62962962962963,2.1794700000000002,0.1431989063568011,0.10582524271844661,4.4254,29.26,True,40.63876651982379,54.845814977973575,47.74229074889868,51.65198237885462,60.37946428571429,66.29955947136564,58.5460981749528,78.19383259911893,69.97792494481236,70.59471365638767,73.41848518442882,31.167400881057265,31.167400881057265,66.62995594713657,85.46255506607929,48.1773127753304,20.154185022026432,8.700440528634362,16.519823788546255,16.773127753303964,11.93557268722467,14.6365245437382,14.683697036885764,9.63546255506608,1.6773127753303965,52.57,True,True,True,True,True,True,True,True,True,NONE,,C,NO_SIGNAL
CRAFTSMAN,False,0.98,0.141,15.77,69,62.3,24,34.8,8,11.6,18,26.1,19,27.5,12,7,0,0,0,0,0,2.78,8.58,-6.8,1.26,19.7,192.12,3.22,-47.59,2.09,0.35,5,35,2021-03-25,2026-08-10,5.4,limited history: 5.4y (<10y) - lower confidence,swing_scanner_nifty500_history.xlsx,Latest_Scan,2026-08-11 13:06:49.120250940,37.7,12.777777777777777,6.481481481481481,2.78174,0.06766127337675983,0.14111675126903553,5.810199999999999,47.59,True,57.268722466960355,80.83700440528634,69.05286343612335,68.3920704845815,56.69642857142857,68.6123348017621,64.71113908118312,32.59911894273127,43.59823399558499,46.91629955947136,40.028104365415096,20.92511013215859,19.05286343612335,17.951541850220266,81.16740088105728,28.75,30.837004405286343,15.52863436123348,86.56387665198237,44.493392070484575,17.263215859030836,16.17778477029578,8.00562087308302,5.75,4.449339207048458,51.65,True,True,True,True,True,True,True,True,True,NONE,,C,NO_SIGNAL
HBLENGINE,False,0.97,0.229,-15.52,131,51.9,66,50.4,0,0.0,56,42.7,9,6.9,3,6,0,0,0,0,0,2.76,12.82,-8.1,1.58,12.0,361.53,5.98,-59.03,1.71,1.34,6,85,2015-10-16,2026-08-10,10.8,,swing_scanner_nifty500_history.xlsx,Latest_Scan,2026-08-11 13:06:49.120250940,48.1,12.129629629629628,7.87037037037037,2.757480000000001,0.10130442148060309,0.22999999999999998,4.7196,59.03,True,80.61674008810573,7.488986784140969,44.052863436123346,68.06167400881057,69.64285714285714,42.841409691629956,61.5059786028949,14.317180616740089,63.35540838852097,26.3215859030837,34.4816616584493,82.48898678414098,96.58590308370044,66.62995594713657,26.3215859030837,73.62334801762115,81.27753303964758,91.07929515418502,76.76211453744493,81.88325991189427,11.013215859030836,15.376494650723725,6.89633233168986,14.724669603524232,8.188325991189428,56.2,True,True,True,True,True,True,True,True,True,NONE,,C,NO_SIGNAL
INDIANB,False,0.96,0.13,6.78,148,56.8,55,37.2,5,3.4,54,36.5,34,23.0,24,10,0,0,0,0,0,1.99,9.28,-7.57,1.23,15.3,294.63,2.58,-53.36,1.61,0.56,5,83,2015-10-16,2026-08-10,10.8,,swing_scanner_nifty500_history.xlsx,Latest_Scan,2026-08-11 13:06:49.120250940,43.2,13.703703703703702,7.685185185185185,2.0007999999999986,0.04835082458770615,0.13006535947712417,3.2039,53.36,True,52.092511013215855,63.32599118942731,57.709251101321584,46.25550660792951,51.00446428571429,37.55506607929515,45.339049716803025,22.46696035242291,49.337748344370866,46.91629955947136,37.9840709513668,95.37444933920705,94.60352422907489,66.62995594713657,51.65198237885462,81.43722466960352,26.431718061674008,63.65638766519823,92.95154185022027,53.83259911894273,14.427312775330396,11.334762429200756,7.596814190273361,16.287444933920707,5.383259911894274,55.03,True,True,True,True,True,True,True,True,True,NONE,,C,NO_SIGNAL
BBTC,False,0.96,0.17,-3.13,120,55.0,56,46.7,4,3.3,44,36.7,16,13.3,6,10,0,0,0,0,0,2.2,8.92,-6.01,1.48,13.0,263.93,4.04,-51.81,1.81,1.0,3,76,2015-10-16,2026-08-10,10.8,,swing_scanner_nifty500_history.xlsx,Latest_Scan,2026-08-11 13:06:49.120250940,45.0,11.11111111111111,7.037037037037036,2.201500000000001,0.07797722447403976,0.16923076923076924,3.9820000000000007,51.81,True,68.28193832599119,37.22466960352423,52.753303964757706,52.42290748898678,59.82142857142857,51.87224669603524,54.63624921334172,25.33039647577093,57.505518763796914,88.54625550660793,52.39565403428927,70.37444933920705,86.78414096916299,66.62995594713657,41.18942731277533,69.16299559471365,70.26431718061674,83.59030837004406,60.13215859030837,69.8898678414097,13.188325991189426,13.65906230333543,10.479130806857855,13.832599118942731,6.98898678414097,58.15,True,True,True,True,True,True,True,True,True,NONE,,C,NO_SIGNAL
CRISIL,False,0.95,0.07,11.21,92,52.2,28,30.4,3,3.3,29,31.5,32,34.8,18,14,0,0,0,0,0,1.36,7.86,-5.74,1.37,19.4,124.68,3.11,-35.11,1.49,1.01,5,51,2015-10-16,2026-08-10,10.8,,swing_scanner_nifty500_history.xlsx,Latest_Scan,2026-08-11 13:06:49.120250940,47.8,8.518518518518517,4.722222222222222,1.3592,0.08857875249216747,0.07010309278350517,2.0264,35.11,True,26.651982378854626,72.68722466960352,49.669603524229075,30.396475770925107,56.13839285714286,31.497797356828194,38.942259282567655,63.65638766519823,58.05739514348785,46.91629955947136,57.511718256167875,33.259911894273124,33.03964757709251,66.62995594713657,27.312775330396477,40.65528634361234,49.118942731277535,18.28193832599119,18.28193832599119,33.70044052863436,12.417400881057269,9.735564820641914,11.502343651233575,8.131057268722468,3.3700440528634363,45.16,True,True,True,True,True,True,True,True,True,NONE,,D,NO_SIGNAL
BHARATFORG,False,0.95,0.117,3.73,133,57.9,43,32.3,4,3.0,46,34.6,40,30.1,31,9,0,0,0,0,0,2.05,7.77,-5.8,1.34,17.6,273.31,4.35,-38.06,1.84,1.47,5,68,2015-10-16,2026-08-10,10.8,,swing_scanner_nifty500_history.xlsx,Latest_Scan,2026-08-11 13:06:49.120250940,42.1,12.314814814814815,6.296296296296296,2.057029999999999,0.11429322122963739,0.11647727272727271,3.772,38.06,True,46.36563876651982,56.718061674008815,51.54185022026432,47.797356828193834,60.71428571428571,54.40528634361234,53.78099433606042,56.6079295154185,65.12141280353201,46.91629955947136,57.164741177271445,84.80176211453745,74.55947136563876,66.62995594713657,59.58149779735683,73.91519823788546,43.17180616740088,36.784140969163,79.29515418502203,52.731277533039645,12.88546255506608,13.445248584015104,11.43294823545429,14.783039647577093,5.273127753303965,57.82,True,True,True,True,True,True,True,True,True,NONE,,C,NO_SIGNAL
NATIONALUM,False,0.94,0.202,-10.41,150,62.0,72,48.0,7,4.7,52,34.7,19,12.7,15,4,0,0,0,0,0,2.81,9.04,-7.35,1.23,13.9,421.41,5.71,-52.72,2.01,1.47,4,82,2015-10-16,2026-08-10,10.8,,swing_scanner_nifty500_history.xlsx,Latest_Scan,2026-08-11 13:06:49.120250940,38.0,13.888888888888888,7.592592592592592,2.8117999999999994,0.10830804248861912,0.20215827338129497,5.6480999999999995,52.72,True,75.0,18.06167400881057,46.530837004405285,69.27312775330397,68.30357142857143,64.86784140969164,67.72938955317811,24.229074889867842,65.12141280353201,70.59471365638767,50.13280285128026,95.92511013215858,93.83259911894272,66.62995594713657,79.07488986784142,85.55066079295153,26.431718061674008,75.99118942731278,93.5022026431718,56.4647577092511,11.632709251101321,16.932347388294527,10.026560570256052,17.110132158590307,5.646475770925111,61.35,True,True,True,True,True,True,True,True,True,NONE,,B,NO_SIGNAL
BALRAMCHIN,False,0.94,0.13,15.22,145,55.9,55,37.9,6,4.1,47,32.4,37,25.5,21,16,0,0,0,0,0,2.2,9.22,-6.7,1.38,16.9,318.28,3.29,-51.96,1.74,0.73,6,73,2015-10-16,2026-08-10,10.8,,swing_scanner_nifty500_history.xlsx,Latest_Scan,2026-08-11 13:06:49.120250940,44.1,13.425925925925926,6.759259259259259,2.1992799999999995,0.06331793687451887,0.13017751479289943,3.8280000000000003,51.96,True,52.092511013215855,80.1762114537445,66.13436123348018,52.42290748898678,57.14285714285714,45.04405286343612,51.86721208307112,25.11013215859031,51.87637969094923,26.3215859030837,34.78118223103928,93.28193832599119,83.03964757709251,66.62995594713657,46.69603524229075,77.0704845814978,51.2114537444934,45.81497797356828,90.63876651982379,61.96035242290749,16.533590308370044,12.96680302076778,6.956236446207857,15.41409691629956,6.196035242290749,58.07,True,True,True,True,True,True,True,True,True,NONE,,C,NO_SIGNAL
OBEROIRLTY,False,0.94,0.08,6.87,134,54.5,44,32.8,4,3.0,48,35.8,38,28.4,25,13,0,0,0,0,0,1.41,8.2,-6.71,1.22,17.6,189.14,3.11,-28.64,1.46,1.31,4,66,2015-10-16,2026-08-10,10.8,,swing_scanner_nifty500_history.xlsx,Latest_Scan,2026-08-11 13:06:49.120250940,45.5,12.407407407407407,6.111111111111111,1.4159500000000005,0.10858938547486033,0.08011363636363636,2.0585999999999998,28.64,True,31.718061674008812,63.65638766519823,47.68722466960352,31.387665198237887,56.13839285714286,29.185022026431717,38.691157960981755,80.39647577092511,62.69315673289183,70.59471365638767,71.7498735789791,86.34361233480176,70.26431718061674,66.62995594713657,38.65638766519824,70.24229074889868,24.779735682819386,36.784140969163,81.05726872246696,44.06387665198238,11.92180616740088,9.672789490245439,14.349974715795822,14.048458149779737,4.406387665198238,54.4,True,True,True,True,True,True,True,True,True,NONE,,C,NO_SIGNAL
EICHERMOT,False,0.93,0.125,11.44,119,58.8,43,36.1,2,1.7,35,29.4,39,32.8,25,14,0,0,0,0,0,2.45,7.86,-5.28,1.49,19.5,291.02,3.04,-41.79,2.12,0.85,6,57,2015-10-16,2026-08-10,10.8,,swing_scanner_nifty500_history.xlsx,Latest_Scan,2026-08-11 13:06:49.120250940,41.2,11.018518518518517,5.277777777777778,2.446319999999999,0.07274467575975115,0.12564102564102564,5.194000000000001,41.79,True,48.78854625550661,72.90748898678414,60.848017621145374,59.36123348017621,55.80357142857143,70.37444933920705,61.306482064191314,46.47577092511013,54.856512141280355,26.3215859030837,44.3704840952631,69.16299559471366,47.3568281938326,66.62995594713657,65.08810572687224,62.466960352422916,72.02643171806167,17.290748898678416,58.370044052863435,56.98237885462555,15.212004405286343,15.326620516047829,8.874096819052621,12.493392070484584,5.6982378854625555,57.6,True,True,True,True,True,True,True,True,True,NONE,,C,NO_SIGNAL
COCHINSHIP,False,0.92,0.262,-13.3,113,59.3,57,50.4,3,2.7,33,29.2,20,17.7,8,12,0,0,0,0,0,4.5,12.0,-6.41,1.87,17.2,508.87,10.47,-36.26,2.72,3.57,4,59,2017-08-11,2026-08-10,9.0,limited history: 9.0y (<10y) - lower confidence,swing_scanner_nifty500_history.xlsx,Latest_Scan,2026-08-11 13:06:49.120250940,40.7,12.555555555555555,6.555555555555555,4.50713,0.2887479316050745,0.2616279069767442,12.24,36.26,True,86.34361233480176,12.444933920704845,49.3942731277533,92.51101321585902,82.58928571428571,89.09691629955947,88.3801132787917,60.352422907488986,81.67770419426049,70.59471365638767,70.37684404508369,60.792951541850215,52.20264317180616,28.854625550660796,68.06167400881057,51.75110132158589,95.04405286343612,42.951541850220266,83.25991189427313,81.09030837004406,12.348568281938325,22.095028319697924,14.075368809016737,10.35022026431718,8.109030837004406,66.98,True,True,True,True,True,True,True,True,True,NONE,,B,NO_SIGNAL
360ONE,False,0.92,0.127,4.95,62,56.5,24,38.7,3,4.8,20,32.3,15,24.2,8,7,0,0,0,0,0,2.13,8.17,-5.69,1.44,16.7,132.11,4.58,-28.8,1.86,0.99,4,33,2019-09-19,2026-08-10,6.9,limited history: 6.9y (<10y) - lower confidence,swing_scanner_nifty500_history.xlsx,Latest_Scan,2026-08-11 13:06:49.120250940,43.5,8.98550724637681,4.782608695652174,2.140899999999999,0.15902777777777777,0.12754491017964073,3.9618,28.8,True,49.88986784140969,59.91189427312775,54.90088105726872,49.669603524229075,61.94196428571429,55.72687224669603,55.2927942101951,79.95594713656388,57.17439293598234,70.59471365638767,69.64209479631629,19.60352422907489,18.28193832599119,21.58590308370044,51.10132158590308,24.493392070484582,63.21585903083701,47.02643171806167,24.88986784140969,48.480176211453745,13.72522026431718,13.823198552548774,13.928418959263258,4.898678414096917,4.848017621145375,51.22,True,True,True,True,True,True,True,True,True,NONE,,C,NO_SIGNAL
NMDC,False,0.9,0.142,-10.34,103,63.1,41,39.8,7,6.8,32,31.1,23,22.3,18,5,0,0,0,0,0,2.44,7.72,-6.58,1.17,17.3,251.6,5.65,-26.68,2.01,2.91,3,58,2015-10-16,2026-08-10,10.8,,swing_scanner_nifty500_history.xlsx,Latest_Scan,2026-08-11 13:06:49.120250940,36.9,9.537037037037036,5.37037037037037,2.4433,0.2117691154422789,0.14104046242774565,4.904399999999999,26.68,True,58.14977973568281,18.28193832599119,38.215859030837,59.03083700440529,67.63392857142857,64.86784140969164,63.41818753933292,84.58149779735683,77.48344370860927,88.54625550660793,83.08836829360797,46.80616740088105,49.55947136563877,66.62995594713657,84.58149779735683,58.11674008810573,20.154185022026432,41.629955947136565,32.378854625550666,28.11674008810573,9.55396475770925,15.85454688483323,16.617673658721596,11.623348017621147,2.811674008810573,56.46,True,True,True,True,True,True,True,True,True,NONE,,C,NO_SIGNAL
CHOLAHLDNG,False,0.89,0.113,-8.8,94,63.8,36,38.3,9,9.6,27,28.7,22,23.4,16,6,0,0,0,0,0,2.08,7.25,-7.05,1.03,18.4,195.47,5.38,-39.66,1.82,1.76,5,49,2015-10-16,2026-08-10,10.8,,swing_scanner_nifty500_history.xlsx,Latest_Scan,2026-08-11 13:06:49.120250940,36.2,8.703703703703702,4.537037037037036,2.0734,0.13565305093292992,0.11304347826086958,3.7856,39.66,True,43.942731277533035,19.823788546255507,31.88325991189427,48.89867841409692,66.29464285714286,52.97356828193832,55.60635619886722,52.42290748898678,68.76379690949227,46.91629955947136,56.76556680378484,35.68281938325991,29.515418502202646,66.62995594713657,87.88546255506607,49.70814977973568,9.251101321585903,27.312775330396477,20.37444933920705,16.20044052863436,7.970814977973568,13.901589049716804,11.35311336075697,9.941629955947135,1.6200440528634361,44.79,True,True,True,True,True,True,True,True,True,NONE,,D,NO_SIGNAL
WELSPUNLIV,False,0.89,0.191,18.68,109,56.9,55,50.5,5,4.6,39,35.8,10,9.2,2,8,0,0,0,0,0,2.67,10.43,-7.57,1.38,14.0,290.96,1.48,-31.51,1.82,0.49,5,60,2015-10-16,2026-08-10,10.8,,swing_scanner_nifty500_history.xlsx,Latest_Scan,2026-08-11 13:06:49.120250940,43.1,10.092592592592592,5.555555555555555,2.6719999999999993,0.046969216121866074,0.1907142857142857,4.8594,31.51,True,71.91629955947137,86.56387665198237,79.24008810572687,65.63876651982379,43.41517857142857,52.97356828193832,54.98096286972939,73.12775330396477,47.682119205298015,46.91629955947136,57.668917933308045,52.42290748898678,55.17621145374449,66.62995594713657,52.5330396475771,56.679515418502206,51.2114537444934,75.22026431718062,39.4273127753304,52.477973568281946,19.810022026431717,13.745240717432347,11.53378358666161,11.335903083700442,5.247797356828195,61.67,True,True,True,True,True,True,True,True,True,NONE,,B,NO_SIGNAL
ASTRAL,False,0.88,0.075,-11.09,112,53.6,36,32.1,9,8.0,41,36.6,26,23.2,15,11,0,0,0,0,0,1.3,7.61,-5.99,1.27,17.2,145.16,6.95,-34.72,1.47,2.89,6,67,2015-10-16,2026-08-10,10.8,,swing_scanner_nifty500_history.xlsx,Latest_Scan,2026-08-11 13:06:49.120250940,46.4,10.37037037037037,6.203703703703703,1.2996000000000003,0.20017281105990783,0.07558139534883722,1.911,34.72,True,29.955947136563875,17.180616740088105,23.56828193832599,28.744493392070485,73.66071428571429,30.176211453744493,43.51856513530523,64.75770925110133,77.04194260485652,26.3215859030837,59.44816008791123,59.03083700440529,72.24669603524228,66.62995594713657,34.91189427312775,60.61674008810573,32.709251101321584,42.951541850220266,46.36563876651982,38.85462555066079,5.892070484581497,10.879641283826308,11.889632017582247,12.123348017621147,3.8854625550660793,44.67,True,True,True,True,True,True,True,True,True,NONE,,D,NO_SIGNAL
CGCL,False,0.87,0.085,21.85,116,54.3,43,37.1,3,2.6,41,35.3,29,25.0,17,12,0,0,0,0,0,1.55,8.77,-7.02,1.25,18.2,180.05,1.6,-54.76,1.48,0.32,9,67,2015-10-16,2026-08-10,10.8,,swing_scanner_nifty500_history.xlsx,Latest_Scan,2026-08-11 13:06:49.120250940,45.7,10.74074074074074,6.203703703703703,1.5539699999999987,0.029218407596785977,0.08516483516483517,2.294,54.76,True,33.370044052863435,89.86784140969164,61.618942731277535,34.140969162995596,44.419642857142854,30.726872246696036,36.474197608558846,19.823788546255507,43.26710816777042,3.303964757709251,23.89899446664916,65.41850220264317,72.24669603524228,66.62995594713657,37.55506607929515,63.24889867841409,28.9647577092511,29.295154185022028,53.964757709251096,36.530837004405285,15.404735682819384,9.118549402139712,4.779798893329832,12.64977973568282,3.6530837004405288,45.61,True,True,True,True,True,True,True,True,True,NONE,,D,NO_SIGNAL
EIHOTEL,False,0.86,0.178,-8.5,111,57.7,50,45.0,3,2.7,38,34.2,20,18.0,11,9,0,0,0,0,0,2.66,10.0,-7.33,1.36,15.0,295.42,5.0,-35.67,1.86,1.63,4,64,2015-10-16,2026-08-10,10.8,,swing_scanner_nifty500_history.xlsx,Latest_Scan,2026-08-11 13:06:49.120250940,42.3,10.277777777777777,5.925925925925926,2.669410000000001,0.14017381553125877,0.17733333333333334,4.9476,35.67,True,69.8237885462555,20.92511013215859,45.37444933920705,65.30837004405286,64.39732142857143,55.72687224669603,62.334015103838894,62.11453744493392,67.21854304635761,70.59471365638767,66.02098345829565,56.497797356828194,65.7488986784141,66.62995594713657,58.370044052863435,61.62444933920705,46.585903083700444,67.07048458149781,43.83259911894273,49.856828193832605,11.343612334801762,15.583503775959723,13.20419669165913,12.32488986784141,4.9856828193832605,57.44,True,True,True,True,True,True,True,True,True,NONE,,C,NO_SIGNAL
BLUESTARCO,False,0.85,0.147,-11.22,133,60.9,44,33.1,9,6.8,40,30.1,40,30.1,28,12,0,0,0,0,0,2.8,7.99,-5.3,1.51,19.0,371.78,8.8,-24.04,2.35,5.47,4,61,2015-10-16,2026-08-10,10.8,,swing_scanner_nifty500_history.xlsx,Latest_Scan,2026-08-11 13:06:49.120250940,39.1,12.314814814814815,5.648148148148148,2.7936100000000006,0.3660565723793678,0.14736842105263157,6.58,24.04,True,60.792951541850215,16.740088105726873,38.76651982378854,68.83259911894272,78.57142857142857,79.84581497797357,75.03272498426684,88.32599118942731,89.1832229580574,70.59471365638767,84.19320292518793,84.80176211453745,58.03964757709251,66.62995594713657,74.55947136563876,72.03193832599119,75.0,22.577092511013216,79.29515418502203,65.80396475770925,9.691629955947135,18.75818124606671,16.838640585037588,14.406387665198238,6.580396475770925,66.28,True,True,True,True,True,True,True,True,True,NONE,,B,NO_SIGNAL
RPOWER,False,0.84,0.718,-16.39,98,55.1,52,53.1,2,2.0,44,44.9,0,0.0,0,0,0,0,0,0,0,7.92,22.12,-9.51,2.33,11.0,776.02,0.29,-61.08,2.85,0.05,6,69,2015-10-16,2026-08-10,10.8,,swing_scanner_nifty500_history.xlsx,Latest_Scan,2026-08-11 13:06:49.120250940,44.9,9.074074074074073,6.388888888888888,7.918130000000002,0.004747871643745907,0.72,22.572,61.08,True,99.55947136563876,5.726872246696035,52.643171806167395,99.77973568281938,35.9375,91.62995594713657,77.068281938326,11.894273127753303,36.423841059602644,26.3215859030837,24.08645009773317,40.41850220264317,76.54185022026432,66.62995594713657,41.96035242290749,56.23348017621146,99.11894273127754,93.6123348017621,25.770925110132158,76.01321585903084,13.160792951541849,19.2670704845815,4.817290019546634,11.246696035242293,7.601321585903084,56.09,True,True,True,True,True,True,True,True,True,NONE,,C,NO_SIGNAL
SOBHA,False,0.84,0.117,-5.9,91,54.9,40,44.0,4,4.4,40,44.0,7,7.7,6,1,0,0,0,0,0,1.59,9.23,-7.73,1.19,13.5,144.46,2.95,-33.08,1.46,1.05,4,61,2015-10-16,2026-08-10,10.8,,swing_scanner_nifty500_history.xlsx,Latest_Scan,2026-08-11 13:06:49.120250940,45.1,8.425925925925926,5.648148148148148,1.581039999999999,0.0891777509068924,0.11777777777777779,2.3214,33.08,True,46.36563876651982,27.09251101321586,36.72907488986784,35.5726872246696,55.02232142857143,29.185022026431717,40.00802391441158,68.72246696035242,58.94039735099338,70.59471365638767,65.76680427108558,32.378854625550666,58.03964757709251,66.62995594713657,40.41850220264317,48.56277533039648,22.577092511013216,78.8546255506608,17.290748898678416,32.246696035242294,9.18226872246696,10.002005978602895,13.153360854217116,9.712555066079297,3.2246696035242297,45.27,True,True,True,True,True,True,True,True,True,NONE,,D,NO_SIGNAL
TATACONSUM,False,0.83,0.122,-13.62,126,65.1,30,23.8,10,7.9,33,26.2,53,42.1,42,11,0,0,0,0,0,2.7,6.59,-4.55,1.45,22.1,340.33,10.58,-24.52,2.7,7.49,3,54,2015-10-16,2026-08-10,10.8,,swing_scanner_nifty500_history.xlsx,Latest_Scan,2026-08-11 13:06:49.120250940,34.900000000000006,11.666666666666666,5.0,2.702139999999999,0.43148450244698205,0.12217194570135746,7.290000000000001,24.52,True,48.12775330396476,11.45374449339207,29.790748898678416,66.07929515418502,83.25892857142857,87.99559471365639,77.71334172435493,87.44493392070484,92.27373068432672,88.54625550660793,89.41034318444827,77.09251101321586,40.308370044052865,66.62995594713657,90.52863436123349,67.29625550660792,65.19823788546255,1.762114537444934,69.16299559471366,53.70044052863436,7.447687224669604,19.428335431088733,17.882068636889652,13.459251101321584,5.370044052863436,63.59,True,True,True,True,True,True,True,True,True,NONE,,B,NO_SIGNAL
TECHNOE,False,0.83,0.201,-15.91,86,53.5,36,41.9,7,8.1,29,33.7,14,16.3,3,11,0,0,0,0,0,3.09,10.99,-5.99,1.83,15.3,265.84,6.96,-37.21,2.11,2.72,6,51,2015-10-16,2026-08-10,10.8,,swing_scanner_nifty500_history.xlsx,Latest_Scan,2026-08-11 13:06:49.120250940,46.5,7.962962962962963,4.722222222222222,3.094300000000001,0.18704649287825853,0.20196078431372547,6.519899999999999,37.21,True,74.55947136563876,5.947136563876652,40.253303964757706,73.6784140969163,73.88392857142857,69.8237885462555,72.66488357457521,57.70925110132159,75.38631346578366,26.3215859030837,56.04930662932384,26.87224669603524,33.03964757709251,66.62995594713657,34.2511013215859,39.46035242290749,93.83259911894272,63.65638766519823,13.215859030837004,63.61233480176211,10.063325991189426,18.166220893643803,11.209861325864768,7.892070484581499,6.361233480176211,53.69,True,True,True,True,True,True,True,True,True,NONE,,C,NO_SIGNAL
HCLTECH,False,0.83,0.071,15.78,111,53.2,31,27.9,15,13.5,33,29.7,32,28.8,13,19,0,0,0,0,0,1.39,6.9,-4.86,1.42,19.7,154.71,3.15,-44.92,1.61,0.84,8,53,2015-10-16,2026-08-10,10.8,,swing_scanner_nifty500_history.xlsx,Latest_Scan,2026-08-11 13:06:49.120250940,46.8,10.277777777777777,4.907407407407407,1.3963200000000002,0.07012466607301869,0.07055837563451776,2.2379,44.92,True,27.312775330396477,81.05726872246696,54.18502202643172,30.947136563876654,56.47321428571429,37.55506607929515,40.96570169918188,38.87665198237886,54.52538631346579,7.709251101321586,36.56185877799497,56.497797356828194,37.99559471365639,66.62995594713657,32.819383259911895,50.85352422907489,59.25110132158591,15.52863436123348,43.83259911894273,45.88105726872247,13.54625550660793,10.24142542479547,7.312371755598995,10.17070484581498,4.588105726872247,45.86,True,True,True,True,True,True,True,True,True,NONE,,D,NO_SIGNAL
ELGIEQUIP,False,0.83,0.098,8.72,99,49.5,35,35.4,3,3.0,39,39.4,22,22.2,11,11,0,0,0,0,0,1.56,10.18,-6.88,1.48,15.9,154.54,2.1,-41.22,1.45,0.56,4,59,2015-10-16,2026-08-10,10.8,,swing_scanner_nifty500_history.xlsx,Latest_Scan,2026-08-11 13:06:49.120250940,50.5,9.166666666666666,5.462962962962963,1.5646999999999993,0.05094614264919942,0.09811320754716982,2.262,41.22,True,37.44493392070485,67.18061674008811,52.31277533039648,34.36123348017621,47.098214285714285,28.193832599118945,36.710195091252366,48.01762114537445,49.337748344370866,70.59471365638767,54.1239387927765,41.629955947136565,52.20264317180616,66.62995594713657,17.62114537444934,46.921806167400874,70.26431718061674,57.70925110132159,27.312775330396477,54.86784140969163,13.07819383259912,9.177548772813092,10.824787758555301,9.384361233480176,5.486784140969164,47.95,True,True,True,True,True,True,True,True,True,NONE,,D,NO_SIGNAL
AIAENG,False,0.82,0.057,22.08,102,50.0,21,20.6,11,10.8,29,28.4,41,40.2,21,20,0,0,0,0,0,1.1,7.01,-4.81,1.46,19.3,112.29,2.58,-26.31,1.46,1.17,3,49,2015-10-16,2026-08-10,10.8,,swing_scanner_nifty500_history.xlsx,Latest_Scan,2026-08-11 13:06:49.120250940,50.0,9.444444444444445,4.537037037037036,1.1,0.09806157354618017,0.05699481865284974,1.606,26.31,True,21.475770925110133,90.30837004405286,55.892070484581495,24.229074889867842,51.00446428571429,29.185022026431717,34.18486469477659,85.02202643171806,60.81677704194261,88.54625550660793,77.43124641401911,45.37444933920705,29.515418502202646,66.62995594713657,20.044052863436125,42.92400881057269,67.29074889867842,19.383259911894275,31.167400881057265,46.87224669603524,13.973017621145374,8.546216173694148,15.486249282803824,8.584801762114537,4.687224669603524,51.28,True,True,True,True,True,True,True,True,True,NONE,,C,NO_SIGNAL
CDSL,False,0.8,0.175,9.2,102,50.0,42,41.2,4,3.9,42,41.2,14,13.7,5,9,0,0,0,0,0,2.97,12.15,-6.22,1.95,17.0,302.63,2.91,-39.22,1.95,0.7,7,56,2017-06-30,2026-08-10,9.1,limited history: 9.1y (<10y) - lower confidence,swing_scanner_nifty500_history.xlsx,Latest_Scan,2026-08-11 13:06:49.120250940,50.0,11.20879120879121,6.153846153846154,2.9650000000000003,0.07419683834778175,0.17470588235294118,5.7915,39.22,True,69.60352422907489,68.28193832599119,68.94273127753304,72.24669603524228,54.12946428571429,62.00440528634361,63.5813404657017,53.63436123348018,51.434878587196465,14.427312775330398,43.06278019274343,45.37444933920705,44.713656387665196,29.295154185022028,20.044052863436125,37.38986784140969,96.0352422907489,44.93392070484582,62.77533039647577,75.83700440528634,17.23568281938326,15.895335116425425,8.612556038548687,7.477973568281938,7.583700440528634,56.81,True,True,True,True,True,True,True,True,True,NONE,,C,NO_SIGNAL
RAILTEL,False,0.8,0.251,-14.11,70,60.0,40,57.1,0,0.0,22,31.4,8,11.4,2,6,0,0,0,0,0,3.07,9.82,-7.05,1.39,12.3,215.19,6.97,-36.51,2.09,1.16,5,43,2021-02-26,2026-08-10,5.5,limited history: 5.5y (<10y) - lower confidence,swing_scanner_nifty500_history.xlsx,Latest_Scan,2026-08-11 13:06:49.120250940,40.0,12.727272727272727,7.818181818181818,3.072,0.19090660093125172,0.24959349593495933,6.4163,36.51,True,84.69162995594714,10.352422907488986,47.52202643171806,73.23788546255507,74.10714285714286,68.6123348017621,72.22089364380113,59.25110132158591,60.48565121412803,46.91629955947136,56.599493343447016,21.145374449339208,24.11894273127753,18.722466960352424,71.58590308370044,28.849118942731277,52.6431718061674,88.65638766519824,85.68281938325991,69.75770925110132,11.880506607929515,18.055223410950283,11.319898668689405,5.7698237885462555,6.975770925110132,54.0,True,True,True,True,True,True,True,True,True,NONE,,C,NO_SIGNAL
GLENMARK,False,0.79,0.113,-5.31,114,54.4,36,31.6,8,7.0,40,35.1,30,26.3,18,12,0,0,0,0,0,2.02,8.22,-5.37,1.53,17.9,230.73,4.77,-44.08,1.83,1.44,5,64,2015-10-16,2026-08-10,10.8,,swing_scanner_nifty500_history.xlsx,Latest_Scan,2026-08-11 13:06:49.120250940,45.6,10.555555555555555,5.925925925925926,2.022960000000001,0.10821234119782214,0.11284916201117319,3.6966,44.08,True,43.942731277533035,29.295154185022028,36.61894273127753,46.69603524229075,62.94642857142857,53.85462555066079,53.900566393958464,41.18942731277533,64.01766004415012,46.91629955947136,50.61102683043051,62.22466960352423,65.7488986784141,66.62995594713657,38.1057268722467,60.58920704845814,77.5330396475771,33.259911894273124,50.110132158590304,60.451541850220266,9.154735682819382,13.475141598489616,10.122205366086103,12.117841409691628,6.045154185022027,50.92,True,True,True,True,True,True,True,True,True,NONE,,C,NO_SIGNAL
HINDALCO,False,0.78,0.146,-5.42,151,62.3,56,37.1,3,2.0,42,27.8,50,33.1,36,14,0,0,0,0,0,2.87,8.37,-6.2,1.35,19.7,433.63,6.04,-42.37,2.23,2.0,4,64,2015-10-16,2026-08-10,10.8,,swing_scanner_nifty500_history.xlsx,Latest_Scan,2026-08-11 13:06:49.120250940,37.7,13.981481481481481,5.925925925925926,2.8771099999999996,0.1425536936511683,0.14568527918781726,6.4001,42.37,True,60.13215859030837,28.41409691629956,44.27312775330397,70.59471365638767,70.08928571428571,75.77092511013215,71.88231592196351,45.37444933920705,70.6401766004415,70.59471365638767,60.52251995993427,96.36563876651982,65.7488986784141,66.62995594713657,81.16740088105728,78.99779735682819,44.49339207048458,15.52863436123348,94.38325991189427,53.66740088105726,11.068281938325992,17.970578980490878,12.104503991986855,15.799559471365638,5.366740088105726,62.31,True,True,True,True,True,True,True,True,True,NONE,,B,NO_SIGNAL
WIPRO,False,0.78,0.118,-4.25,115,60.9,38,33.0,5,4.3,31,27.0,41,35.7,27,14,0,0,0,0,0,2.55,7.25,-4.76,1.52,21.7,293.05,5.69,-30.87,2.37,2.48,4,55,2015-10-16,2026-08-10,10.8,,swing_scanner_nifty500_history.xlsx,Latest_Scan,2026-08-11 13:06:49.120250940,39.1,10.648148148148147,5.092592592592593,2.5540900000000004,0.18432134758665372,0.11751152073732718,6.0435,30.87,True,46.80616740088105,31.938325991189426,39.37224669603524,61.78414096916299,68.08035714285714,80.94713656387665,69.16456891126495,75.1101321585903,74.28256070640177,70.59471365638767,73.69162752477365,63.76651982378855,42.070484581497794,66.62995594713657,74.55947136563876,60.6773127753304,76.3215859030837,3.524229074889868,51.98237885462555,54.46035242290749,9.84306167400881,17.291142227816238,14.73832550495473,12.13546255506608,5.446035242290749,59.45,True,True,True,True,True,True,True,True,True,NONE,,C,NO_SIGNAL
AARTIIND,False,0.77,0.114,2.67,139,54.0,48,34.5,3,2.2,49,35.3,39,28.1,23,16,0,0,0,0,0,1.88,8.49,-5.86,1.45,16.5,261.99,3.0,-41.2,1.7,0.89,5,82,2015-10-16,2026-08-10,10.8,,swing_scanner_nifty500_history.xlsx,Latest_Scan,2026-08-11 13:06:49.120250940,46.0,12.87037037037037,7.592592592592592,1.8890000000000002,0.07281553398058252,0.11393939393939394,3.1959999999999997,41.2,True,44.82378854625551,53.524229074889874,49.17400881057269,43.06167400881058,55.35714285714286,41.85022026431718,46.65701699181875,48.23788546255506,55.73951434878587,46.91629955947136,50.53305909696492,90.96916299559471,93.83259911894272,66.62995594713657,36.34361233480176,77.40638766519824,65.19823788546255,49.33920704845815,87.44493392070484,68.70044052863435,12.293502202643172,11.664254247954688,10.106611819392985,15.481277533039648,6.870044052863435,56.42,True,True,True,True,True,True,True,True,True,NONE,,C,NO_SIGNAL
INDHOTEL,False,0.76,0.138,10.68,134,55.2,54,40.3,3,2.2,43,32.1,34,25.4,18,16,0,0,0,0,0,2.34,8.93,-5.79,1.54,16.9,313.23,2.29,-50.73,1.9,0.52,7,67,2015-10-16,2026-08-10,10.8,,swing_scanner_nifty500_history.xlsx,Latest_Scan,2026-08-11 13:06:49.120250940,44.8,12.407407407407407,6.203703703703703,2.33544,0.04514094224324858,0.13846153846153847,4.446,50.73,True,55.50660792951542,71.25550660792952,63.38105726872247,56.6079295154185,48.549107142857146,58.370044052863435,54.52249842668345,26.762114537444937,48.12362030905077,14.427312775330398,31.154941116978343,86.34361233480176,72.24669603524228,66.62995594713657,42.40088105726873,71.29955947136563,78.52422907488987,45.81497797356828,81.05726872246696,72.74229074889868,15.845264317180618,13.630624606670862,6.230988223395669,14.259911894273126,7.274229074889869,57.24,True,True,True,True,True,True,True,True,True,NONE,,C,NO_SIGNAL
ICICIBANK,False,0.75,0.06,12.7,116,54.3,19,16.4,10,8.6,32,27.6,55,47.4,34,21,0,0,0,0,0,1.32,6.33,-4.63,1.37,22.2,153.38,2.85,-25.7,1.63,1.32,5,56,2015-10-16,2026-08-10,10.8,,swing_scanner_nifty500_history.xlsx,Latest_Scan,2026-08-11 13:06:49.120250940,45.7,10.74074074074074,5.185185185185185,1.3212799999999993,0.11089494163424125,0.05945945945945946,2.1516,25.7,True,23.237885462555067,75.22026431718062,49.229074889867846,29.295154185022028,53.68303571428571,38.76651982378855,39.75125865324104,86.12334801762115,63.0242825607064,46.91629955947136,68.23691299316354,65.41850220264317,44.713656387665196,66.62995594713657,37.55506607929515,56.36563876651982,49.118942731277535,1.3215859030837005,53.964757709251096,41.013215859030836,12.307268722466961,9.93781466331026,13.64738259863271,11.273127753303966,4.101321585903084,51.27,True,True,True,True,True,True,True,True,True,NONE,,C,NO_SIGNAL
NH,False,0.74,0.136,-3.36,96,51.0,37,38.5,4,4.2,29,30.2,26,27.1,9,17,0,0,0,0,0,2.33,9.66,-5.3,1.82,17.2,224.06,4.62,-31.2,1.9,1.83,4,51,2016-01-06,2026-08-10,10.6,,swing_scanner_nifty500_history.xlsx,Latest_Scan,2026-08-11 13:06:49.120250940,49.0,9.056603773584905,4.811320754716982,2.3296000000000006,0.14807692307692308,0.13546511627906976,4.427,31.2,True,54.62555066079295,36.12334801762114,45.37444933920705,56.38766519823789,62.5,58.370044052863435,58.89867841409692,73.7885462555066,69.5364238410596,70.59471365638767,71.50184526067042,38.43612334801762,33.03964757709251,32.819383259911895,23.6784140969163,33.469162995594715,93.6123348017621,42.951541850220266,25.11013215859031,62.9295154185022,11.343612334801762,14.72466960352423,14.300369052134085,6.693832599118943,6.29295154185022,53.36,True,True,True,True,True,True,True,True,True,NONE,,C,NO_SIGNAL
IOB,False,0.74,0.217,-3.56,88,58.0,47,53.4,1,1.1,32,36.4,8,9.1,3,5,0,0,0,0,0,2.71,9.74,-6.99,1.39,12.5,238.18,1.89,-59.21,1.92,0.37,4,61,2015-10-16,2026-08-10,10.8,,swing_scanner_nifty500_history.xlsx,Latest_Scan,2026-08-11 13:06:49.120250940,42.0,8.148148148148147,5.648148148148148,2.713399999999999,0.031920283735855426,0.2168,5.2032,59.21,True,77.86343612334802,35.24229074889868,56.55286343612335,66.74008810572687,45.982142857142854,60.68281938325991,58.40151038388924,13.876651982378855,44.03973509933775,70.59471365638767,38.61324649181667,28.744493392070485,58.03964757709251,66.62995594713657,60.46255506607929,50.297356828193834,52.6431718061674,87.44493392070484,14.20704845814978,48.07268722466961,14.138215859030838,14.60037759597231,7.722649298363334,10.059471365638768,4.8072687224669615,51.33,True,True,True,True,True,True,True,True,True,NONE,,C,NO_SIGNAL
BRITANNIA,False,0.74,0.07,2.99,95,63.2,11,11.6,6,6.3,23,24.2,55,57.9,43,12,0,0,0,0,0,1.62,5.1,-4.34,1.18,23.3,154.08,4.43,-22.14,2.01,2.44,3,47,2015-10-16,2026-08-10,10.8,,swing_scanner_nifty500_history.xlsx,Latest_Scan,2026-08-11 13:06:49.120250940,36.8,8.796296296296296,4.351851851851851,1.62608,0.2000903342366757,0.06952789699570816,3.2561999999999998,22.14,True,26.651982378854626,54.18502202643172,40.41850220264317,37.00440528634361,61.38392857142857,64.86784140969164,52.607614852108256,90.08810572687224,73.9514348785872,88.54625550660793,84.0548083749064,37.33480176211454,27.6431718061674,66.62995594713657,84.91189427312776,49.37224669603524,21.58590308370044,0.881057268722467,22.46696035242291,17.709251101321584,10.104625550660792,13.151903713027064,16.810961674981282,9.874449339207048,1.7709251101321586,51.71,True,True,True,True,True,True,True,True,True,NONE,,C,NO_SIGNAL
UNITDSPR,False,0.74,0.057,17.92,105,53.3,29,27.6,6,5.7,39,37.1,31,29.5,21,10,0,0,0,0,0,0.99,6.49,-5.29,1.23,17.4,104.32,2.0,-34.12,1.4,0.68,5,64,2015-10-16,2026-08-10,10.8,,swing_scanner_nifty500_history.xlsx,Latest_Scan,2026-08-11 13:06:49.120250940,46.7,9.722222222222221,5.925925925925926,0.9887399999999991,0.0586166471277843,0.056896551724137934,1.386,34.12,True,21.475770925110133,85.02202643171806,53.24889867841409,21.80616740088106,46.42857142857143,25.220264317180618,30.641283826305855,66.96035242290749,50.993377483443716,46.91629955947136,56.36089797823613,48.6784140969163,65.7488986784141,66.62995594713657,33.480176211453745,55.154185022026425,26.431718061674008,39.75770925110132,34.58149779735683,31.541850220264315,13.312224669603523,7.660320956576464,11.272179595647227,11.030837004405285,3.154185022026432,46.43,True,True,True,True,True,True,True,True,True,NONE,,D,NO_SIGNAL
CCL,False,0.73,0.072,-4.3,103,52.4,30,29.1,1,1.0,31,30.1,41,39.8,24,17,0,0,0,0,0,1.48,8.02,-5.73,1.4,20.7,152.39,5.2,-20.8,1.54,3.39,5,57,2015-10-16,2026-08-10,10.8,,swing_scanner_nifty500_history.xlsx,Latest_Scan,2026-08-11 13:06:49.120250940,47.6,9.537037037037036,5.277777777777778,1.4749999999999996,0.25,0.07149758454106281,2.2792,20.8,True,28.083700440528638,31.718061674008812,29.900881057268727,32.378854625550666,65.625,33.480176211453745,43.32599118942731,91.40969162995594,80.13245033112582,46.91629955947136,76.33930915774425,46.80616740088105,47.3568281938326,66.62995594713657,28.083700440528638,49.091409691629956,54.29515418502202,7.819383259911894,32.378854625550666,38.42511013215859,7.475220264317182,10.831497797356828,15.267861831548851,9.818281938325992,3.8425110132158595,47.24,True,True,True,True,True,True,True,True,True,NONE,,D,NO_SIGNAL
ADANIPOWER,False,0.73,0.443,-5.66,145,60.0,80,55.2,1,0.7,57,39.3,7,4.8,6,1,0,0,0,0,0,5.18,14.52,-8.85,1.64,11.7,750.49,-0.52,-54.88,2.46,-0.09,7,86,2015-10-16,2026-08-10,10.8,,swing_scanner_nifty500_history.xlsx,Latest_Scan,2026-08-11 13:06:49.120250940,40.0,13.425925925925926,7.962962962962963,5.172,-0.009475218658892129,0.4427350427350427,12.742799999999999,54.88,True,98.45814977973568,27.53303964757709,62.99559471365639,96.25550660792952,32.36607142857143,82.81938325991189,72.04877281309001,19.383259911894275,32.671081677704194,14.427312775330398,22.795010745786776,93.28193832599119,97.57709251101322,66.62995594713657,71.58590308370044,84.43832599118943,86.12334801762115,92.40088105726872,90.63876651982379,88.73348017621146,15.748898678414097,18.012193203272503,4.559002149157355,16.887665198237887,8.873348017621145,64.08,True,True,True,False,True,False,True,True,False,NON_POSITIVE_CAGR|NON_POSITIVE_RECOVERY,,B,NO_SIGNAL
ABSLAMC,False,0.72,0.14,-3.83,53,62.3,16,30.2,4,7.5,17,32.1,16,30.2,13,3,0,0,0,0,0,2.71,7.85,-5.77,1.36,19.3,143.56,6.14,-27.76,2.24,1.12,4,27,2021-10-11,2026-08-10,4.8,limited history: 4.8y (<10y) - lower confidence,swing_scanner_nifty500_history.xlsx,Latest_Scan,2026-08-11 13:06:49.120250940,37.7,11.041666666666668,5.625,2.7152600000000002,0.22118155619596538,0.14041450777202072,6.0704,27.76,True,56.497797356828194,34.030837004405285,45.26431718061674,66.74008810572687,70.3125,76.2114537444934,70.5352422907489,81.27753303964758,59.82339955849889,70.59471365638767,71.09788147543055,16.189427312775333,14.427312775330398,14.977973568281937,81.16740088105728,25.192731277533042,46.585903083700444,19.383259911894275,59.25110132158591,44.94493392070485,11.316079295154186,17.633810572687224,14.219576295086112,5.038546255506609,4.494493392070485,52.7,True,False,True,True,True,True,True,True,False,LIMITED_HISTORY,,C,NO_SIGNAL
PIDILITIND,False,0.71,0.076,13.24,111,55.0,20,18.0,6,5.4,34,30.6,51,45.9,35,16,0,0,0,0,0,1.6,6.58,-4.48,1.47,21.0,177.57,3.71,-29.19,1.79,1.6,5,52,2015-10-16,2026-08-10,10.8,,swing_scanner_nifty500_history.xlsx,Latest_Scan,2026-08-11 13:06:49.120250940,45.0,10.277777777777777,4.814814814814815,1.6030000000000002,0.12709832134292565,0.0761904761904762,2.8640000000000003,29.19,True,30.616740088105725,76.65198237885463,53.63436123348018,36.013215859030836,58.70535714285714,49.33920704845815,47.005978602894906,78.63436123348018,66.44591611479028,46.91629955947136,66.43889002343651,56.497797356828194,35.352422907488986,66.62995594713657,41.18942731277533,51.448237885462554,68.72246696035242,5.39647577092511,43.83259911894273,48.59030837004405,13.408590308370044,11.751494650723727,13.287778004687304,10.289647577092511,4.859030837004405,53.6,True,True,True,True,True,True,True,True,True,NONE,,C,NO_SIGNAL
PIIND,False,0.71,0.139,-13.65,107,64.5,38,35.5,10,9.3,35,32.7,24,22.4,20,4,0,0,0,0,0,2.62,7.13,-5.57,1.28,18.8,280.24,6.15,-26.92,2.32,3.21,5,56,2015-10-16,2026-08-10,10.8,,swing_scanner_nifty500_history.xlsx,Latest_Scan,2026-08-11 13:06:49.120250940,35.5,9.907407407407407,5.185185185185185,2.6214999999999997,0.22845468053491827,0.13936170212765958,6.0784,26.92,True,55.837004405286336,11.013215859030836,33.425110132158586,63.54625550660793,70.53571428571429,78.8546255506608,70.06922592825677,83.03964757709251,79.24944812362031,46.91629955947136,72.68224076397195,50.330396475770925,44.713656387665196,66.62995594713657,89.20704845814979,58.83259911894273,33.81057268722467,24.33920704845815,36.784140969163,32.808370044052865,8.356277533039647,17.517306482064193,14.53644815279439,11.766519823788547,3.280837004405287,55.46,True,True,True,True,True,True,True,True,True,NONE,,C,NO_SIGNAL
HINDCOPPER,False,0.71,0.362,-15.76,134,56.0,68,50.7,3,2.2,54,40.3,9,6.7,5,4,0,0,0,0,0,4.74,14.65,-7.87,1.86,13.1,634.68,1.82,-68.04,2.37,0.31,6,85,2015-10-16,2026-08-10,10.8,,swing_scanner_nifty500_history.xlsx,Latest_Scan,2026-08-11 13:06:49.120250940,44.0,12.407407407407407,7.87037037037037,4.741200000000001,0.026748971193415638,0.3618320610687023,11.2338,68.04,True,94.27312775330397,6.387665198237885,50.330396475770925,94.49339207048459,45.75892857142857,80.94713656387665,75.10541220893644,5.506607929515418,42.93598233995585,26.3215859030837,23.810633466561637,86.34361233480176,96.58590308370044,66.62995594713657,48.23788546255506,78.25991189427313,94.7136563876652,82.04845814977973,81.05726872246696,88.08370044052863,12.582599118942731,18.77635305223411,4.762126693312328,15.651982378854626,8.808370044052863,60.58,True,True,True,True,True,True,True,True,True,NONE,,B,NO_SIGNAL
GODREJPROP,False,0.71,0.131,18.26,122,57.4,47,38.5,6,4.9,41,33.6,28,23.0,17,11,0,0,0,0,0,2.22,8.62,-6.4,1.35,17.0,270.86,0.42,-40.07,1.81,0.11,5,65,2015-10-16,2026-08-10,10.8,,swing_scanner_nifty500_history.xlsx,Latest_Scan,2026-08-11 13:06:49.120250940,42.6,11.296296296296296,6.018518518518518,2.2214799999999983,0.010481657100074869,0.13058823529411767,4.0182,40.07,True,52.97356828193832,85.46255506607929,69.21806167400881,53.414096916299556,37.05357142857143,51.87224669603524,47.74701069855255,50.881057268722465,38.079470198675494,46.91629955947136,45.409312366893246,73.34801762114537,68.06167400881057,66.62995594713657,56.167400881057276,67.76982378854626,44.49339207048458,44.93392070484582,63.54625550660793,50.29735682819383,17.304515418502202,11.936752674638138,9.08186247337865,13.553964757709252,5.029735682819383,56.91,True,True,True,True,True,True,True,True,True,NONE,,C,NO_SIGNAL
TORNTPHARM,False,0.7,0.072,10.7,123,56.9,23,18.7,16,13.0,37,30.1,47,38.2,31,16,0,0,0,0,0,1.49,5.63,-3.96,1.42,20.8,183.74,2.92,-29.65,1.87,1.2,4,59,2015-10-16,2026-08-10,10.8,,swing_scanner_nifty500_history.xlsx,Latest_Scan,2026-08-11 13:06:49.120250940,43.1,11.388888888888888,5.462962962962963,1.4967099999999995,0.0984822934232715,0.07163461538461538,2.7863,29.65,True,28.083700440528638,71.58590308370044,49.83480176211454,32.819383259911895,54.46428571428571,56.497797356828194,46.375707992448085,77.75330396475772,61.147902869757175,70.59471365638767,70.15176600441502,74.55947136563876,52.20264317180616,66.62995594713657,52.5330396475771,63.68392070484582,59.25110132158591,6.71806167400881,65.52863436123349,50.62775330396476,12.458700440528634,11.593926998112021,14.030353200883006,12.736784140969164,5.062775330396477,55.88,True,True,True,True,True,True,True,True,True,NONE,,C,NO_SIGNAL
SIGNATURE,False,0.7,0.16,-8.15,18,72.2,10,55.6,0,0.0,5,27.8,3,16.7,3,0,0,0,0,0,0,1.57,4.54,-6.14,0.74,9.8,28.32,5.67,-10.2,1.92,1.23,2,15,2023-09-27,2026-08-10,2.9,limited history: 2.9y (<10y) - lower confidence,swing_scanner_nifty500_history.xlsx,Latest_Scan,2026-08-11 13:06:49.120250940,27.799999999999997,6.206896551724138,5.172413793103448,1.5709600000000001,0.5558823529411765,0.16020408163265307,3.0144,10.2,True,65.63876651982379,22.46696035242291,44.052863436123346,34.91189427312775,67.85714285714286,60.68281938325991,52.670232850849594,98.01762114537445,61.36865342163355,97.02643171806167,84.94268508523695,6.277533039647578,8.039647577092511,7.929515418502203,98.23788546255507,20.92511013215859,2.643171806167401,96.69603524229075,5.506607929515418,22.312775330396477,11.013215859030836,13.167558212712398,16.98853701704739,4.185022026431718,2.231277533039648,47.59,False,False,True,True,True,True,False,True,False,LOW_TRADE_COUNT|LIMITED_HISTORY|LOW_RISK_REWARD,,D,NO_SIGNAL
SCI,False,0.69,0.113,-15.25,141,49.6,59,41.8,4,2.8,50,35.5,28,19.9,7,21,0,0,0,0,0,1.59,10.18,-6.89,1.48,14.0,223.89,5.57,-52.34,1.46,1.45,8,86,2015-10-16,2026-08-10,10.8,,swing_scanner_nifty500_history.xlsx,Latest_Scan,2026-08-11 13:06:49.120250940,50.4,13.055555555555555,7.962962962962963,1.57672,0.10641956438670233,0.11357142857142857,2.3214,52.34,True,43.942731277533035,7.709251101321586,25.82599118942731,35.5726872246696,67.1875,29.185022026431717,43.90088105726872,24.44933920704846,64.45916114790286,7.709251101321586,34.26775485991579,91.85022026431719,97.57709251101322,66.62995594713657,18.502202643171806,75.97466960352423,70.26431718061674,75.22026431718062,88.76651982378854,76.80616740088107,6.456497797356827,10.97522026431718,6.853550971983158,15.194933920704848,7.680616740088107,47.16,True,True,True,True,True,True,True,True,True,NONE,,D,NO_SIGNAL
KPIL,False,0.68,0.073,3.73,100,53.0,30,30.0,5,5.0,40,40.0,25,25.0,18,7,0,0,0,0,0,1.28,8.22,-6.54,1.26,17.5,128.06,1.93,-43.9,1.42,0.47,4,61,2015-10-16,2026-08-10,10.8,,swing_scanner_nifty500_history.xlsx,Latest_Scan,2026-08-11 13:06:49.120250940,47.0,9.25925925925926,5.648148148148148,1.2828000000000004,0.04396355353075171,0.07314285714285715,1.8175999999999999,43.9,True,28.744493392070485,56.718061674008815,42.73127753303965,28.193832599118945,46.205357142857146,27.20264317180617,33.67998741346759,41.85022026431718,46.799116997792495,70.59471365638767,50.76845746905117,42.951541850220266,58.03964757709251,66.62995594713657,31.828193832599116,50.97466960352423,30.837004405286343,38.215859030837,28.524229074889867,31.618942731277535,10.682819383259913,8.419996853366898,10.153691493810236,10.194933920704846,3.1618942731277535,42.61,True,True,True,True,True,True,True,True,True,NONE,,D,NO_SIGNAL
AXISBANK,False,0.67,0.006,-4.75,90,48.9,15,16.7,2,2.2,28,31.1,45,50.0,27,18,0,0,0,0,0,0.13,5.22,-4.74,1.1,20.3,11.69,4.16,-19.76,1.05,2.73,3,51,2015-10-16,2026-08-10,10.8,,swing_scanner_nifty500_history.xlsx,Latest_Scan,2026-08-11 13:06:49.120250940,51.1,8.333333333333332,4.722222222222222,0.13043999999999967,0.21052631578947367,0.0064039408866995075,0.1365,19.76,True,11.45374449339207,30.396475770925107,20.92511013215859,11.45374449339207,60.04464285714286,12.004405286343612,27.157016991818754,92.07048458149781,75.71743929359823,88.54625550660793,85.46586146201048,31.167400881057265,33.03964757709251,66.62995594713657,15.969162995594713,38.22136563876652,11.894273127753303,10.90308370044053,16.519823788546255,13.083700440528634,5.2312775330396475,6.7892542479546885,17.093172292402098,7.644273127753305,1.3083700440528636,38.07,True,True,True,True,True,True,True,True,True,NONE,,F,NO_SIGNAL
RECLTD,False,0.66,0.265,-3.83,123,61.8,56,45.5,6,4.9,42,34.1,19,15.4,14,5,0,0,0,0,0,4.7,11.47,-6.24,1.84,17.7,578.66,2.32,-45.45,2.97,0.55,6,56,2015-10-16,2026-08-10,10.8,,swing_scanner_nifty500_history.xlsx,Latest_Scan,2026-08-11 13:06:49.120250940,38.2,11.388888888888888,5.185185185185185,4.70478,0.051045104510451036,0.2655367231638418,13.959000000000001,45.45,True,86.89427312775331,34.030837004405285,60.4625550660793,94.05286343612335,48.88392857142857,93.28193832599119,79.38294524858401,37.00440528634361,48.8962472406181,26.3215859030837,38.495845124524706,74.55947136563876,44.713656387665196,66.62995594713657,78.30396475770925,65.67731277533039,94.16299559471366,35.13215859030837,65.52863436123349,73.76651982378854,15.115638766519824,19.845736312146002,7.699169024904942,13.135462555066079,7.3766519823788546,63.17,True,True,True,True,True,True,True,True,True,NONE,,B,NO_SIGNAL
ULTRACEMCO,False,0.65,0.101,1.98,104,59.6,29,27.9,5,4.8,34,32.7,36,34.6,28,8,0,0,0,0,0,2.07,6.46,-4.43,1.46,20.4,214.77,3.35,-38.68,2.15,0.97,4,54,2015-10-16,2026-08-10,10.8,,swing_scanner_nifty500_history.xlsx,Latest_Scan,2026-08-11 13:06:49.120250940,40.4,9.62962962962963,5.0,2.06044,0.08660806618407446,0.10147058823529412,4.4505,38.68,True,38.65638766519824,52.6431718061674,45.64977973568282,48.6784140969163,57.70089285714286,71.80616740088107,58.041378225298935,54.62555066079295,56.73289183222958,70.59471365638767,59.355410819694455,47.68722466960352,40.308370044052865,66.62995594713657,69.60352422907489,53.86563876651983,67.29074889867842,10.13215859030837,33.14977973568282,45.61674008810573,11.412444933920705,14.510344556324734,11.871082163938892,10.773127753303967,4.561674008810573,53.13,True,True,True,True,True,True,True,True,True,NONE,,C,NO_SIGNAL
NYKAA,False,0.64,-0.001,17.6,55,50.9,17,30.9,5,9.1,19,34.5,14,25.5,6,8,0,0,0,0,0,-0.02,6.58,-6.86,0.96,15.6,-1.1,1.1,-32.36,0.99,0.16,3,34,2021-11-10,2026-08-10,4.7,limited history: 4.7y (<10y) - lower confidence,swing_scanner_nifty500_history.xlsx,Latest_Scan,2026-08-11 13:06:49.120250940,49.1,11.702127659574467,7.234042553191489,-0.019039999999999946,0.033992583436341164,-0.001282051282051282,-0.0198,32.36,True,10.242290748898679,84.58149779735683,47.41189427312776,10.13215859030837,41.07142857142857,10.022026431718063,20.00188797986155,71.1453744493392,39.29359823399559,88.54625550660793,64.34747303828613,16.96035242290749,18.612334801762113,14.096916299559473,23.127753303964756,17.58259911894273,6.607929515418502,60.13215859030837,70.04405286343612,36.34361233480176,11.85297356828194,5.0004719949653875,12.869494607657225,3.5165198237885464,3.6343612334801763,36.87,True,False,False,True,False,True,False,True,False,LIMITED_HISTORY|NON_POSITIVE_EXPECTANCY|PROFIT_FACTOR_BELOW_1|LOW_RISK_REWARD,,F,NO_SIGNAL
CENTRALBK,False,0.64,0.271,-13.93,104,61.5,60,57.7,0,0.0,34,32.7,10,9.6,4,6,0,0,0,0,0,3.34,10.37,-7.92,1.31,12.3,347.09,2.29,-48.73,2.1,0.55,6,67,2015-10-16,2026-08-10,10.8,,swing_scanner_nifty500_history.xlsx,Latest_Scan,2026-08-11 13:06:49.120250940,38.5,9.62962962962963,6.203703703703703,3.3283499999999995,0.04699363841576031,0.2715447154471544,7.014,48.73,True,87.66519823788546,10.79295154185022,49.22907488986784,77.97356828193833,48.549107142857146,69.16299559471366,66.09078036500945,30.616740088105725,48.8962472406181,26.3215859030837,35.94077904522955,47.68722466960352,72.24669603524228,66.62995594713657,77.09251101321586,62.97356828193832,37.99559471365639,88.65638766519824,33.14977973568282,46.674008810572694,12.30726872246696,16.522695091252363,7.1881558090459095,12.594713656387665,4.66740088105727,53.28,True,True,True,True,True,True,True,True,True,NONE,,C,NO_SIGNAL
JUBLPHARMA,False,0.63,0.129,-6.94,105,50.5,51,48.6,0,0.0,46,43.8,8,7.6,3,5,0,0,0,0,0,1.65,10.69,-7.56,1.41,12.8,173.54,1.38,-62.79,1.44,0.25,7,74,2015-10-16,2026-08-10,10.8,,swing_scanner_nifty500_history.xlsx,Latest_Scan,2026-08-11 13:06:49.120250940,49.5,9.722222222222221,6.851851851851851,1.6562499999999996,0.021978021978021976,0.12890624999999997,2.376,62.79,True,51.10132158590308,25.33039647577093,38.215859030837,38.43612334801762,43.080357142857146,27.863436123348016,36.96192573945878,9.361233480176212,41.61147902869757,14.427312775330398,21.91533924594723,48.6784140969163,84.47136563876651,66.62995594713657,21.255506607929515,58.00110132158591,56.38766519823789,85.68281938325991,34.58149779735683,55.70484581497797,9.55396475770925,9.240481434864694,4.383067849189446,11.600220264317182,5.570484581497798,40.35,True,True,True,True,True,True,True,True,True,NONE,,D,NO_SIGNAL
MUTHOOTFIN,False,0.63,0.099,-21.28,129,49.6,34,26.4,4,3.1,49,38.0,42,32.6,25,17,0,0,0,0,0,1.88,8.96,-5.09,1.76,19.0,242.52,7.46,-28.48,1.73,3.88,4,70,2015-10-16,2026-08-10,10.8,,swing_scanner_nifty500_history.xlsx,Latest_Scan,2026-08-11 13:06:49.120250940,50.4,11.944444444444443,6.481481481481481,1.8788,0.261938202247191,0.09894736842105263,3.2523999999999997,28.48,True,37.88546255506608,1.762114537444934,19.823788546255507,43.06167400881058,75.66964285714286,44.60352422907489,53.92794210195091,80.61674008810573,83.88520971302428,70.59471365638767,79.25519784889771,80.06607929515418,78.19383259911893,66.62995594713657,18.502202643171806,67.0044052863436,91.96035242290749,22.577092511013216,73.01762114537445,72.40088105726872,4.955947136563877,13.481985525487728,15.851039569779543,13.40088105726872,7.240088105726873,54.93,True,True,True,True,True,True,True,True,True,NONE,,C,NO_SIGNAL
FORCEMOT,False,0.63,0.386,-12.22,75,56.0,40,53.3,0,0.0,30,40.0,5,6.7,2,3,0,0,0,0,0,6.79,18.48,-8.08,2.29,17.6,509.33,5.21,-47.6,2.91,0.86,6,38,2019-08-19,2026-08-10,7.0,limited history: 7.0y (<10y) - lower confidence,swing_scanner_nifty500_history.xlsx,Latest_Scan,2026-08-11 13:06:49.120250940,44.0,10.714285714285714,5.428571428571429,6.793600000000001,0.10945378151260504,0.3857954545454545,19.7589,47.6,True,95.37444933920705,14.757709251101323,55.06607929515418,99.11894273127754,65.84821428571429,92.73127753303964,86.6837633731907,32.378854625550666,55.29801324503312,26.3215859030837,38.886242961752785,21.80616740088106,20.814977973568283,21.916299559471366,48.23788546255506,25.55066079295154,98.6784140969163,36.784140969163,52.6431718061674,72.48898678414096,13.766519823788546,21.670940843297675,7.777248592350557,5.110132158590308,7.248898678414097,55.57,True,True,True,True,True,True,True,True,True,NONE,,C,NO_SIGNAL
KIMS,False,0.63,0.113,5.1,51,62.7,13,25.5,5,9.8,16,31.4,17,33.3,14,3,0,0,0,0,0,2.22,6.44,-4.89,1.32,19.5,113.0,4.61,-29.62,2.22,0.81,4,26,2021-06-28,2026-08-10,5.1,limited history: 5.1y (<10y) - lower confidence,swing_scanner_nifty500_history.xlsx,Latest_Scan,2026-08-11 13:06:49.120250940,37.3,10.0,5.098039215686275,2.2139100000000003,0.15563808237677246,0.11384615384615386,4.928400000000001,29.62,True,43.942731277533035,60.13215859030837,52.0374449339207,53.414096916299556,62.27678571428571,75.22026431718062,62.35588420390183,77.97356828193833,53.75275938189845,70.59471365638767,67.65157151053671,15.638766519823788,13.54625550660793,16.85022026431718,83.48017621145375,25.594713656387665,39.97797356828194,17.290748898678416,38.1057268722467,34.878854625550666,13.009361233480176,15.588971050975458,13.530314302107342,5.118942731277533,3.4878854625550666,50.74,True,True,True,True,True,True,True,True,True,NONE,,C,NO_SIGNAL
VIJAYA,False,0.63,0.136,3.63,54,55.6,26,48.1,0,0.0,19,35.2,9,16.7,4,5,0,0,0,0,0,2.2,9.45,-6.87,1.38,16.1,118.58,2.81,-28.77,1.72,0.48,3,30,2021-09-14,2026-08-10,4.9,limited history: 4.9y (<10y) - lower confidence,swing_scanner_nifty500_history.xlsx,Latest_Scan,2026-08-11 13:06:49.120250940,44.4,11.020408163265305,6.122448979591836,2.20392,0.09767118526242614,0.13664596273291926,3.7840000000000003,28.77,True,54.62555066079295,56.38766519823789,55.506607929515425,52.42290748898678,52.90178571428571,43.942731277533035,50.2016991818754,80.1762114537445,47.35099337748344,88.54625550660793,70.77989614026899,16.629955947136562,16.740088105726873,15.308370044052863,44.713656387665196,20.53964757709251,51.2114537444934,54.845814977973575,59.03083700440529,54.284140969163005,13.876651982378856,12.55042479546885,14.155979228053798,4.107929515418502,5.428414096916301,50.12,True,False,True,True,True,True,True,True,False,LIMITED_HISTORY,,C,NO_SIGNAL
PRESTIGE,False,0.62,0.13,12.48,119,52.1,48,40.3,0,0.0,49,41.2,22,18.5,14,8,0,0,0,0,0,2.11,10.85,-7.41,1.46,16.3,250.68,-0.1,-54.52,1.59,-0.02,8,72,2015-10-16,2026-08-10,10.8,,swing_scanner_nifty500_history.xlsx,Latest_Scan,2026-08-11 13:06:49.120250940,47.9,11.018518518518517,6.666666666666666,2.10346,-0.001834189288334556,0.12944785276073617,3.3548999999999998,54.52,True,52.092511013215855,74.8898678414097,63.491189427312776,49.22907488986784,34.04017857142857,35.79295154185022,40.60651353052234,20.37444933920705,33.99558498896248,7.709251101321586,21.975547257150083,69.16299559471366,81.82819383259911,66.62995594713657,27.09251101321586,65.38546255506608,67.29074889867842,52.6431718061674,58.370044052863435,61.68502202643172,15.872797356828194,10.151628382630586,4.395109451430017,13.077092511013218,6.168502202643172,49.67,True,True,True,False,True,False,True,True,False,NON_POSITIVE_CAGR|NON_POSITIVE_RECOVERY,,D,NO_SIGNAL
HINDPETRO,False,0.61,0.165,-3.37,132,61.4,56,42.4,5,3.8,45,34.1,26,19.7,20,6,0,0,0,0,0,2.91,9.27,-7.2,1.29,17.6,383.86,1.63,-46.02,2.05,0.39,8,69,2015-10-16,2026-08-10,10.8,,swing_scanner_nifty500_history.xlsx,Latest_Scan,2026-08-11 13:06:49.120250940,38.6,12.222222222222221,6.388888888888888,2.9125799999999993,0.03541938287700999,0.1653409090909091,5.9655,46.02,True,67.07048458149781,35.90308370044053,51.48678414096917,71.36563876651982,44.642857142857146,67.40088105726872,61.70421648835746,35.24229074889868,45.143487858719645,7.709251101321586,31.824449825441743,83.59030837004406,76.54185022026432,66.62995594713657,76.54185022026432,76.53083700440529,34.91189427312775,36.784140969163,78.19383259911893,48.270925110132154,12.871696035242293,15.426054122089365,6.364889965088349,15.306167400881058,4.827092511013216,54.8,True,True,True,True,True,True,True,True,True,NONE,,C,NO_SIGNAL
GALLANTT,False,0.61,0.338,-30.03,105,54.3,54,51.4,1,1.0,47,44.8,3,2.9,2,1,0,0,0,0,0,4.04,15.19,-9.21,1.65,11.9,423.75,1.57,-62.13,1.96,0.27,6,69,2015-10-16,2026-08-10,10.8,,swing_scanner_nifty500_history.xlsx,Latest_Scan,2026-08-11 13:06:49.120250940,45.7,9.722222222222221,6.388888888888888,4.0391999999999975,0.025269596008369546,0.33949579831932775,7.9184,62.13,True,94.05286343612335,0.22026431718061676,47.136563876651984,87.99559471365639,44.08482142857143,62.55506607929515,66.82079924480806,10.79295154185022,42.16335540838852,26.3215859030837,25.654751485446994,48.6784140969163,76.54185022026432,66.62995594713657,37.55506607929515,58.463656387665196,86.89427312775331,91.74008810572687,34.58149779735683,72.16960352422907,11.784140969162996,16.705199811202014,5.130950297089399,11.69273127753304,7.216960352422908,52.53,True,True,True,True,True,True,True,True,True,NONE,,C,NO_SIGNAL
TMPV,False,0.61,0.126,-0.26,111,57.7,47,42.3,3,2.7,42,37.8,19,17.1,16,3,0,0,0,0,0,1.81,8.05,-6.69,1.2,14.3,200.44,1.32,-71.1,1.64,0.2,5,72,2015-10-16,2026-08-10,10.8,,swing_scanner_nifty500_history.xlsx,Latest_Scan,2026-08-11 13:06:49.120250940,42.3,10.277777777777777,6.666666666666666,1.8149800000000011,0.01856540084388186,0.12657342657342657,2.9684,71.1,True,49.44933920704846,46.91629955947136,48.18281938325991,42.070484581497794,42.410714285714285,39.53744493392071,41.47010698552549,4.185022026431718,40.507726269315675,46.91629955947136,27.58078789470101,56.497797356828194,81.82819383259911,66.62995594713657,58.370044052863435,65.64427312775331,22.90748898678414,72.79735682819384,43.83259911894273,39.16299559471366,12.045704845814978,10.367526746381373,5.516157578940202,13.128854625550662,3.9162995594713657,44.97,True,True,True,True,True,True,True,True,True,NONE,,D,NO_SIGNAL
ADANIPORTS,False,0.6,0.069,-7.02,125,52.8,36,28.8,3,2.4,42,33.6,44,35.2,27,17,0,0,0,0,0,1.33,7.68,-5.78,1.33,19.2,166.06,3.32,-38.5,1.49,1.07,5,58,2015-10-16,2026-08-10,10.8,,swing_scanner_nifty500_history.xlsx,Latest_Scan,2026-08-11 13:06:49.120250940,47.2,11.574074074074073,5.37037037037037,1.32688,0.08623376623376623,0.06927083333333334,1.9817,38.5,True,25.991189427312776,25.11013215859031,25.550660792951543,29.515418502202646,57.36607142857143,31.497797356828194,38.982693517935814,55.72687224669603,59.49227373068433,46.91629955947136,54.84211959428577,75.99118942731278,49.55947136563877,66.62995594713657,30.616740088105725,60.236784140969164,41.96035242290749,20.594713656387665,67.84140969162996,45.451541850220266,6.387665198237886,9.745673379483954,10.968423918857155,12.047356828193834,4.545154185022027,43.69,True,True,True,True,True,True,True,True,True,NONE,,D,NO_SIGNAL
SUNDARMFIN,False,0.59,0.064,-2.87,116,59.5,27,23.3,7,6.0,32,27.6,50,43.1,35,15,0,0,0,0,0,1.3,5.59,-4.99,1.12,20.4,150.93,2.8,-40.11,1.64,0.81,7,56,2015-10-16,2026-08-10,10.8,,swing_scanner_nifty500_history.xlsx,Latest_Scan,2026-08-11 13:06:49.120250940,40.5,10.74074074074074,5.185185185185185,1.3051,0.06980802792321117,0.06372549019607844,2.132,40.11,True,24.229074889867842,38.76651982378855,31.497797356828194,28.744493392070485,52.56696428571429,39.53744493392071,39.389710509754565,50.66079295154186,53.75275938189845,14.427312775330398,42.684611158113796,65.41850220264317,44.713656387665196,66.62995594713657,69.16299559471366,61.1068281938326,14.317180616740089,10.13215859030837,53.964757709251096,25.374449339207047,7.8744493392070485,9.847427627438641,8.536922231622759,12.221365638766521,2.537444933920705,41.02,True,True,True,True,True,True,True,True,True,NONE,,D,NO_SIGNAL
APOLLOHOSP,False,0.58,0.085,7.18,111,55.9,35,31.5,3,2.7,32,28.8,41,36.9,24,17,0,0,0,0,0,1.72,7.43,-5.51,1.35,20.3,190.62,2.83,-36.59,1.71,0.85,5,51,2015-10-16,2026-08-10,10.8,,swing_scanner_nifty500_history.xlsx,Latest_Scan,2026-08-11 13:06:49.120250940,44.1,10.277777777777777,4.722222222222222,1.7234599999999998,0.07734353648537852,0.08472906403940886,2.9412,36.59,True,33.370044052863435,64.53744493392071,48.95374449339207,39.647577092511014,53.34821428571429,42.841409691629956,44.92605412208937,58.590308370044056,54.856512141280355,46.91629955947136,54.36497748733358,56.497797356828194,33.03964757709251,66.62995594713657,46.69603524229075,51.69603524229075,44.49339207048458,10.90308370044053,43.83259911894273,37.57709251101321,12.238436123348018,11.231513530522342,10.872995497466718,10.33920704845815,3.7577092511013213,48.44,True,True,True,True,True,True,True,True,True,NONE,,D,NO_SIGNAL
IRFC,False,0.58,0.435,-16.95,53,60.4,31,58.5,0,0.0,21,39.6,1,1.9,0,1,0,0,0,0,0,4.63,12.45,-7.29,1.71,10.6,245.38,4.4,-33.03,2.6,0.76,4,32,2021-01-29,2026-08-10,5.5,limited history: 5.5y (<10y) - lower confidence,swing_scanner_nifty500_history.xlsx,Latest_Scan,2026-08-11 13:06:49.120250940,39.6,9.636363636363637,5.818181818181818,4.632959999999999,0.13321223130487436,0.4367924528301887,12.038,33.03,True,98.23788546255507,4.405286343612335,51.3215859030837,93.17180616740089,60.9375,85.79295154185021,80.79074889867842,68.94273127753304,52.64900662251656,70.59471365638767,63.65292324299094,16.189427312775333,17.951541850220266,18.722466960352424,73.45814977973568,25.85352422907489,90.19823788546255,94.8237885462555,33.480176211453745,74.10792951541849,12.830396475770925,20.197687224669604,12.730584648598189,5.170704845814978,7.41079295154185,58.34,True,True,True,True,True,True,True,True,True,NONE,,C,NO_SIGNAL
LATENTVIEW,False,0.58,0.072,-3.77,42,52.4,19,45.2,0,0.0,15,35.7,8,19.0,3,5,0,0,0,0,0,0.99,7.47,-6.14,1.22,13.8,41.53,2.66,-26.78,1.34,0.46,3,25,2021-11-23,2026-08-10,4.7,limited history: 4.7y (<10y) - lower confidence,swing_scanner_nifty500_history.xlsx,Latest_Scan,2026-08-11 13:06:49.120250940,47.6,8.936170212765957,5.319148936170213,0.9916400000000003,0.09932785660941001,0.07173913043478261,1.3266,26.78,True,28.083700440528638,34.58149779735683,31.332599118942735,21.80616740088106,51.5625,21.475770925110133,31.235682819383264,84.36123348017621,46.24724061810154,88.54625550660793,72.06759148505802,13.325991189427313,12.77533039647577,14.096916299559473,28.083700440528638,15.594713656387665,24.779735682819386,76.87224669603523,23.788546255506606,34.90088105726872,7.833149779735684,7.808920704845816,14.413518297011604,3.1189427312775333,3.4900881057268722,36.66,False,False,True,True,True,True,True,True,False,LOW_TRADE_COUNT|LIMITED_HISTORY,,F,NO_SIGNAL
TITAN,True,0.58,0.071,20.68,115,60.0,18,15.7,14,12.2,39,33.9,44,38.3,36,8,0,0,0,0,0,1.49,5.98,-5.24,1.14,21.1,171.44,0.49,-34.13,1.71,0.15,4,51,2015-10-16,2026-08-10,10.8,,swing_scanner_nifty500_history.xlsx,Latest_Scan,2026-08-11 13:06:49.120250940,40.0,10.648148148148147,4.722222222222222,1.492,0.014356870788162905,0.07061611374407582,2.5479,34.13,True,27.312775330396477,88.54625550660793,57.929515418502206,32.819383259911895,37.723214285714285,42.841409691629956,37.19477658904972,66.74008810572687,39.0728476821192,70.59471365638767,58.020210345129385,63.76651982378855,33.03964757709251,66.62995594713657,71.58590308370044,57.97356828193833,16.299559471365637,4.955947136563877,51.98237885462555,24.735682819383257,14.482378854625551,9.29869414726243,11.604042069025878,11.594713656387666,2.473568281938326,49.45,True,True,True,True,True,True,True,True,True,NONE,13,D,WEAK_WATCH
DALBHARAT,False,0.58,0.13,-0.02,87,56.3,29,33.3,2,2.3,28,32.2,28,32.2,18,10,0,0,0,0,0,2.27,8.41,-5.65,1.49,17.4,197.52,2.95,-30.07,1.92,0.75,4,44,2018-12-21,2026-08-10,7.6,limited history: 7.6y (<10y) - lower confidence,swing_scanner_nifty500_history.xlsx,Latest_Scan,2026-08-11 13:06:49.120250940,43.7,11.447368421052632,5.7894736842105265,2.265779999999999,0.09810442301296975,0.13045977011494253,4.3584,30.07,True,52.092511013215855,48.01762114537445,50.05506607929515,54.51541850220264,55.02232142857143,60.68281938325991,56.40449968533669,76.87224669603523,52.317880794701985,70.59471365638767,66.7088353706567,27.75330396475771,25.0,23.348017621145374,49.88986784140969,29.28414096916299,72.02643171806167,39.75770925110132,66.51982378854625,63.92070484581498,12.513766519823788,14.101124921334172,13.34176707413134,5.856828193832598,6.392070484581499,52.21,True,True,True,True,True,True,True,True,True,NONE,,C,NO_SIGNAL
NESTLEIND,False,0.57,0.067,0.41,110,59.1,13,11.8,14,12.7,26,23.6,57,51.8,39,18,0,0,0,0,0,1.57,5.07,-3.48,1.46,23.6,172.69,4.5,-16.59,2.1,3.57,4,47,2015-10-16,2026-08-10,10.8,,swing_scanner_nifty500_history.xlsx,Latest_Scan,2026-08-11 13:06:49.120250940,40.9,10.185185185185185,4.351851851851851,1.57305,0.27124773960216997,0.06652542372881355,3.297,16.59,True,25.0,49.55947136563877,37.279735682819386,34.91189427312775,61.60714285714286,69.16299559471366,53.04468219005665,94.93392070484582,81.67770419426049,70.59471365638767,84.20944316402641,54.074889867841414,27.6431718061674,66.62995594713657,66.74008810572687,52.50550660792951,67.29074889867842,0.6607929515418502,40.969162995594715,46.068281938325995,9.319933920704846,13.261170547514162,16.841888632805283,10.501101321585903,4.6068281938326,54.53,True,True,True,True,True,True,True,True,True,NONE,,C,NO_SIGNAL
LTF,False,0.56,0.163,7.97,125,60.0,56,44.8,4,3.2,41,32.8,24,19.2,15,9,0,0,0,0,0,2.81,9.14,-6.68,1.37,17.3,351.25,0.74,-56.29,2.05,0.14,4,68,2015-10-16,2026-08-10,10.8,,swing_scanner_nifty500_history.xlsx,Latest_Scan,2026-08-11 13:06:49.120250940,40.0,11.574074074074073,6.296296296296296,2.812,0.013146207141588205,0.1624277456647399,5.7604999999999995,56.29,True,66.40969162995594,65.85903083700441,66.13436123348018,69.27312775330397,38.61607142857143,67.40088105726872,58.93864065449969,17.841409691629956,38.741721854304636,70.59471365638767,38.34484493975552,75.99118942731278,74.55947136563876,66.62995594713657,71.58590308370044,72.63215859030838,49.118942731277535,41.629955947136565,67.84140969162996,53.23788546255507,16.533590308370044,14.734660163624923,7.668968987951104,14.526431718061676,5.323788546255507,58.79,True,True,True,True,True,True,True,True,True,NONE,,C,NO_SIGNAL
CIPLA,False,0.54,0.044,7.43,94,57.4,13,13.8,7,7.4,29,30.9,45,47.9,34,11,0,0,0,0,0,0.94,5.06,-4.62,1.1,21.1,88.23,2.02,-18.36,1.48,1.25,3,49,2015-10-16,2026-08-10,10.8,,swing_scanner_nifty500_history.xlsx,Latest_Scan,2026-08-11 13:06:49.120250940,42.6,8.703703703703702,4.537037037037036,0.9363199999999994,0.11002178649237473,0.04454976303317535,1.3912,18.36,True,18.28193832599119,64.97797356828194,41.629955947136565,20.37444933920705,46.651785714285715,30.726872246696036,31.681875393329143,93.3920704845815,61.81015452538632,88.54625550660793,81.12694615436979,35.68281938325991,29.515418502202646,66.62995594713657,56.167400881057276,44.95044052863436,11.894273127753303,4.955947136563877,20.37444933920705,13.050660792951543,10.407488986784141,7.920468848332286,16.225389230873958,8.990088105726873,1.3050660792951545,44.85,True,True,True,True,True,True,True,True,True,NONE,,D,NO_SIGNAL
IOC,False,0.54,0.125,-3.94,121,57.9,37,30.6,8,6.6,37,30.6,39,32.2,26,13,0,0,0,0,0,2.55,8.59,-5.74,1.5,20.4,308.89,2.85,-52.28,2.06,0.66,4,56,2015-10-16,2026-08-10,10.8,,swing_scanner_nifty500_history.xlsx,Latest_Scan,2026-08-11 13:06:49.120250940,42.1,11.203703703703702,5.185185185185185,2.5570699999999995,0.0545141545524101,0.125,5.253,52.28,True,48.78854625550661,33.480176211453745,41.13436123348018,61.78414096916299,53.68303571428571,67.95154185022027,60.9186595342983,24.669603524229075,50.77262693156733,70.59471365638767,45.28693924983712,71.80616740088107,44.713656387665196,66.62995594713657,59.58149779735683,61.90528634361233,73.568281938326,10.13215859030837,61.89427312775331,57.37885462555066,10.283590308370044,15.229664883574575,9.057387849967425,12.381057268722467,5.737885462555067,52.69,True,True,True,True,True,True,True,True,True,NONE,,C,NO_SIGNAL
DELHIVERY,False,0.53,-0.016,-1.33,33,42.4,11,33.3,1,3.0,13,39.4,8,24.2,2,6,0,0,0,0,0,-0.25,7.1,-5.68,1.25,15.9,-8.36,4.41,-18.22,0.92,1.0,3,23,2022-05-24,2026-08-10,4.2,limited history: 4.2y (<10y) - lower confidence,swing_scanner_nifty500_history.xlsx,Latest_Scan,2026-08-11 13:06:49.120250940,57.6,7.857142857142857,5.476190476190476,-0.2612800000000006,0.24204171240395173,-0.015723270440251572,-0.23,18.22,True,7.709251101321586,42.731277533039645,25.220264317180614,7.819383259911894,61.16071428571429,7.819383259911894,24.888609188168658,94.27312775330397,57.505518763796914,88.54625550660793,79.9727465453025,10.572687224669604,11.563876651982378,11.674008810572687,5.506607929515418,10.33590308370044,28.9647577092511,57.70925110132159,12.555066079295155,29.790748898678412,6.305066079295154,6.2221522970421645,15.9945493090605,2.0671806167400884,2.9790748898678414,33.57,False,False,False,True,False,True,True,True,False,LOW_TRADE_COUNT|LIMITED_HISTORY|NON_POSITIVE_EXPECTANCY|PROFIT_FACTOR_BELOW_1,,F,NO_SIGNAL
OIL,False,0.52,0.185,-14.82,120,60.0,48,40.0,2,1.7,42,35.0,28,23.3,22,6,0,0,0,0,0,3.21,9.6,-6.38,1.5,17.4,385.13,3.92,-45.23,2.26,1.06,5,60,2015-10-16,2026-08-10,10.8,,swing_scanner_nifty500_history.xlsx,Latest_Scan,2026-08-11 13:06:49.120250940,40.0,11.11111111111111,5.555555555555555,3.2079999999999997,0.0866681406146363,0.18448275862068966,7.254599999999999,45.23,True,70.59471365638767,8.370044052863436,39.48237885462555,75.55066079295155,59.375,76.98237885462555,70.77533039647578,37.66519823788546,59.16114790286976,46.91629955947136,47.50155595102644,70.37444933920705,55.17621145374449,66.62995594713657,71.58590308370044,65.8204845814978,73.568281938326,39.75770925110132,60.13215859030837,62.77533039647577,9.870594713656388,17.693832599118945,9.500311190205288,13.16409691629956,6.277533039647578,56.51,True,True,True,True,True,True,True,True,True,NONE,,C,NO_SIGNAL
CLEAN,False,0.52,-0.017,-5.81,42,50.0,18,42.9,0,0.0,14,33.3,10,23.8,3,7,0,0,0,0,0,-0.23,5.45,-5.92,0.92,13.4,-9.82,3.45,-34.76,0.92,0.47,8,28,2021-07-19,2026-08-10,5.1,limited history: 5.1y (<10y) - lower confidence,swing_scanner_nifty500_history.xlsx,Latest_Scan,2026-08-11 13:06:49.120250940,50.0,8.23529411764706,5.490196078431373,-0.23499999999999988,0.09925201380897584,-0.017164179104477612,-0.2116,34.76,True,7.268722466960352,27.312775330396477,17.290748898678416,8.370044052863436,58.25892857142857,7.819383259911894,24.180302076777846,64.53744493392071,46.799116997792495,7.709251101321586,44.121981698126056,13.325991189427313,15.198237885462554,16.85022026431718,20.044052863436125,15.682819383259911,5.726872246696035,79.73568281938326,14.537444933920703,23.17180616740088,4.322687224669604,6.045075519194461,8.824396339625212,3.1365638766519823,2.3171806167400884,24.65,False,True,False,True,False,True,False,True,False,LOW_TRADE_COUNT|NON_POSITIVE_EXPECTANCY|PROFIT_FACTOR_BELOW_1|LOW_RISK_REWARD,,F,NO_SIGNAL
IEX,False,0.52,0.174,-3.55,90,62.2,44,48.9,5,5.6,31,34.4,10,11.1,7,3,0,0,0,0,0,2.47,8.69,-7.76,1.12,14.2,222.62,1.25,-58.56,1.84,0.18,5,55,2017-10-23,2026-08-10,8.8,limited history: 8.8y (<10y) - lower confidence,swing_scanner_nifty500_history.xlsx,Latest_Scan,2026-08-11 13:06:49.120250940,37.8,10.227272727272727,6.249999999999999,2.4718999999999998,0.021345628415300546,0.173943661971831,4.5448,58.56,True,69.27312775330397,35.46255506607929,52.36784140969163,59.91189427312775,41.964285714285715,54.40528634361234,52.62680931403399,14.977973568281937,39.95584988962472,46.91629955947136,31.70481177854927,31.167400881057265,42.070484581497794,27.422907488986787,80.1762114537445,40.308370044052865,14.317180616740089,73.45814977973568,42.070484581497794,34.471365638766514,13.091960352422907,13.156702328508498,6.340962355709855,8.061674008810574,3.4471365638766516,44.1,True,True,True,True,True,True,True,True,True,NONE,,D,NO_SIGNAL
AIIL,False,0.52,0.089,18.35,14,50.0,4,28.6,0,0.0,6,42.9,4,28.6,3,1,0,0,0,0,0,1.26,10.14,-7.63,1.33,14.1,17.59,2.93,-10.2,1.33,0.43,2,9,2024-04-23,2026-08-10,2.3,limited history: 2.3y (<10y) - lower confidence,swing_scanner_nifty500_history.xlsx,Latest_Scan,2026-08-11 13:06:49.120250940,50.0,6.086956521739131,3.91304347826087,1.2550000000000003,0.28725490196078435,0.08936170212765958,1.6758000000000002,10.2,True,35.13215859030837,85.90308370044053,60.51762114537445,27.75330396475771,54.6875,21.145374449339208,34.52202643171807,98.01762114537445,45.6953642384106,97.02643171806167,79.4570338711089,5.176211453744493,4.074889867841409,6.057268722466961,20.044052863436125,7.351321585903083,41.96035242290749,74.33920704845815,5.066079295154185,37.36784140969163,15.129405286343612,8.630506607929517,15.891406774221782,1.4702643171806167,3.736784140969163,44.86,False,False,True,True,True,True,True,True,False,LOW_TRADE_COUNT|LIMITED_HISTORY,,D,NO_SIGNAL
CHOICEIN,False,0.52,0.144,23.24,48,58.3,12,25.0,5,10.4,17,35.4,14,29.2,11,3,0,0,0,0,0,2.63,7.31,-3.91,1.87,18.3,126.3,6.91,-29.74,2.61,0.92,6,26,2022-04-08,2026-08-10,4.3,limited history: 4.3y (<10y) - lower confidence,swing_scanner_nifty500_history.xlsx,Latest_Scan,2026-08-11 13:06:49.120250940,41.7,11.162790697674419,6.046511627906977,2.631259999999999,0.23234700739744454,0.14371584699453552,6.864299999999999,29.74,True,59.25110132158591,91.18942731277532,75.22026431718061,63.87665198237885,72.76785714285714,86.12334801762115,72.95091252359975,77.31277533039648,56.18101545253863,26.3215859030837,57.16886201631804,14.647577092511014,13.54625550660793,12.22466960352423,62.33480176211453,20.919603524229075,95.04405286343612,28.083700440528638,61.013215859030836,71.44273127753304,18.805066079295152,18.23772813089994,11.433772403263609,4.183920704845815,7.144273127753305,59.8,False,False,True,True,True,True,True,True,False,LOW_TRADE_COUNT|LIMITED_HISTORY,,C,NO_SIGNAL
ENRIN,False,0.51,-0.033,10.45,7,42.9,3,42.9,0,0.0,2,28.6,2,28.6,0,2,0,0,0,0,0,-0.34,8.56,-7.01,1.22,10.3,-2.36,4.8,-11.94,0.92,0.29,2,6,2025-06-19,2026-08-10,1.1,limited history: 1.1y (<10y) - lower confidence,swing_scanner_nifty500_history.xlsx,Latest_Scan,2026-08-11 13:06:49.120250940,57.1,6.363636363636363,5.454545454545454,-0.3304699999999996,0.4020100502512563,-0.03300970873786408,-0.3128,11.94,True,6.167400881057269,70.48458149779736,38.32599118942731,6.938325991189427,63.16964285714286,7.819383259911894,25.179043423536815,96.91629955947137,42.60485651214128,97.02643171806167,77.93482753255341,2.092511013215859,2.092511013215859,0.881057268722467,5.947136563876652,2.36784140969163,24.779735682819386,95.59471365638767,6.167400881057269,33.35903083700441,9.581497797356828,6.294760855884204,15.586965506510683,0.473568281938326,3.3359030837004413,35.27,False,False,False,True,False,True,True,True,False,LOW_TRADE_COUNT|LIMITED_HISTORY|NON_POSITIVE_EXPECTANCY|PROFIT_FACTOR_BELOW_1,,F,NO_SIGNAL
INFY,False,0.5,0.079,3.46,103,57.3,23,22.3,11,10.7,31,30.1,38,36.9,25,13,0,0,0,0,0,1.61,5.97,-4.24,1.41,20.4,166.05,1.75,-32.97,1.89,0.58,5,52,2015-10-16,2026-08-10,10.8,,swing_scanner_nifty500_history.xlsx,Latest_Scan,2026-08-11 13:06:49.120250940,42.7,9.537037037037036,4.814814814814815,1.6103299999999992,0.05307855626326964,0.07892156862745099,3.0429,32.97,True,31.167400881057265,55.72687224669603,43.44713656387665,36.56387665198238,44.86607142857143,57.59911894273127,45.11044682190057,69.38325991189427,50.0,46.91629955947136,56.982378854625544,46.80616740088105,35.352422907488986,66.62995594713657,55.2863436123348,50.17070484581497,56.38766519823789,10.13215859030837,32.378854625550666,39.93392070484582,10.861784140969162,11.277611705475142,11.39647577092511,10.034140969162994,3.993392070484582,47.56,True,True,True,True,True,True,True,True,True,NONE,,D,NO_SIGNAL
SUPREMEIND,False,0.5,0.101,-4.19,98,54.1,34,34.7,5,5.1,31,31.6,28,28.6,14,14,0,0,0,0,0,1.92,8.22,-5.49,1.5,18.9,188.35,2.56,-34.55,1.76,0.83,4,52,2015-10-16,2026-08-10,10.8,,swing_scanner_nifty500_history.xlsx,Latest_Scan,2026-08-11 13:06:49.120250940,45.9,9.074074074074073,4.814814814814815,1.9271100000000012,0.07409551374819104,0.10158730158730159,3.3792,34.55,True,38.65638766519824,32.709251101321584,35.68281938325991,44.16299559471366,50.44642857142857,46.69603524229075,46.88294524858401,65.85903083700441,54.3046357615894,70.59471365638767,62.99891326545497,40.41850220264317,35.352422907488986,66.62995594713657,36.784140969163,45.159691629955944,73.568281938326,23.348017621145374,25.770925110132158,49.18502202643172,8.920704845814978,11.720736312146002,12.599782653090996,9.03193832599119,4.918502202643172,47.19,True,True,True,True,True,True,True,True,True,NONE,,D,NO_SIGNAL
SJVN,False,0.5,0.161,-14.46,101,56.4,40,39.6,3,3.0,29,28.7,29,28.7,14,15,0,0,0,0,0,3.24,10.34,-5.94,1.74,20.2,327.59,5.0,-36.56,2.25,1.81,4,50,2015-10-16,2026-08-10,10.8,,swing_scanner_nifty500_history.xlsx,Latest_Scan,2026-08-11 13:06:49.120250940,43.6,9.351851851851851,4.62962962962963,3.2419199999999986,0.13676148796498905,0.1603960396039604,7.290000000000001,36.56,True,66.07929515418502,9.911894273127754,37.99559471365639,76.54185022026432,64.39732142857143,76.54185022026432,72.65560100692261,59.03083700440529,69.31567328918322,70.59471365638767,65.52149886707316,44.16299559471366,31.167400881057265,66.62995594713657,50.55066079295154,47.48898678414097,91.40969162995594,11.563876651982378,30.286343612334804,57.10352422907489,9.498898678414097,18.163900251730652,13.104299773414633,9.497797356828194,5.71035242290749,55.98,True,True,True,True,True,True,True,True,True,NONE,,C,NO_SIGNAL
HAVELLS,False,0.5,0.152,3.53,114,61.4,42,36.8,0,0.0,36,31.6,36,31.6,28,8,0,0,0,0,0,2.85,7.87,-5.13,1.53,18.8,325.26,2.25,-32.4,2.44,0.76,7,59,2015-10-16,2026-08-10,10.8,,swing_scanner_nifty500_history.xlsx,Latest_Scan,2026-08-11 13:06:49.120250940,38.6,10.555555555555555,5.462962962962963,2.8520000000000003,0.06944444444444445,0.15159574468085107,6.954,32.4,True,62.22466960352423,55.947136563876654,59.085903083700444,70.26431718061674,47.99107142857143,82.37885462555066,66.52894902454373,70.92511013215858,52.64900662251656,14.427312775330398,50.40402456457683,62.22466960352423,52.20264317180616,66.62995594713657,76.54185022026432,62.96806167400881,77.5330396475771,24.33920704845815,50.110132158590304,58.66740088105727,14.771475770925111,16.632237256135934,10.080804912915367,12.593612334801762,5.866740088105727,59.94,True,True,True,True,True,True,True,True,True,NONE,,C,NO_SIGNAL
BHARTIARTL,False,0.49,0.065,5.81,108,52.8,22,20.4,9,8.3,36,33.3,41,38.0,26,15,0,0,0,0,0,1.31,5.92,-3.84,1.54,20.1,141.62,2.09,-33.55,1.72,0.7,5,58,2015-10-16,2026-08-10,10.8,,swing_scanner_nifty500_history.xlsx,Latest_Scan,2026-08-11 13:06:49.120250940,47.2,10.0,5.37037037037037,1.3132800000000002,0.06229508196721312,0.06517412935323383,2.2532,33.55,True,24.44933920704846,61.45374449339207,42.951541850220266,29.074889867841406,46.875,43.942731277533035,38.93392070484582,68.06167400881057,51.434878587196465,46.91629955947136,56.95595199891083,51.431718061674005,49.55947136563877,66.62995594713657,30.616740088105725,51.64096916299559,78.52422907488987,12.22466960352423,38.1057268722467,53.1387665198238,10.737885462555067,9.733480176211454,11.391190399782166,10.32819383259912,5.31387665198238,47.5,True,True,True,True,True,True,True,True,True,NONE,,D,NO_SIGNAL
KAJARIACER,False,0.49,0.059,6.28,107,51.4,35,32.7,1,0.9,39,36.4,32,29.9,19,13,0,0,0,0,0,1.01,7.47,-5.83,1.28,17.1,107.71,0.79,-35.95,1.36,0.23,6,62,2015-10-16,2026-08-10,10.8,,swing_scanner_nifty500_history.xlsx,Latest_Scan,2026-08-11 13:06:49.120250940,48.6,9.907407407407407,5.7407407407407405,1.0061999999999998,0.021974965229485395,0.05906432748538011,1.3736000000000002,35.95,True,22.687224669603523,62.55506607929515,42.62114537444934,22.24669603524229,39.39732142857143,22.577092511013216,27.827407174323476,61.67400881057269,41.05960264900662,26.3215859030837,45.620860927152314,50.330396475770925,60.57268722466961,66.62995594713657,24.33920704845815,53.06718061674009,33.81057268722467,43.942731277533035,36.784140969163,36.72907488986784,10.655286343612335,6.956851793580869,9.124172185430464,10.613436123348018,3.672907488986784,41.02,True,True,True,True,True,True,True,True,True,NONE,,D,NO_SIGNAL
PFOCUS,False,0.48,0.165,-1.0,112,50.0,53,47.3,0,0.0,51,45.5,8,7.1,3,5,0,0,0,0,0,1.78,11.94,-8.38,1.42,10.8,199.36,-1.25,-74.65,1.42,-0.17,10,71,2015-10-16,2026-08-10,10.8,,swing_scanner_nifty500_history.xlsx,Latest_Scan,2026-08-11 13:06:49.120250940,50.0,10.37037037037037,6.5740740740740735,1.7799999999999994,-0.016744809109176154,0.1648148148148148,2.5276,74.65,True,67.07048458149781,44.27312775330397,55.67180616740089,41.409691629955944,27.901785714285715,27.20264317180617,33.109188168659536,2.643171806167401,29.80132450331126,1.4317180616740088,11.845661814044403,59.03083700440529,80.1762114537445,66.62995594713657,20.044052863436125,60.368942731277535,59.25110132158591,94.27312775330397,46.36563876651982,62.389867841409696,13.917951541850222,8.277297042164884,2.3691323628088807,12.073788546255507,6.23898678414097,42.88,True,True,True,False,True,False,True,True,False,NON_POSITIVE_CAGR|NON_POSITIVE_RECOVERY,,D,NO_SIGNAL
TBOTEK,False,0.48,0.09,32.24,13,53.8,7,53.8,0,0.0,2,15.4,4,30.8,0,4,0,0,0,0,0,0.98,5.47,-4.26,1.28,10.8,12.73,2.64,-10.7,1.5,0.48,3,10,2024-05-15,2026-08-10,2.2,limited history: 2.2y (<10y) - lower confidence,swing_scanner_nifty500_history.xlsx,Latest_Scan,2026-08-11 13:06:49.120250940,46.2,5.909090909090908,4.545454545454545,0.9747399999999993,0.24672897196261684,0.09074074074074073,1.47,10.7,True,35.46255506607929,94.93392070484582,65.19823788546256,21.365638766519822,51.33928571428571,31.938325991189426,33.9175582127124,97.13656387665198,47.35099337748344,88.54625550660793,77.56403710943198,4.73568281938326,4.73568281938326,5.39647577092511,35.68281938325991,9.54295154185022,33.81057268722467,94.27312775330397,4.845814977973569,37.2136563876652,16.29955947136564,8.4793895531781,15.512807421886396,1.9085903083700442,3.7213656387665206,45.92,False,False,True,True,True,True,True,True,False,LOW_TRADE_COUNT|LIMITED_HISTORY,,D,NO_SIGNAL
LINDEINDIA,False,0.48,0.172,-8.42,129,54.3,52,40.3,4,3.1,45,34.9,28,21.7,15,13,0,0,0,0,0,3.01,10.52,-5.91,1.78,17.4,388.08,3.74,-41.15,2.11,1.15,6,68,2015-10-16,2026-08-10,10.8,,swing_scanner_nifty500_history.xlsx,Latest_Scan,2026-08-11 13:06:49.120250940,45.7,11.944444444444443,6.296296296296296,3.011489999999999,0.09088699878493318,0.17298850574712643,6.351099999999999,41.15,True,68.83259911894272,21.58590308370044,45.209251101321584,72.68722466960352,58.92857142857143,69.8237885462555,67.48269351793581,48.458149779735685,60.264900662251655,26.3215859030837,47.05637161945327,80.06607929515418,74.55947136563876,66.62995594713657,37.55506607929515,68.95374449339207,92.73127753303964,39.75770925110132,73.01762114537445,76.22246696035242,11.302312775330396,16.870673379483954,9.411274323890655,13.790748898678414,7.622246696035242,59.0,True,True,True,True,True,True,True,True,True,NONE,,C,NO_SIGNAL
ACMESOLAR,False,0.48,0.108,25.31,18,55.6,8,44.4,2,11.1,7,38.9,1,5.6,0,1,0,0,0,0,0,1.64,8.79,-7.29,1.21,15.2,29.57,0.81,-34.99,1.51,0.03,5,12,2024-11-13,2026-08-10,1.7,limited history: 1.7y (<10y) - lower confidence,swing_scanner_nifty500_history.xlsx,Latest_Scan,2026-08-11 13:06:49.120250940,44.4,10.588235294117647,7.0588235294117645,1.6504800000000004,0.02314947127750786,0.10789473684210527,2.4764,34.99,True,41.409691629955944,91.85022026431719,66.62995594713657,38.1057268722467,39.732142857142854,32.268722466960355,36.991818753933295,64.31718061674009,35.76158940397351,46.91629955947136,49.9725034279546,6.277533039647578,5.947136563876652,3.303964757709251,44.713656387665196,11.216960352422907,23.45814977973568,64.75770925110133,51.10132158590308,40.01101321585903,16.65748898678414,9.247954688483324,9.994500685590921,2.2433920704845813,4.001101321585903,42.14,False,False,True,True,True,True,True,True,False,LOW_TRADE_COUNT|LIMITED_HISTORY,,D,NO_SIGNAL
THERMAX,False,0.48,0.126,-14.66,89,55.1,35,39.3,7,7.9,34,38.2,13,14.6,8,5,0,0,0,0,0,2.05,8.47,-5.81,1.46,16.3,182.63,4.58,-32.59,1.79,1.71,5,55,2015-10-16,2026-08-10,10.8,,swing_scanner_nifty500_history.xlsx,Latest_Scan,2026-08-11 13:06:49.120250940,44.9,8.24074074074074,5.092592592592593,2.058280000000001,0.14053390610616753,0.12576687116564417,3.6694999999999998,32.59,True,49.44933920704846,9.251101321585903,29.35022026431718,47.797356828193834,61.94196428571429,49.33920704845815,52.755349276274394,70.26431718061674,68.10154525386314,46.91629955947136,63.670342600966634,29.845814977973568,42.070484581497794,66.62995594713657,41.96035242290749,43.91519823788546,67.29074889867842,52.6431718061674,15.308370044052863,48.76651982378854,7.337555066079295,13.188837319068599,12.734068520193327,8.783039647577093,4.8766519823788546,46.92,True,True,True,True,True,True,True,True,True,NONE,,D,NO_SIGNAL
KOTAKBANK,False,0.47,0.043,0.22,81,50.6,12,14.8,7,8.6,31,38.3,31,38.3,22,9,0,0,0,0,0,0.84,5.74,-4.19,1.37,19.3,67.84,2.11,-23.45,1.41,1.03,5,42,2015-10-16,2026-08-10,10.8,,swing_scanner_nifty500_history.xlsx,Latest_Scan,2026-08-11 13:06:49.120250940,49.4,7.499999999999999,3.888888888888889,0.8345799999999999,0.08997867803837953,0.04352331606217616,1.1844,23.45,True,17.731277533039645,48.56828193832599,33.14977973568281,19.162995594713657,47.32142857142857,26.431718061674008,30.208936438011328,88.54625550660793,58.498896247240616,46.91629955947136,67.62219077904524,24.11894273127753,23.348017621145374,66.62995594713657,21.80616740088106,34.20704845814978,49.118942731277535,19.383259911894275,10.022026431718063,31.442731277533042,8.287444933920703,7.552234109502832,13.52443815580905,6.841409691629956,3.1442731277533045,39.35,True,True,True,True,True,True,True,True,True,NONE,,F,NO_SIGNAL
INOXWIND,False,0.47,0.321,-28.58,119,54.6,63,52.9,1,0.8,53,44.5,2,1.7,0,2,0,0,0,0,0,3.22,13.07,-8.65,1.51,10.0,382.69,-1.54,-65.0,1.82,-0.23,8,84,2015-10-16,2026-08-10,10.8,,swing_scanner_nifty500_history.xlsx,Latest_Scan,2026-08-11 13:06:49.120250940,45.4,11.018518518518517,7.777777777777778,3.209120000000001,-0.023692307692307693,0.322,5.8604,65.0,True,92.29074889867842,0.4405286343612335,46.36563876651982,75.77092511013215,27.232142857142854,52.97356828193832,53.85525487728131,7.268722466960352,27.483443708609272,7.709251101321586,14.454007060127783,69.16299559471366,95.59471365638767,66.62995594713657,39.20704845814978,70.64427312775331,75.0,96.1453744493392,58.370044052863435,74.24008810572687,11.591409691629956,13.463813719320328,2.8908014120255565,14.128854625550662,7.424008810572687,49.5,True,True,True,False,True,False,True,True,False,NON_POSITIVE_CAGR|NON_POSITIVE_RECOVERY,,D,NO_SIGNAL
JSWSTEEL,False,0.46,0.104,-1.44,137,56.9,41,29.9,0,0.0,39,28.5,57,41.6,37,20,0,0,0,0,0,2.15,8.14,-5.76,1.41,20.7,294.67,1.49,-42.21,1.87,0.38,6,62,2015-10-16,2026-08-10,10.8,,swing_scanner_nifty500_history.xlsx,Latest_Scan,2026-08-11 13:06:49.120250940,43.1,12.685185185185185,5.7407407407407405,2.1491,0.035299692016109926,0.10386473429951691,4.0205,42.21,True,39.86784140969163,42.51101321585903,41.18942731277533,50.66079295154186,43.75,56.497797356828194,50.08370044052864,45.92511013215859,44.5916114790287,26.3215859030837,40.55750454629441,89.31718061674009,60.57268722466961,66.62995594713657,52.5330396475771,70.94162995594714,56.38766519823789,7.819383259911894,84.91189427312776,55.23127753303965,10.297356828193832,12.52092511013216,8.111500909258883,14.188325991189428,5.5231277533039655,50.64,True,True,True,True,True,True,True,True,True,NONE,,C,NO_SIGNAL
AMBUJACEM,False,0.44,0.083,-5.39,93,49.5,30,32.3,4,4.3,34,36.6,25,26.9,12,13,0,0,0,0,0,1.35,7.66,-4.82,1.59,16.3,125.85,1.81,-36.33,1.56,0.57,7,52,2015-10-16,2026-08-10,10.8,,swing_scanner_nifty500_history.xlsx,Latest_Scan,2026-08-11 13:06:49.120250940,50.5,8.61111111111111,4.814814814814815,1.3575999999999997,0.049821084503165435,0.08282208588957056,2.1060000000000003,36.33,True,32.819383259911895,28.634361233480178,30.726872246696036,29.955947136563875,45.535714285714285,34.91189427312775,36.329137822529894,60.13215859030837,49.668874172185426,14.427312775330398,45.04379759022085,34.2511013215859,35.352422907488986,66.62995594713657,17.62114537444934,40.12665198237886,82.15859030837004,52.6431718061674,19.05286343612335,57.3237885462555,7.681718061674009,9.082284455632474,9.00875951804417,8.025330396475772,5.7323788546255505,39.53,True,True,True,True,True,True,True,True,True,NONE,,F,NO_SIGNAL
NTPC,False,0.44,0.063,-16.96,116,52.6,26,22.4,5,4.3,32,27.6,53,45.7,30,23,0,0,0,0,0,1.39,6.8,-4.61,1.48,22.1,160.98,5.53,-36.58,1.63,1.89,8,54,2015-10-16,2026-08-10,10.8,,swing_scanner_nifty500_history.xlsx,Latest_Scan,2026-08-11 13:06:49.120250940,47.4,10.74074074074074,5.0,1.39166,0.15117550574084201,0.06289592760180994,2.2657,36.58,True,24.008810572687224,4.074889867841409,14.041850220264317,30.947136563876654,66.96428571428571,38.76651982378855,44.66205160478289,58.81057268722467,70.19867549668875,7.709251101321586,50.02107827406133,65.41850220264317,40.308370044052865,66.62995594713657,29.405286343612335,54.04185022026432,70.26431718061674,1.762114537444934,53.964757709251096,51.67400881057269,3.5104625550660793,11.165512901195722,10.004215654812267,10.808370044052865,5.167400881057269,40.66,True,True,True,True,True,True,True,True,True,NONE,,D,NO_SIGNAL
NAVA,False,0.44,0.191,-20.11,134,57.5,63,47.0,1,0.7,49,36.6,21,15.7,13,8,0,0,0,0,0,2.82,10.77,-7.92,1.36,14.7,377.93,2.45,-59.44,1.84,0.47,5,76,2015-10-16,2026-08-10,10.8,,swing_scanner_nifty500_history.xlsx,Latest_Scan,2026-08-11 13:06:49.120250940,42.5,12.407407407407407,7.037037037037036,2.826749999999999,0.04121803499327053,0.19183673469387755,5.1888,59.44,True,71.91629955947137,1.9823788546255507,36.94933920704846,69.60352422907489,49.330357142857146,54.40528634361234,58.860604153555705,13.656387665198238,46.799116997792495,46.91629955947136,33.57132090517451,86.34361233480176,86.78414096916299,66.62995594713657,57.048458149779734,77.13105726872246,46.585903083700444,69.60352422907489,81.05726872246696,61.530837004405285,9.237334801762115,14.715151038388926,6.714264181034903,15.426211453744493,6.153083700440529,52.25,True,True,True,True,True,True,True,True,True,NONE,,C,NO_SIGNAL
CIEINDIA,False,0.44,0.137,-14.73,99,54.5,43,43.4,0,0.0,35,35.4,21,21.2,12,9,0,0,0,0,0,2.35,9.99,-6.81,1.47,17.1,232.58,2.82,-41.99,1.76,0.81,6,62,2015-10-16,2026-08-10,10.8,,swing_scanner_nifty500_history.xlsx,Latest_Scan,2026-08-11 13:06:49.120250940,45.5,9.166666666666666,5.7407407407407405,2.346000000000001,0.06715884734460585,0.13742690058479531,4.136,41.99,True,55.2863436123348,8.81057268722467,32.048458149779734,57.15859030837004,53.125,46.69603524229075,52.93832599118943,46.25550660792951,53.75275938189845,26.3215859030837,43.896064902607186,41.629955947136565,60.57268722466961,66.62995594713657,38.65638766519824,52.169603524229075,68.72246696035242,43.942731277533035,27.312775330396477,51.34361233480176,8.012114537444933,13.234581497797357,8.779212980521438,10.433920704845816,5.134361233480177,45.59,True,True,True,True,True,True,True,True,True,NONE,,D,NO_SIGNAL
RITES,False,0.44,0.139,5.98,82,54.9,31,37.8,0,0.0,31,37.8,20,24.4,14,6,0,0,0,0,0,2.32,9.23,-6.08,1.52,16.8,190.43,1.22,-54.52,1.85,0.17,6,42,2018-07-03,2026-08-10,8.1,limited history: 8.1y (<10y) - lower confidence,swing_scanner_nifty500_history.xlsx,Latest_Scan,2026-08-11 13:06:49.120250940,45.1,10.123456790123457,5.185185185185185,2.325189999999999,0.02237710931768158,0.13809523809523808,4.292,54.52,True,55.837004405286336,62.11453744493392,58.975770925110126,56.05726872246696,41.629464285714285,55.06607929515418,51.16283826305853,20.37444933920705,39.624724061810156,26.3215859030837,28.5988296330873,24.779735682819386,23.348017621145374,24.88986784140969,40.41850220264317,26.795154185022028,76.3215859030837,46.47577092511013,40.08810572687225,59.48237885462555,14.743942731277532,12.790709565764633,5.71976592661746,5.359030837004406,5.9482378854625555,44.56,True,True,True,True,True,True,True,True,True,NONE,,D,NO_SIGNAL
SAIL,False,0.43,0.074,-18.49,131,47.3,53,40.5,1,0.8,54,41.2,23,17.6,8,15,0,0,0,0,0,0.95,9.82,-7.01,1.4,13.0,125.05,2.56,-31.38,1.26,0.98,4,78,2015-10-16,2026-08-10,10.8,,swing_scanner_nifty500_history.xlsx,Latest_Scan,2026-08-11 13:06:49.120250940,52.7,12.129629629629628,7.222222222222221,0.9505899999999996,0.08158062460165712,0.07307692307692307,1.1969999999999998,31.38,True,29.295154185022028,2.643171806167401,15.969162995594715,20.704845814977972,50.44642857142857,18.06167400881057,29.48206419131529,73.568281938326,56.95364238410596,70.59471365638767,67.0097660238644,82.48898678414098,90.08810572687224,66.62995594713657,13.105726872246695,70.01651982378856,54.29515418502202,83.59030837004406,76.76211453744493,66.89427312775331,3.9922907488986787,7.370516047828822,13.40195320477288,14.003303964757713,6.689427312775331,45.46,True,True,True,True,True,True,True,True,True,NONE,,D,NO_SIGNAL
SUZLON,False,0.43,0.191,-14.7,105,56.2,50,47.6,4,3.8,46,43.8,5,4.8,5,0,0,0,0,0,0,2.16,10.66,-8.74,1.22,11.3,226.94,0.17,-72.45,1.56,0.02,6,70,2015-10-16,2026-08-10,10.8,,swing_scanner_nifty500_history.xlsx,Latest_Scan,2026-08-11 13:06:49.120250940,43.8,9.722222222222221,6.481481481481481,2.162800000000001,0.0023464458247066944,0.1911504424778761,3.3696,72.45,True,71.91629955947137,9.030837004405285,40.47356828193833,51.3215859030837,35.49107142857143,34.91189427312775,41.661107614852114,3.7444933920704844,35.099337748344375,26.3215859030837,20.362962044519648,48.6784140969163,78.19383259911893,66.62995594713657,49.44933920704846,60.66079295154184,24.779735682819386,92.84140969162996,34.58149779735683,41.33259911894273,10.118392070484582,10.415276903713028,4.07259240890393,12.13215859030837,4.133259911894274,40.87,True,True,True,True,True,True,True,True,True,NONE,,D,NO_SIGNAL
PAGEIND,False,0.42,0.099,5.7,128,54.7,42,32.8,2,1.6,39,30.5,45,35.2,26,19,0,0,0,0,0,1.91,7.78,-5.16,1.51,19.3,245.06,1.19,-49.1,1.82,0.27,6,68,2015-10-16,2026-08-10,10.8,,swing_scanner_nifty500_history.xlsx,Latest_Scan,2026-08-11 13:06:49.120250940,45.3,11.851851851851851,6.296296296296296,1.9181800000000009,0.024236252545824847,0.09896373056994819,3.4762,49.1,True,37.88546255506608,61.23348017621145,49.559471365638764,43.72246696035242,41.294642857142854,52.97356828193832,45.535871617369416,29.625550660792953,42.16335540838852,26.3215859030837,33.187791133024085,78.9647577092511,74.55947136563876,66.62995594713657,39.75770925110132,68.8986784140969,75.0,19.383259911894275,71.47577092511013,62.81938325991189,12.389867841409691,11.383967904342354,6.637558226604817,13.779735682819382,6.281938325991189,50.47,True,True,True,True,True,True,True,True,True,NONE,,C,NO_SIGNAL
SIEMENS,False,0.42,0.085,7.21,121,55.4,24,19.8,11,9.1,38,31.4,48,39.7,33,15,0,0,0,0,0,1.75,7.34,-5.2,1.41,20.5,211.21,1.06,-42.66,1.75,0.27,3,58,2015-10-16,2026-08-10,10.8,,swing_scanner_nifty500_history.xlsx,Latest_Scan,2026-08-11 13:06:49.120250940,44.6,11.203703703703702,5.37037037037037,1.7471599999999992,0.024847632442569156,0.08536585365853659,3.0625,42.66,True,33.370044052863435,64.75770925110133,49.06387665198238,40.7488986784141,40.625,45.81497797356828,42.12775330396476,44.49339207048458,42.16335540838852,88.54625550660793,54.6910950977818,71.80616740088107,49.55947136563877,66.62995594713657,43.502202643171806,60.70484581497798,56.38766519823789,9.361233480176212,61.89427312775331,48.63436123348018,12.265969162995596,10.53193832599119,10.93821901955636,12.140969162995596,4.863436123348018,50.74,True,True,True,True,True,True,True,True,True,NONE,,C,NO_SIGNAL
DIVISLAB,False,0.41,0.088,18.48,133,57.9,25,18.8,6,4.5,41,30.8,61,45.9,47,14,0,0,0,0,0,1.89,7.2,-5.42,1.33,21.4,251.31,0.96,-43.13,1.83,0.25,5,65,2015-10-16,2026-08-10,10.8,,swing_scanner_nifty500_history.xlsx,Latest_Scan,2026-08-11 13:06:49.120250940,42.1,12.314814814814815,6.018518518518518,1.8869799999999999,0.02225828889404127,0.0883177570093458,3.4587,43.13,True,34.691629955947135,86.12334801762115,60.407488986784145,43.392070484581495,40.17857142857143,53.85462555066079,45.29326620516048,43.17180616740088,41.61147902869757,46.91629955947136,43.56181501687234,84.80176211453745,68.06167400881057,66.62995594713657,59.58149779735683,72.29074889867842,41.96035242290749,4.185022026431718,79.29515418502203,45.60572687224669,15.101872246696036,11.32331655129012,8.712363003374469,14.458149779735685,4.56057268722467,54.16,True,True,True,True,True,True,True,True,True,NONE,,C,NO_SIGNAL
M&MFIN,False,0.4,0.086,27.55,110,57.3,31,28.2,5,4.5,35,31.8,39,35.5,27,12,0,0,0,0,0,1.68,8.38,-7.3,1.15,19.4,184.89,0.76,-44.61,1.54,0.19,6,52,2015-10-16,2026-08-10,10.8,,swing_scanner_nifty500_history.xlsx,Latest_Scan,2026-08-11 13:06:49.120250940,42.7,10.185185185185185,4.814814814814815,1.6846399999999995,0.01703653889262497,0.0865979381443299,2.5872,44.61,True,33.92070484581498,92.51101321585902,63.215859030837,38.76651982378855,38.839285714285715,33.480176211453745,37.3096286972939,39.647577092511014,40.1766004415011,26.3215859030837,36.50123746730071,54.074889867841414,35.352422907488986,66.62995594713657,55.2863436123348,52.7147577092511,17.290748898678416,18.28193832599119,40.969162995594715,24.592511013215862,15.80396475770925,9.327407174323476,7.300247493460143,10.542951541850222,2.4592511013215863,45.43,True,True,True,True,True,True,True,True,True,NONE,,D,NO_SIGNAL
LT,False,0.4,0.062,1.05,107,54.2,15,14.0,5,4.7,31,29.0,56,52.3,39,17,0,0,0,0,0,1.35,5.81,-3.92,1.48,21.9,144.8,2.54,-28.87,1.75,1.01,4,51,2015-10-16,2026-08-10,10.8,,swing_scanner_nifty500_history.xlsx,Latest_Scan,2026-08-11 13:06:49.120250940,45.8,9.907407407407407,4.722222222222222,1.3536600000000003,0.08798060270176654,0.06164383561643837,2.3625000000000003,28.87,True,23.788546255506606,50.440528634361236,37.11453744493392,29.955947136563875,50.0,45.81497797356828,40.81057268722467,79.51541850220264,58.05739514348785,70.59471365638767,69.77493411519872,50.330396475770925,33.03964757709251,66.62995594713657,37.00440528634361,48.08370044052863,70.26431718061674,3.0837004405286343,36.784140969163,46.784140969163,9.27863436123348,10.202643171806168,13.954986823039745,9.616740088105727,4.6784140969163,47.73,True,True,True,True,True,True,True,True,True,NONE,,D,NO_SIGNAL
LEMONTREE,False,0.39,0.128,-8.11,97,57.7,38,39.2,1,1.0,33,34.0,25,25.8,17,8,0,0,0,0,0,2.15,9.08,-7.32,1.24,16.8,208.44,1.22,-48.54,1.69,0.2,5,53,2018-04-09,2026-08-10,8.3,limited history: 8.3y (<10y) - lower confidence,swing_scanner_nifty500_history.xlsx,Latest_Scan,2026-08-11 13:06:49.120250940,42.3,11.686746987951807,6.385542168674698,2.142800000000001,0.025133910177173466,0.12797619047619047,3.6334999999999997,48.54,True,50.330396475770925,22.687224669603523,36.508810572687224,50.66079295154186,41.629464285714285,41.409691629955944,45.18045940843298,31.05726872246696,40.507726269315675,46.91629955947136,38.32968657311511,39.20704845814978,37.99559471365639,25.11013215859031,58.370044052863435,38.25440528634361,27.863436123348016,46.47577092511013,69.8237885462555,44.17400881057269,9.127202643171806,11.295114852108245,7.665937314623022,7.650881057268723,4.417400881057269,40.16,True,True,True,True,True,True,True,True,True,NONE,,D,NO_SIGNAL
SRF,False,0.39,0.133,-7.13,128,57.0,38,29.7,12,9.4,43,33.6,35,27.3,23,12,0,0,0,0,0,2.41,7.91,-4.9,1.61,18.1,308.23,2.73,-42.21,2.14,0.77,6,60,2015-10-16,2026-08-10,10.8,,swing_scanner_nifty500_history.xlsx,Latest_Scan,2026-08-11 13:06:49.120250940,43.0,11.851851851851851,5.555555555555555,2.401699999999999,0.06467661691542288,0.13314917127071824,5.157400000000001,42.21,True,53.63436123348018,24.88986784140969,39.26211453744493,58.70044052863436,52.00892857142857,71.1453744493392,60.04373820012587,45.92511013215859,52.980132450331126,26.3215859030837,43.49348688625025,78.9647577092511,55.17621145374449,66.62995594713657,53.74449339207048,66.15088105726872,83.48017621145375,30.837004405286343,71.47577092511013,69.35022026431719,9.815528634361232,15.010934550031468,8.69869737725005,13.230176211453745,6.935022026431719,53.69,True,True,True,True,True,True,True,True,True,NONE,,C,NO_SIGNAL
JWL,False,0.37,0.313,-12.73,109,56.9,62,56.9,1,0.9,45,41.3,1,0.9,0,1,0,0,0,0,0,2.87,11.73,-8.83,1.33,9.2,312.36,-1.22,-61.81,1.75,-0.18,5,76,2015-10-16,2026-08-10,10.8,,swing_scanner_nifty500_history.xlsx,Latest_Scan,2026-08-11 13:06:49.120250940,43.1,10.092592592592592,7.037037037037036,2.868639999999999,-0.01973790648762336,0.31195652173913047,5.0225,61.81,True,91.74008810572687,13.43612334801762,52.58810572687224,70.59471365638767,28.57142857142857,45.81497797356828,50.20893643801133,11.013215859030836,29.47019867549669,46.91629955947136,26.448930769904017,52.42290748898678,86.78414096916299,66.62995594713657,52.5330396475771,64.58149779735683,41.96035242290749,98.01762114537445,39.4273127753304,52.41189427312776,13.14702643171806,12.552234109502832,5.2897861539808035,12.916299559471367,5.241189427312776,49.15,True,True,True,False,True,False,True,True,False,NON_POSITIVE_CAGR|NON_POSITIVE_RECOVERY,,D,NO_SIGNAL
SHYAMMETL,False,0.37,0.156,12.29,50,56.0,22,44.0,1,2.0,16,32.0,11,22.0,5,6,0,0,0,0,0,3.13,10.58,-6.36,1.66,20.1,156.43,-0.15,-35.03,2.12,-0.02,4,24,2021-06-24,2026-08-10,5.1,limited history: 5.1y (<10y) - lower confidence,swing_scanner_nifty500_history.xlsx,Latest_Scan,2026-08-11 13:06:49.120250940,44.0,9.803921568627452,4.705882352941177,3.1264000000000003,-0.004282043962318013,0.15572139303482585,6.6356,35.03,True,63.76651982378855,74.44933920704845,69.1079295154185,74.22907488986785,33.25892857142857,70.37444933920705,60.03933291378226,63.986784140969164,33.99558498896248,70.59471365638767,55.14184681662145,15.418502202643172,12.114537444933921,16.85022026431718,48.23788546255506,19.873348017621144,87.55506607929516,12.22466960352423,35.68281938325991,56.9273127753304,17.276982378854626,15.009833228445565,11.028369363324291,3.974669603524229,5.69273127753304,52.98,True,True,True,False,True,False,True,True,False,NON_POSITIVE_CAGR|NON_POSITIVE_RECOVERY,,C,NO_SIGNAL
VBL,False,0.36,0.157,-12.98,103,58.3,37,35.9,4,3.9,38,36.9,24,23.3,19,5,0,0,0,0,0,2.72,9.2,-6.33,1.45,17.3,279.94,2.5,-55.36,2.03,0.46,6,58,2016-11-08,2026-08-10,9.8,,swing_scanner_nifty500_history.xlsx,Latest_Scan,2026-08-11 13:06:49.120250940,41.7,10.510204081632653,5.918367346938775,2.723989999999999,0.045158959537572256,0.15722543352601157,5.5216,55.36,True,64.53744493392071,13.215859030837004,38.87665198237886,67.62114537444934,49.55357142857143,66.29955947136564,61.46947765890498,18.94273127753304,46.24724061810154,26.3215859030837,30.34402320311968,46.80616740088105,49.55947136563877,30.837004405286343,62.33480176211453,45.831497797356825,65.19823788546255,41.629955947136565,48.89867841409692,55.59471365638766,9.719162995594715,15.367369414726245,6.068804640623936,9.166299559471366,5.559471365638767,45.88,True,True,True,True,True,True,True,True,True,NONE,,D,NO_SIGNAL
EMAMILTD,False,0.36,0.142,-8.68,92,57.6,38,41.3,0,0.0,31,33.7,23,25.0,15,8,0,0,0,0,0,2.14,7.8,-5.55,1.41,15.1,196.99,1.04,-31.07,1.91,0.37,4,59,2015-10-16,2026-08-10,10.8,,swing_scanner_nifty500_history.xlsx,Latest_Scan,2026-08-11 13:06:49.120250940,42.4,8.518518518518517,5.462962962962963,2.139600000000001,0.03347280334728034,0.14172185430463577,4.0874,31.07,True,58.14977973568281,20.484581497797357,39.31718061674009,50.0,40.401785714285715,59.471365638766514,49.58055380742606,74.66960352422907,44.03973509933775,70.59471365638767,62.930427108556756,33.259911894273124,52.20264317180616,66.62995594713657,57.819383259911895,50.02202643171806,56.38766519823789,66.07929515418502,18.28193832599119,46.89427312775331,9.829295154185022,12.395138451856514,12.586085421711353,10.004405286343612,4.689427312775331,49.5,True,True,True,True,True,True,True,True,True,NONE,,D,NO_SIGNAL
COLPAL,False,0.36,0.103,-8.43,101,60.4,26,25.7,5,5.0,32,31.7,38,37.6,30,8,0,0,0,0,0,2.05,6.05,-4.05,1.49,19.8,206.88,2.43,-22.08,2.28,1.27,3,52,2015-10-16,2026-08-10,10.8,,swing_scanner_nifty500_history.xlsx,Latest_Scan,2026-08-11 13:06:49.120250940,39.6,9.351851851851851,4.814814814814815,2.0504,0.11005434782608697,0.10353535353535352,4.6739999999999995,22.08,True,39.20704845814978,21.255506607929515,30.231277533039645,47.797356828193834,49.107142857142854,77.6431718061674,56.57331655129013,90.30837004405286,62.47240618101545,88.54625550660793,80.12525405762854,44.16299559471366,35.352422907488986,66.62995594713657,73.45814977973568,51.971365638766514,72.02643171806167,14.096916299559473,30.286343612334804,47.91850220264317,7.557819383259911,14.143329137822532,16.02505081152571,10.394273127753303,4.791850220264317,52.91,True,True,True,True,True,True,True,True,True,NONE,,C,NO_SIGNAL
DMART,False,0.36,0.091,-10.63,98,56.1,31,31.6,6,6.1,34,34.7,27,27.6,18,9,0,0,0,0,0,1.71,8.2,-6.6,1.24,18.7,167.39,2.56,-26.79,1.59,0.89,4,53,2017-03-21,2026-08-10,9.4,limited history: 9.4y (<10y) - lower confidence,swing_scanner_nifty500_history.xlsx,Latest_Scan,2026-08-11 13:06:49.120250940,43.9,10.425531914893616,5.638297872340425,1.7028000000000008,0.09555804404628593,0.09144385026737968,2.7189,26.79,True,35.68281938325991,17.62114537444934,26.651982378854626,39.09691629955947,50.44642857142857,35.79295154185022,41.80365009439899,84.14096916299559,55.73951434878587,70.59471365638767,70.8138961013702,40.41850220264317,37.99559471365639,29.955947136563875,49.118942731277535,38.502202643171806,27.863436123348016,25.440528634361232,47.57709251101321,33.292951541850215,6.6629955947136565,10.450912523599747,14.162779220274041,7.700440528634362,3.3292951541850218,42.31,True,True,True,True,True,True,True,True,True,NONE,,D,NO_SIGNAL
TCS,False,0.36,0.001,4.61,82,40.2,15,18.3,3,3.7,26,31.7,38,46.3,15,23,0,0,0,0,0,0.01,6.7,-4.49,1.49,22.0,1.01,1.57,-28.31,1.0,0.62,5,43,2015-10-16,2026-08-10,10.8,,swing_scanner_nifty500_history.xlsx,Latest_Scan,2026-08-11 13:06:49.120250940,59.8,7.592592592592592,3.9814814814814814,0.008379999999999832,0.05545743553514659,0.00045454545454545455,0.01,28.31,True,10.79295154185022,59.25110132158591,35.02202643171806,10.682819383259911,44.08482142857143,10.682819383259911,21.371460037759597,80.83700440528634,50.55187637969095,46.91629955947136,61.75703338487421,24.779735682819386,24.11894273127753,66.62995594713657,3.9647577092511015,31.954845814977972,72.02643171806167,2.4229074889867843,10.352422907488986,39.60352422907489,8.755506607929515,5.342865009439899,12.351406676974843,6.390969162995595,3.9603524229074893,36.8,True,True,True,True,True,True,True,True,True,NONE,,F,NO_SIGNAL
TEGA,False,0.35,0.168,-0.93,78,56.4,31,39.7,0,0.0,27,34.6,20,25.6,13,7,0,0,0,0,0,2.64,9.84,-6.68,1.47,15.7,205.75,0.0,-44.65,1.91,0.0,4,37,2021-12-13,2026-08-10,4.7,limited history: 4.7y (<10y) - lower confidence,swing_scanner_nifty500_history.xlsx,Latest_Scan,2026-08-11 13:06:49.120250940,43.6,16.595744680851062,7.872340425531915,2.6372799999999987,0.0,0.16815286624203823,5.0424,44.65,True,67.51101321585902,44.93392070484582,56.22246696035242,64.20704845814979,34.375,59.471365638766514,53.33480176211454,39.20704845814978,34.437086092715234,70.59471365638767,45.38447792980716,22.46696035242291,20.154185022026432,14.096916299559473,50.55066079295154,24.008810572687224,68.72246696035242,59.25110132158591,99.77973568281938,76.1453744493392,14.055616740088105,13.333700440528634,9.076895585961433,4.801762114537445,7.61453744493392,48.88,True,False,True,False,True,False,True,True,False,LIMITED_HISTORY|NON_POSITIVE_CAGR|NON_POSITIVE_RECOVERY,,D,NO_SIGNAL
ITI,False,0.34,0.238,-5.21,99,45.5,42,42.4,0,0.0,48,48.5,9,9.1,3,6,0,0,0,0,0,3.27,17.14,-8.29,2.07,13.7,323.8,-2.23,-61.24,1.72,-0.33,10,71,2015-10-16,2026-08-10,10.8,,swing_scanner_nifty500_history.xlsx,Latest_Scan,2026-08-11 13:06:49.120250940,54.5,9.166666666666666,6.5740740740740735,3.2806500000000014,-0.03641410842586545,0.23868613138686132,5.6244,61.24,True,82.59911894273128,29.735682819383257,56.16740088105727,77.31277533039648,22.767857142857142,43.942731277533035,50.51478917558213,11.674008810572687,23.841059602649008,1.4317180616740088,13.371903900574729,41.629955947136565,80.1762114537445,66.62995594713657,9.361233480176212,52.67621145374449,97.57709251101322,77.6431718061674,27.312775330396477,72.51101321585904,14.041850220264317,12.628697293895533,2.674380780114946,10.535242290748899,7.251101321585904,47.13,True,True,True,False,True,False,True,True,False,NON_POSITIVE_CAGR|NON_POSITIVE_RECOVERY,,D,NO_SIGNAL
ASAHIINDIA,False,0.33,0.058,6.64,109,51.4,31,28.4,8,7.3,42,38.5,28,25.7,17,11,0,0,0,0,0,1.03,7.96,-6.29,1.27,17.7,112.42,0.04,-45.65,1.34,0.01,4,60,2015-10-16,2026-08-10,10.8,,swing_scanner_nifty500_history.xlsx,Latest_Scan,2026-08-11 13:06:49.120250940,48.6,10.092592592592592,5.555555555555555,1.0345000000000004,0.0008762322015334064,0.05819209039548023,1.3802,45.65,True,22.136563876651984,62.99559471365639,42.56607929515418,22.46696035242291,34.598214285714285,21.475770925110133,26.07142857142857,36.12334801762114,34.65783664459161,70.59471365638767,44.22826044675244,52.42290748898678,55.17621145374449,66.62995594713657,24.33920704845815,52.45044052863436,32.709251101321584,35.13215859030837,39.4273127753304,35.209251101321584,10.641519823788546,6.517857142857142,8.845652089350487,10.490088105726873,3.5209251101321586,40.02,True,True,True,True,True,True,True,True,True,NONE,,D,NO_SIGNAL
PETRONET,False,0.33,0.06,0.22,87,50.6,24,27.6,4,4.6,31,35.6,28,32.2,16,12,0,0,0,0,0,1.14,6.88,-4.74,1.45,19.1,99.09,1.31,-26.81,1.49,0.52,4,52,2015-10-16,2026-08-10,10.8,,swing_scanner_nifty500_history.xlsx,Latest_Scan,2026-08-11 13:06:49.120250940,49.4,8.055555555555555,4.814814814814815,1.13972,0.04886236478925774,0.05968586387434554,1.6985999999999999,26.81,True,23.237885462555067,48.56828193832599,35.903083700440526,25.11013215859031,42.1875,31.497797356828194,32.36343612334802,83.70044052863436,48.12362030905077,70.59471365638767,67.97212173371844,27.75330396475771,35.352422907488986,66.62995594713657,21.80616740088106,38.480176211453745,65.19823788546255,21.58590308370044,13.766519823788546,41.04625550660793,8.975770925110131,8.090859030837006,13.594424346743688,7.696035242290749,4.104625550660793,42.46,True,True,True,True,True,True,True,True,True,NONE,,D,NO_SIGNAL
INDUSTOWER,False,0.32,0.032,-11.74,97,49.5,36,37.1,0,0.0,35,36.1,26,26.8,12,14,0,0,0,0,0,0.5,7.24,-6.11,1.18,15.6,48.11,1.48,-31.1,1.16,0.54,4,61,2015-10-16,2026-08-10,10.8,,swing_scanner_nifty500_history.xlsx,Latest_Scan,2026-08-11 13:06:49.120250940,50.5,8.981481481481481,5.648148148148148,0.4982500000000001,0.047588424437299034,0.032051282051282055,0.58,31.1,True,16.299559471365637,15.638766519823788,15.969162995594711,15.748898678414097,43.41517857142857,15.198237885462554,24.447923222152298,74.22907488986785,48.56512141280353,70.59471365638767,64.33810086452529,39.20704845814978,58.03964757709251,66.62995594713657,17.62114537444934,47.5330396475771,21.58590308370044,60.13215859030837,24.44933920704846,30.154185022026432,3.992290748898678,6.111980805538074,12.867620172905058,9.50660792951542,3.0154185022026434,35.49,True,True,True,True,True,True,True,True,True,NONE,,F,NO_SIGNAL
KEC,False,0.32,0.142,-16.96,105,61.0,49,46.7,6,5.7,36,34.3,14,13.3,9,5,0,0,0,0,0,2.65,8.99,-7.23,1.24,18.6,278.7,2.7,-36.65,1.94,0.86,3,53,2015-10-16,2026-08-10,10.8,,swing_scanner_nifty500_history.xlsx,Latest_Scan,2026-08-11 13:06:49.120250940,39.0,9.722222222222221,4.907407407407407,2.6642,0.07366984993178718,0.14247311827956988,5.141,36.65,True,58.14977973568281,4.074889867841409,31.11233480176211,64.75770925110133,51.78571428571429,61.67400881057269,59.74323473882946,58.370044052863435,55.29801324503312,88.54625550660793,64.83888613355896,48.6784140969163,37.99559471365639,66.62995594713657,75.33039647577093,54.49339207048458,27.863436123348016,26.21145374449339,34.58149779735683,29.548458149779734,7.778083700440527,14.935808684707364,12.967777226711792,10.898678414096917,2.9548458149779737,49.54,True,True,True,True,True,True,True,True,True,NONE,,D,NO_SIGNAL
IRCON,False,0.28,0.251,-14.89,81,55.6,43,53.1,1,1.2,30,37.0,7,8.6,2,5,0,0,0,0,0,3.47,12.31,-7.58,1.62,13.8,281.18,0.16,-54.42,2.03,0.02,4,48,2018-09-28,2026-08-10,7.9,limited history: 7.9y (<10y) - lower confidence,swing_scanner_nifty500_history.xlsx,Latest_Scan,2026-08-11 13:06:49.120250940,44.4,10.253164556962025,6.075949367088607,3.4788400000000013,0.0029400955531054757,0.25144927536231887,7.044099999999999,54.42,True,84.69162995594714,8.149779735682818,46.420704845814974,80.83700440528634,35.15625,66.29955947136564,62.14867841409692,20.92511013215859,35.099337748344375,70.59471365638767,38.303490678880884,24.11894273127753,28.41409691629956,24.229074889867842,44.713656387665196,28.309471365638764,84.69162995594714,76.87224669603523,42.51101321585903,70.47356828193833,11.605176211453744,15.53716960352423,7.660698135776177,5.6618942731277535,7.047356828193833,47.51,True,True,True,True,True,True,True,True,True,NONE,,D,NO_SIGNAL
HINDUNILVR,False,0.27,0.031,-11.16,93,55.9,10,10.8,14,15.1,28,30.1,41,44.1,29,12,0,0,0,0,0,0.67,3.86,-3.36,1.15,22.0,62.72,2.52,-22.49,1.46,1.32,4,44,2015-10-16,2026-08-10,10.8,,swing_scanner_nifty500_history.xlsx,Latest_Scan,2026-08-11 13:06:49.120250940,44.1,8.61111111111111,4.0740740740740735,0.6759799999999994,0.1120497999110716,0.030454545454545456,0.9782000000000001,22.49,True,16.079295154185022,16.96035242290749,16.519823788546255,16.740088105726873,49.776785714285715,29.185022026431717,30.79641283826306,89.20704845814979,63.0242825607064,70.59471365638767,75.38999669360408,34.2511013215859,25.0,66.62995594713657,46.69603524229075,41.89977973568281,17.290748898678416,2.4229074889867843,19.05286343612335,14.845814977973571,4.129955947136564,7.699103209565765,15.077999338720815,8.379955947136564,1.4845814977973573,36.77,True,True,True,True,True,True,True,True,True,NONE,,F,NO_SIGNAL
IRCTC,False,0.26,0.279,-6.74,73,58.9,32,43.8,3,4.1,24,32.9,14,19.2,8,6,0,0,0,0,0,4.8,12.1,-5.66,2.14,17.2,350.44,0.92,-45.1,3.06,0.12,5,37,2019-10-14,2026-08-10,6.8,limited history: 6.8y (<10y) - lower confidence,swing_scanner_nifty500_history.xlsx,Latest_Scan,2026-08-11 13:06:49.120250940,41.1,10.73529411764706,5.4411764705882355,4.800639999999999,0.020399113082039913,0.27906976744186046,14.687999999999999,45.1,True,88.65638766519824,25.55066079295154,57.10352422907489,94.7136563876652,39.955357142857146,94.49339207048459,77.12932662051605,38.32599118942731,38.41059602649007,46.91629955947136,40.50317997491029,21.365638766519822,20.154185022026432,21.255506607929515,65.7488986784141,27.69273127753304,97.90748898678414,42.951541850220266,52.863436123348016,73.40308370044053,14.275881057268723,19.282331655129013,8.100635994982058,5.538546255506608,7.3403083700440535,54.54,True,True,True,True,True,True,True,True,True,NONE,,C,NO_SIGNAL
BDL,False,0.26,0.113,-7.85,108,50.9,45,41.7,1,0.9,42,38.9,20,18.5,9,11,0,0,0,0,0,1.6,9.69,-6.79,1.43,14.2,172.96,0.23,-58.91,1.48,0.03,8,59,2018-03-23,2026-08-10,8.4,limited history: 8.4y (<10y) - lower confidence,swing_scanner_nifty500_history.xlsx,Latest_Scan,2026-08-11 13:06:49.120250940,49.1,12.857142857142856,7.023809523809524,1.5983199999999997,0.0039042607367170265,0.11267605633802819,2.368,58.91,True,43.942731277533035,23.568281938325992,33.75550660792951,36.013215859030836,35.714285714285715,30.726872246696036,34.437382001258655,14.537444933920703,35.76158940397351,7.709251101321586,20.258847040289407,51.431718061674005,52.20264317180616,25.55066079295154,23.127753303964756,40.90859030837004,61.67400881057269,73.45814977973568,87.22466960352423,71.69603524229075,8.438876651982378,8.609345500314664,4.051769408057882,8.181718061674008,7.169603524229075,36.45,True,True,True,True,True,True,True,True,True,NONE,,F,NO_SIGNAL
SBILIFE,False,0.25,0.015,-3.2,83,53.0,11,13.3,4,4.8,30,36.1,38,45.8,29,9,0,0,0,0,0,0.32,4.7,-4.62,1.02,20.8,26.54,1.09,-26.88,1.15,0.35,3,43,2017-10-03,2026-08-10,8.9,limited history: 8.9y (<10y) - lower confidence,swing_scanner_nifty500_history.xlsx,Latest_Scan,2026-08-11 13:06:49.120250940,47.0,9.325842696629213,4.831460674157303,0.31960000000000033,0.04055059523809524,0.015384615384615384,0.368,26.88,True,12.995594713656388,36.784140969163,24.889867841409693,13.54625550660793,40.848214285714285,14.867841409691628,22.6529263687854,83.48017621145375,43.59823399558499,88.54625550660793,70.78801625968823,25.66079295154185,24.11894273127753,28.30396475770925,31.828193832599116,26.86123348017621,8.81057268722467,6.71806167400881,29.515418502202646,14.60352422907489,6.222466960352423,5.66323159219635,14.157603251937648,5.372246696035242,1.4603524229074891,32.88,True,True,True,True,True,True,True,True,True,NONE,,F,NO_SIGNAL
ZYDUSWELL,False,0.24,0.044,-3.81,81,51.9,23,28.4,8,9.9,31,38.3,19,23.5,12,7,0,0,0,0,0,0.78,6.17,-5.03,1.23,17.6,63.04,0.6,-31.02,1.32,0.21,3,45,2015-10-16,2026-08-10,10.8,,swing_scanner_nifty500_history.xlsx,Latest_Scan,2026-08-11 13:06:49.120250940,48.1,7.499999999999999,4.166666666666666,0.7827999999999999,0.01934235976789168,0.04431818181818182,1.0296,31.02,True,18.28193832599119,34.36123348017621,26.3215859030837,18.28193832599119,38.169642857142854,20.594713656387665,25.293580868470737,74.8898678414097,40.83885209713024,88.54625550660793,66.38610924721144,24.11894273127753,26.10132158590308,66.62995594713657,26.3215859030837,35.5726872246696,26.431718061674008,36.784140969163,10.022026431718063,23.579295154185022,6.580396475770925,6.323395217117684,13.277221849442288,7.11453744493392,2.3579295154185025,35.65,True,True,True,True,True,True,True,True,True,NONE,,F,NO_SIGNAL
SCHNEIDER,True,0.23,0.216,7.05,114,59.6,61,53.5,4,3.5,45,39.5,4,3.5,3,1,0,0,0,0,0,2.72,10.28,-8.46,1.22,12.6,309.97,-2.7,-75.36,1.8,-0.33,6,78,2015-10-16,2026-08-10,10.8,,swing_scanner_nifty500_history.xlsx,Latest_Scan,2026-08-11 13:06:49.120250940,40.4,10.555555555555555,7.222222222222221,2.7090399999999986,-0.03582802547770701,0.21587301587301588,4.896000000000001,75.36,True,77.5330396475771,63.87665198237885,70.70484581497797,67.62114537444934,20.3125,50.881057268722465,47.79515418502203,1.9823788546255507,23.841059602649008,26.3215859030837,15.717718878548297,62.22466960352423,90.08810572687224,66.62995594713657,69.60352422907489,71.3986784140969,24.779735682819386,87.22466960352423,50.110132158590304,44.867841409691636,17.676211453744493,11.948788546255507,3.1435437757096594,14.279735682819382,4.486784140969164,51.54,True,True,True,False,True,False,True,True,False,NON_POSITIVE_CAGR|NON_POSITIVE_RECOVERY,24,C,REJECT
FORTIS,False,0.23,0.131,-5.34,122,59.8,41,33.6,12,9.8,39,32.0,30,24.6,21,9,0,0,0,0,0,2.54,7.99,-5.56,1.44,19.4,310.38,0.32,-40.93,2.14,0.08,5,57,2015-10-16,2026-08-10,10.8,,swing_scanner_nifty500_history.xlsx,Latest_Scan,2026-08-11 13:06:49.120250940,40.2,11.296296296296296,5.277777777777778,2.5429,0.007818226239921818,0.1309278350515464,5.4356,40.93,True,52.97356828193832,29.074889867841406,41.02422907488986,61.45374449339207,36.27232142857143,71.1453744493392,56.109345500314674,49.118942731277535,37.19646799116998,46.91629955947136,44.39541577928835,73.34801762114537,47.3568281938326,66.62995594713657,70.37444933920705,64.72466960352422,63.21585903083701,18.28193832599119,63.54625550660793,54.32819383259912,10.256057268722465,14.027336375078669,8.87908315585767,12.944933920704845,5.432819383259912,51.54,True,True,True,True,True,True,True,True,True,NONE,,C,NO_SIGNAL
HONASA,False,0.22,0.146,33.3,19,68.4,9,47.4,3,15.8,6,31.6,1,5.3,1,0,0,0,0,0,0,1.98,6.18,-7.1,0.87,13.6,37.65,0.1,-15.63,1.88,0.02,3,15,2023-11-07,2026-08-10,2.8,limited history: 2.8y (<10y) - lower confidence,swing_scanner_nifty500_history.xlsx,Latest_Scan,2026-08-11 13:06:49.120250940,31.599999999999994,6.7857142857142865,5.357142857142858,1.9835200000000008,0.006397952655150352,0.14558823529411766,3.7224,15.63,True,60.13215859030837,95.37444933920705,77.7533039647577,46.035242290748904,34.82142857142857,57.15859030837004,45.56135934550032,95.59471365638767,35.099337748344375,88.54625550660793,72.65921755112758,6.938325991189427,8.039647577092511,7.3788546255506615,96.0352422907489,20.688325991189426,4.6255506607929515,78.08370044052863,7.709251101321586,20.24229074889868,19.438325991189426,11.39033983637508,14.531843510225517,4.137665198237886,2.024229074889868,51.52,False,False,True,True,True,True,False,True,False,LOW_TRADE_COUNT|LIMITED_HISTORY|LOW_RISK_REWARD,,C,NO_SIGNAL
ITC,False,0.21,0.081,-8.79,102,56.9,16,15.7,3,2.9,30,29.4,53,52.0,39,14,0,0,0,0,0,1.73,6.15,-4.1,1.5,21.4,176.7,1.36,-25.94,1.98,0.58,5,49,2015-10-16,2026-08-10,10.8,,swing_scanner_nifty500_history.xlsx,Latest_Scan,2026-08-11 13:06:49.120250940,43.1,9.444444444444445,4.537037037037036,1.7322499999999996,0.05242868157286045,0.0808411214953271,3.4254,25.94,True,32.268722466960355,20.044052863436125,26.15638766519824,40.198237885462554,42.745535714285715,63.76651982378855,47.61249213341725,85.68281938325991,50.0,46.91629955947136,63.502202643171806,45.37444933920705,29.515418502202646,66.62995594713657,52.5330396475771,47.797356828193834,73.568281938326,4.185022026431718,31.167400881057265,46.97136563876652,6.53909691629956,11.903123033354312,12.700440528634362,9.559471365638768,4.6971365638766525,45.4,True,True,True,True,True,True,True,True,True,NONE,,D,NO_SIGNAL
CANBK,False,0.21,0.116,-1.07,154,58.4,61,39.6,4,2.6,53,34.4,36,23.4,25,11,0,0,0,0,0,1.79,7.91,-6.83,1.16,15.4,275.37,-1.03,-53.92,1.63,-0.19,7,84,2015-10-16,2026-08-10,10.8,,swing_scanner_nifty500_history.xlsx,Latest_Scan,2026-08-11 13:06:49.120250940,41.6,14.259259259259258,7.777777777777778,1.7781599999999997,-0.019102373887240356,0.11623376623376623,2.9177,53.92,True,45.70484581497797,43.83259911894273,44.768722466960355,41.629955947136565,29.6875,38.76651982378855,37.006607929515425,21.80616740088106,29.028697571743926,14.427312775330398,22.489339304295395,97.24669603524228,95.59471365638767,66.62995594713657,62.88546255506608,84.02533039647577,18.722466960352424,62.55506607929515,95.48458149779736,50.51762114537445,11.192180616740089,9.251651982378856,4.497867860859079,16.805066079295155,5.051762114537445,46.8,True,True,True,False,True,False,True,True,False,NON_POSITIVE_CAGR|NON_POSITIVE_RECOVERY,,D,NO_SIGNAL
LICI,False,0.2,0.159,-1.95,35,48.6,14,40.0,0,0.0,14,40.0,7,20.0,3,4,0,0,0,0,0,2.65,10.81,-5.06,2.14,16.6,92.77,0.78,-29.14,2.02,0.1,4,20,2022-05-17,2026-08-10,4.2,limited history: 4.2y (<10y) - lower confidence,swing_scanner_nifty500_history.xlsx,Latest_Scan,2026-08-11 13:06:49.120250940,51.4,8.333333333333332,4.761904761904762,2.65282,0.026767330130404943,0.15963855421686746,5.353,29.14,True,65.08810572687224,40.7488986784141,52.91850220264317,64.75770925110133,39.0625,65.52863436123349,56.75110132158591,79.07488986784142,37.63796909492274,70.59471365638767,62.45192354445645,11.233480176211454,10.022026431718063,11.674008810572687,15.308370044052863,11.651982378854624,97.90748898678414,47.907488986784145,16.519823788546255,63.49118942731278,13.229625550660792,14.187775330396477,12.490384708891291,2.330396475770925,6.349118942731279,48.59,False,False,True,True,True,True,True,True,False,LOW_TRADE_COUNT|LIMITED_HISTORY,,D,NO_SIGNAL
PFC,False,0.2,0.156,-16.99,130,58.5,51,39.2,3,2.3,41,31.5,35,26.9,22,13,0,0,0,0,0,2.8,9.41,-6.5,1.45,18.0,364.23,0.4,-50.64,2.04,0.08,7,64,2015-10-16,2026-08-10,10.8,,swing_scanner_nifty500_history.xlsx,Latest_Scan,2026-08-11 13:06:49.120250940,41.5,12.037037037037036,5.925925925925926,2.807349999999999,0.007898894154818327,0.15555555555555556,5.712,50.64,True,63.76651982378855,3.7444933920704844,33.75550660792952,68.83259911894272,36.830357142857146,66.96035242290749,58.067652611705476,27.09251101321586,37.19646799116998,14.427312775330398,27.462596396028434,81.16740088105728,65.7488986784141,66.62995594713657,63.21585903083701,70.98568281938326,65.19823788546255,32.268722466960355,74.8898678414097,61.519823788546255,8.43887665198238,14.516913152926369,5.492519279205688,14.197136563876652,6.151982378854626,48.8,True,True,True,True,True,True,True,True,True,NONE,,D,NO_SIGNAL
GESHIP,False,0.2,0.128,-14.57,120,57.5,46,38.3,2,1.7,41,34.2,31,25.8,21,10,0,0,0,0,0,2.18,8.66,-6.59,1.31,17.0,261.57,-0.1,-53.04,1.78,-0.02,8,66,2015-10-16,2026-08-10,10.8,,swing_scanner_nifty500_history.xlsx,Latest_Scan,2026-08-11 13:06:49.120250940,42.5,11.11111111111111,6.111111111111111,2.1787499999999995,-0.0018853695324283562,0.12823529411764706,3.8804000000000003,53.04,True,50.330396475770925,9.581497797356828,29.95594713656388,51.65198237885462,34.04017857142857,47.907488986784145,44.96774701069855,23.127753303964756,33.99558498896248,7.709251101321586,23.076868843053166,70.37444933920705,70.26431718061674,66.62995594713657,57.048458149779734,67.41189427312776,37.99559471365639,44.93392070484582,60.13215859030837,46.02422907488987,7.48898678414097,11.241936752674638,4.615373768610634,13.482378854625551,4.602422907488987,41.43,True,True,True,False,True,False,True,True,False,NON_POSITIVE_CAGR|NON_POSITIVE_RECOVERY,,D,NO_SIGNAL
TECHM,False,0.19,0.059,18.22,136,55.9,33,24.3,12,8.8,39,28.7,52,38.2,32,20,0,0,0,0,0,1.21,5.79,-4.59,1.26,20.4,164.97,-0.11,-34.27,1.6,-0.03,6,62,2015-10-16,2026-08-10,10.8,,swing_scanner_nifty500_history.xlsx,Latest_Scan,2026-08-11 13:06:49.120250940,44.1,12.592592592592592,5.7407407407407405,1.2124199999999994,-0.003209804493726291,0.05931372549019608,1.936,34.27,True,22.687224669603523,85.24229074889867,53.964757709251096,27.09251101321586,33.705357142857146,36.56387665198238,31.8606041535557,66.29955947136564,33.443708609271525,26.3215859030837,44.805518277562214,88.21585903083701,60.57268722466961,66.62995594713657,46.69603524229075,69.68061674008811,30.837004405286343,10.13215859030837,83.81057268722468,42.58810572687224,13.491189427312774,7.965151038388925,8.961103655512444,13.936123348017624,4.258810572687224,48.61,True,True,True,False,True,False,True,True,False,NON_POSITIVE_CAGR|NON_POSITIVE_RECOVERY,,D,NO_SIGNAL
ARE&M,False,0.19,0.07,3.4,94,47.9,28,29.8,2,2.1,41,43.6,23,24.5,15,8,0,0,0,0,0,1.1,7.89,-5.13,1.54,15.9,103.71,-0.58,-41.08,1.41,-0.14,6,60,2015-10-16,2026-08-10,10.8,,swing_scanner_nifty500_history.xlsx,Latest_Scan,2026-08-11 13:06:49.120250940,52.1,8.703703703703702,5.555555555555555,1.1065799999999997,-0.014118792599805257,0.06918238993710692,1.551,41.08,True,26.651982378854626,55.2863436123348,40.969162995594715,24.229074889867842,31.69642857142857,26.431718061674008,27.235368156073005,48.89867841409692,31.346578366445915,26.3215859030837,37.11117026966576,35.68281938325991,55.17621145374449,66.62995594713657,14.317180616740089,45.08810572687224,78.52422907488987,57.70925110132159,20.37444933920705,56.91629955947137,10.242290748898679,6.808842039018251,7.422234053933153,9.017621145374449,5.691629955947137,39.18,True,True,True,False,True,False,True,True,False,NON_POSITIVE_CAGR|NON_POSITIVE_RECOVERY,,F,NO_SIGNAL
ZYDUSLIFE,False,0.18,0.082,15.09,111,55.0,27,24.3,16,14.4,37,33.3,31,27.9,18,13,0,0,0,0,0,1.63,7.14,-5.09,1.4,19.9,181.04,-0.49,-36.13,1.71,-0.14,5,60,2015-10-16,2026-08-10,10.8,,swing_scanner_nifty500_history.xlsx,Latest_Scan,2026-08-11 13:06:49.120250940,45.0,10.277777777777777,5.555555555555555,1.6365000000000003,-0.013562136728480487,0.08190954773869347,2.7872999999999997,36.13,True,32.59911894273127,79.73568281938326,56.16740088105726,37.55506607929515,32.589285714285715,42.841409691629956,37.44619257394588,61.23348017621145,31.346578366445915,46.91629955947136,47.193769388608494,56.497797356828194,55.17621145374449,66.62995594713657,41.18942731277533,56.404185022026425,54.29515418502202,13.325991189427313,43.83259911894273,42.96255506607929,14.041850220264315,9.36154814348647,9.4387538777217,11.280837004405285,4.296255506607929,48.42,True,True,True,False,True,False,True,True,False,NON_POSITIVE_CAGR|NON_POSITIVE_RECOVERY,,D,NO_SIGNAL
GLAXO,False,0.18,0.1,6.44,98,51.0,33,33.7,5,5.1,38,38.8,22,22.4,12,10,0,0,0,0,0,1.73,7.86,-4.65,1.69,17.3,169.67,-0.24,-44.02,1.76,-0.06,7,56,2015-10-16,2026-08-10,10.8,,swing_scanner_nifty500_history.xlsx,Latest_Scan,2026-08-11 13:06:49.120250940,49.0,9.074074074074073,5.185185185185185,1.7301000000000002,-0.0054520672421626525,0.09999999999999999,3.0448,44.02,True,38.32599118942731,62.77533039647577,50.55066079295155,40.198237885462554,33.035714285714285,46.69603524229075,39.72561359345501,41.409691629955944,33.00220750551877,14.427312775330398,31.721477472746546,40.41850220264317,44.713656387665196,66.62995594713657,23.6784140969163,45.534140969163,89.20704845814979,41.629955947136565,25.770925110132158,60.66079295154185,12.637665198237887,9.931403398363752,6.34429549454931,9.1068281938326,6.066079295154186,44.09,True,True,True,False,True,False,True,True,False,NON_POSITIVE_CAGR|NON_POSITIVE_RECOVERY,,D,NO_SIGNAL
AMBER,False,0.16,0.144,-18.68,110,57.3,50,45.5,4,3.6,38,34.5,18,16.4,9,9,0,0,0,0,0,2.35,9.72,-7.54,1.29,16.3,258.03,-1.21,-47.49,1.73,-0.2,4,63,2018-01-30,2026-08-10,8.5,limited history: 8.5y (<10y) - lower confidence,swing_scanner_nifty500_history.xlsx,Latest_Scan,2026-08-11 13:06:49.120250940,42.7,12.941176470588236,7.411764705882353,2.3499799999999995,-0.025479048220678036,0.1441717791411043,4.0655,47.49,True,59.25110132158591,2.4229074889867843,30.837004405286347,57.15859030837004,28.90625,44.60352422907489,44.602422907488986,33.03964757709251,28.47682119205298,70.59471365638767,40.83142486215246,54.074889867841414,63.21585903083701,26.21145374449339,55.2863436123348,49.57599118942731,34.91189427312775,52.6431718061674,87.77533039647577,54.31718061674009,7.709251101321587,11.150605726872246,8.166284972430493,9.915198237885463,5.431718061674009,42.37,True,True,True,False,True,False,True,True,False,NON_POSITIVE_CAGR|NON_POSITIVE_RECOVERY,,D,NO_SIGNAL
ELECON,False,0.16,0.249,-17.36,133,55.6,72,54.1,1,0.8,54,40.6,6,4.5,1,5,0,0,0,0,0,3.16,12.66,-8.77,1.44,12.7,419.75,-3.09,-66.23,1.81,-0.42,9,79,2015-10-16,2026-08-10,10.8,,swing_scanner_nifty500_history.xlsx,Latest_Scan,2026-08-11 13:06:49.120250940,44.4,12.314814814814815,7.314814814814814,3.145080000000001,-0.046655594141627656,0.2488188976377953,5.719600000000001,66.23,True,84.14096916299559,3.303964757709251,43.72246696035242,74.77973568281938,18.526785714285715,51.87224669603524,50.36469477658905,6.387665198237885,21.30242825607064,3.303964757709251,10.836907158347191,84.80176211453745,91.51982378854625,66.62995594713657,44.713656387665196,75.9251101321586,63.21585903083701,86.89427312775331,79.29515418502203,72.77533039647577,10.930616740088105,12.591173694147262,2.167381431669438,15.185022026431719,7.277533039647577,48.15,True,True,True,False,True,False,True,True,False,NON_POSITIVE_CAGR|NON_POSITIVE_RECOVERY,,D,NO_SIGNAL
JMFINANCIL,False,0.16,0.151,-11.45,113,57.5,52,46.0,4,3.5,41,36.3,16,14.2,9,7,0,0,0,0,0,2.35,9.52,-7.35,1.3,15.5,266.07,-0.73,-54.11,1.75,-0.14,5,61,2015-10-16,2026-08-10,10.8,,swing_scanner_nifty500_history.xlsx,Latest_Scan,2026-08-11 13:06:49.120250940,42.5,10.462962962962962,5.648148148148148,2.350249999999999,-0.013491036776935871,0.15161290322580645,4.1125,54.11,True,61.78414096916299,16.299559471365637,39.041850220264315,57.15859030837004,30.80357142857143,45.81497797356828,45.54877281308999,21.365638766519822,31.346578366445915,46.91629955947136,31.24663282473184,60.792951541850215,58.03964757709251,66.62995594713657,57.048458149779734,61.0022026431718,36.23348017621145,61.23348017621145,48.12775330396476,44.80176211453744,9.760462555066079,11.387193203272497,6.249326564946369,12.20044052863436,4.4801762114537445,44.08,True,True,True,False,True,False,True,True,False,NON_POSITIVE_CAGR|NON_POSITIVE_RECOVERY,,D,NO_SIGNAL
KEI,False,0.16,0.169,10.89,147,59.2,61,41.5,11,7.5,49,33.3,26,17.7,15,11,0,0,0,0,0,3.09,9.56,-6.3,1.52,18.3,453.68,-1.09,-50.62,2.2,-0.21,7,72,2015-10-16,2026-08-10,10.8,,swing_scanner_nifty500_history.xlsx,Latest_Scan,2026-08-11 13:06:49.120250940,40.8,13.61111111111111,6.666666666666666,3.089120000000002,-0.021532990912682737,0.16885245901639342,6.798,50.62,True,67.95154185022027,71.80616740088107,69.87885462555067,73.6784140969163,29.464285714285715,74.22907488986785,59.68407803650095,27.312775330396477,28.03532008830022,14.427312775330398,24.344300356896266,94.8237885462555,81.82819383259911,66.62995594713657,67.40088105726872,80.41299559471365,76.3215859030837,28.083700440528638,92.18061674008811,71.43171806167402,17.46971365638767,14.921019509125237,4.868860071379253,16.08259911894273,7.143171806167402,60.49,True,True,True,False,True,False,True,True,False,NON_POSITIVE_CAGR|NON_POSITIVE_RECOVERY,,B,NO_SIGNAL
APOLLOTYRE,False,0.15,0.075,8.97,122,52.5,46,37.7,4,3.3,46,37.7,26,21.3,15,11,0,0,0,0,0,1.14,8.06,-6.5,1.24,15.2,138.59,-1.21,-62.36,1.37,-0.19,8,70,2015-10-16,2026-08-10,10.8,,swing_scanner_nifty500_history.xlsx,Latest_Scan,2026-08-11 13:06:49.120250940,47.5,11.296296296296296,6.481481481481481,1.1440000000000006,-0.019403463758819756,0.075,1.5618,62.36,True,29.955947136563875,67.62114537444934,48.78854625550661,25.11013215859031,28.90625,23.348017621145374,25.831497797356832,10.572687224669604,29.028697571743926,7.709251101321586,16.31643181530861,73.34801762114537,78.19383259911893,66.62995594713657,28.744493392070485,66.18942731277532,27.863436123348016,64.75770925110133,63.54625550660793,45.947136563876654,12.197136563876652,6.457874449339208,3.2632863630617224,13.237885462555065,4.594713656387666,39.75,True,True,True,False,True,False,True,True,False,NON_POSITIVE_CAGR|NON_POSITIVE_RECOVERY,,F,NO_SIGNAL
TATASTEEL,False,0.14,0.12,-15.75,128,58.6,44,34.4,4,3.1,39,30.5,41,32.0,27,14,0,0,0,0,0,2.29,8.47,-6.44,1.32,19.2,293.6,0.36,-57.53,1.86,0.06,6,61,2015-10-16,2026-08-10,10.8,,swing_scanner_nifty500_history.xlsx,Latest_Scan,2026-08-11 13:06:49.120250940,41.4,11.851851851851851,5.648148148148148,2.2972599999999996,0.0062576047279680165,0.11927083333333334,4.2594,57.53,True,47.68722466960352,6.607929515418502,27.147577092511014,54.95594713656388,36.607142857142854,55.72687224669603,49.30018879798616,15.859030837004406,36.75496688741722,26.3215859030837,25.788247221168714,78.9647577092511,58.03964757709251,66.62995594713657,63.76651982378855,68.37004405286345,39.97797356828194,20.594713656387665,71.47577092511013,45.55066079295155,6.7868942731277535,12.32504719949654,5.157649444233743,13.67400881057269,4.5550660792951545,42.5,True,True,True,True,True,True,True,True,True,NONE,,D,NO_SIGNAL
TATACHEM,False,0.14,0.111,-15.73,112,53.6,33,29.5,3,2.7,38,33.9,38,33.9,24,14,0,0,0,0,0,2.2,9.28,-5.97,1.55,19.7,246.46,0.16,-49.27,1.79,0.03,9,55,2015-10-16,2026-08-10,10.8,,swing_scanner_nifty500_history.xlsx,Latest_Scan,2026-08-11 13:06:49.120250940,46.4,10.37037037037037,5.092592592592593,2.204,0.0032474122183884717,0.11167512690355332,3.9380000000000006,49.27,True,42.731277533039645,6.828193832599119,24.779735682819382,52.42290748898678,35.15625,49.33920704845815,46.034140969163,29.074889867841406,35.76158940397351,3.303964757709251,24.972503427954607,59.03083700440529,42.070484581497794,66.62995594713657,34.91189427312775,53.07268722466961,79.51541850220264,15.52863436123348,46.36563876651982,56.77312775330396,6.1949339207048455,11.50853524229075,4.994500685590921,10.614537444933923,5.677312775330396,38.99,True,True,True,True,True,True,True,True,True,NONE,,F,NO_SIGNAL
CHAMBLFERT,False,0.14,0.169,1.2,134,57.5,64,47.8,6,4.5,53,39.6,11,8.2,7,4,0,0,0,0,0,2.62,10.12,-7.5,1.35,15.5,351.49,-2.22,-56.94,1.82,-0.34,5,74,2015-10-16,2026-08-10,10.8,,swing_scanner_nifty500_history.xlsx,Latest_Scan,2026-08-11 13:06:49.120250940,42.5,12.407407407407407,6.851851851851851,2.6314999999999986,-0.03898840885142255,0.16903225806451613,4.768400000000001,56.94,True,67.95154185022027,50.881057268722465,59.41629955947137,63.54625550660793,23.102678571428573,52.97356828193832,47.643958464443045,16.96035242290749,23.178807947019866,46.91629955947136,26.625798640487787,86.34361233480176,84.47136563876651,66.62995594713657,57.048458149779734,76.55286343612335,44.49339207048458,61.23348017621145,81.05726872246696,58.81057268722466,14.854074889867842,11.910989616110761,5.3251597280975576,15.31057268722467,5.881057268722467,53.28,True,True,True,False,True,False,True,True,False,NON_POSITIVE_CAGR|NON_POSITIVE_RECOVERY,,C,NO_SIGNAL
NIACL,False,0.14,0.027,3.55,90,45.6,36,40.0,2,2.2,41,45.6,11,12.2,3,8,0,0,0,0,0,0.35,9.22,-7.07,1.3,13.2,31.58,-2.22,-45.4,1.09,-0.36,6,63,2017-11-13,2026-08-10,8.7,limited history: 8.7y (<10y) - lower confidence,swing_scanner_nifty500_history.xlsx,Latest_Scan,2026-08-11 13:06:49.120250940,54.4,10.344827586206897,7.241379310344828,0.35823999999999945,-0.048898678414096924,0.026515151515151516,0.3815,45.4,True,14.977973568281937,56.167400881057276,35.57268722466961,14.20704845814978,23.102678571428573,13.105726872246695,16.745280050346132,37.44493392070485,22.40618101545254,26.3215859030837,29.400533399461253,31.167400881057265,63.21585903083701,26.762114537444937,10.13215859030837,34.92290748898679,36.23348017621145,80.72687224669603,45.15418502202643,47.80837004405286,8.893171806167402,4.186320012586533,5.8801066798922506,6.9845814977973575,4.780837004405286,30.73,True,True,True,False,True,False,True,True,False,NON_POSITIVE_CAGR|NON_POSITIVE_RECOVERY,,F,NO_SIGNAL
TIMKEN,False,0.14,0.114,-12.11,126,55.6,46,36.5,2,1.6,47,37.3,31,24.6,22,9,0,0,0,0,0,2.03,8.89,-6.55,1.36,17.8,255.16,-0.68,-43.23,1.7,-0.16,6,74,2015-10-16,2026-08-10,10.8,,swing_scanner_nifty500_history.xlsx,Latest_Scan,2026-08-11 13:06:49.120250940,44.4,11.666666666666666,6.851851851851851,2.034640000000001,-0.015729817256534814,0.1140449438202247,3.4509999999999996,43.23,True,44.82378854625551,14.977973568281937,29.900881057268723,46.91629955947136,31.026785714285715,41.85022026431718,40.41315292636878,42.951541850220266,30.353200883002206,26.3215859030837,34.3846335249098,77.09251101321586,84.47136563876651,66.62995594713657,44.713656387665196,71.4647577092511,46.585903083700444,34.030837004405285,69.16299559471366,50.848017621145374,7.475220264317181,10.103288231592195,6.876926704981961,14.292951541850222,5.084801762114537,43.83,True,True,True,False,True,False,True,True,False,NON_POSITIVE_CAGR|NON_POSITIVE_RECOVERY,,D,NO_SIGNAL
COALINDIA,False,0.13,0.058,-14.06,118,49.2,38,32.2,6,5.1,40,33.9,34,28.8,14,20,0,0,0,0,0,1.15,8.05,-5.51,1.46,19.9,136.28,0.32,-52.84,1.41,0.06,6,59,2015-10-16,2026-08-10,10.8,,swing_scanner_nifty500_history.xlsx,Latest_Scan,2026-08-11 13:06:49.120250940,50.8,10.925925925925926,5.462962962962963,1.1615200000000008,0.006056018168054504,0.05778894472361809,1.6214999999999997,52.84,True,22.136563876651984,10.572687224669604,16.354625550660792,25.66079295154185,36.27232142857143,26.431718061674008,29.27234109502832,23.788546255506606,36.75496688741722,26.3215859030837,28.96005338856959,68.06167400881057,52.20264317180616,66.62995594713657,16.85022026431718,56.05726872246696,67.29074889867842,13.325991189427313,56.82819383259912,53.359030837004404,4.088656387665198,7.31808527375708,5.792010677713918,11.211453744493392,5.33590308370044,33.75,True,True,True,True,True,True,True,True,True,NONE,,F,NO_SIGNAL
LICHSGFIN,False,0.12,0.069,-18.78,89,51.7,31,34.8,0,0.0,34,38.2,24,27.0,15,9,0,0,0,0,0,1.13,7.72,-5.92,1.3,16.5,100.78,-0.13,-38.56,1.4,-0.03,6,56,2015-10-16,2026-08-10,10.8,,swing_scanner_nifty500_history.xlsx,Latest_Scan,2026-08-11 13:06:49.120250940,48.3,8.24074074074074,5.185185185185185,1.1318800000000002,-0.003371369294605809,0.06848484848484848,1.5819999999999999,38.56,True,25.991189427312776,2.2026431718061676,14.09691629955947,24.669603524229075,33.482142857142854,25.220264317180618,27.643801132787917,55.06607929515418,33.443708609271525,26.3215859030837,40.31212620707763,29.845814977973568,44.713656387665196,66.62995594713657,25.440528634361232,42.098017621145374,36.23348017621145,49.33920704845815,15.308370044052863,32.57709251101322,3.5242290748898677,6.910950283196979,8.062425241415527,8.419603524229075,3.257709251101322,30.17,True,True,True,False,True,False,True,True,False,NON_POSITIVE_CAGR|NON_POSITIVE_RECOVERY,,F,NO_SIGNAL
KAYNES,False,0.12,0.019,-14.77,37,48.6,17,45.9,0,0.0,16,43.2,4,10.8,1,3,0,0,0,0,0,0.27,9.39,-8.37,1.12,14.6,10.07,-1.65,-42.83,1.06,-0.11,5,24,2022-11-22,2026-08-10,3.7,limited history: 3.7y (<10y) - lower confidence,swing_scanner_nifty500_history.xlsx,Latest_Scan,2026-08-11 13:06:49.120250940,51.4,10.0,6.486486486486486,0.2613600000000007,-0.03852439878589774,0.018493150684931507,0.2862,42.83,True,13.876651982378855,8.590308370044053,11.233480176211454,12.995594713656388,26.785714285714285,12.555066079295155,17.28508495909377,44.27312775330397,32.22958057395143,46.91629955947136,40.71867919207243,12.004405286343612,12.114537444933921,10.682819383259911,15.308370044052863,12.19713656387665,14.317180616740089,70.48458149779736,38.1057268722467,32.68722466960353,2.8083700440528636,4.321271239773442,8.143735838414486,2.4394273127753303,3.2687224669603534,20.98,False,False,True,False,True,False,True,True,False,LOW_TRADE_COUNT|LIMITED_HISTORY|NON_POSITIVE_CAGR|NON_POSITIVE_RECOVERY,,F,NO_SIGNAL
DRREDDY,False,0.12,0.067,-11.99,86,53.5,26,30.2,4,4.7,31,36.0,25,29.1,17,8,0,0,0,0,0,1.29,6.26,-4.42,1.42,19.3,111.19,0.56,-33.0,1.63,0.17,5,45,2015-10-16,2026-08-10,10.8,,swing_scanner_nifty500_history.xlsx,Latest_Scan,2026-08-11 13:06:49.120250940,46.5,7.962962962962963,4.166666666666666,1.2938,0.01696969696969697,0.06683937823834196,2.1027,33.0,True,25.0,15.198237885462554,20.099118942731277,28.41409691629956,37.94642857142857,38.76651982378855,34.36312146003776,69.16299559471366,39.624724061810156,46.91629955947136,53.262926549386854,26.87224669603524,26.10132158590308,66.62995594713657,34.2511013215859,37.725770925110126,59.25110132158591,19.383259911894275,13.215859030837004,37.46696035242291,5.024779735682819,8.59078036500944,10.652585309877372,7.545154185022025,3.746696035242291,35.56,True,True,True,True,True,True,True,True,True,NONE,,F,NO_SIGNAL
GAIL,False,0.12,0.055,1.47,100,52.0,28,28.0,5,5.0,37,37.0,30,30.0,19,11,0,0,0,0,0,0.94,6.75,-5.34,1.26,17.3,94.33,-0.67,-36.78,1.37,-0.18,5,61,2015-10-16,2026-08-10,10.8,,swing_scanner_nifty500_history.xlsx,Latest_Scan,2026-08-11 13:06:49.120250940,48.0,9.25925925925926,5.648148148148148,0.9468000000000005,-0.01821642196846112,0.05433526011560693,1.2878,36.78,True,20.154185022026432,51.541850220264315,35.848017621145374,20.37444933920705,31.25,23.348017621145374,24.687224669603523,58.14977973568281,29.47019867549669,46.91629955947136,45.30355632056481,42.951541850220266,58.03964757709251,66.62995594713657,26.762114537444937,50.2147577092511,30.837004405286343,41.629955947136565,28.524229074889867,32.301762114537446,8.962004405286343,6.171806167400881,9.060711264112962,10.042951541850222,3.230176211453745,37.47,True,True,True,False,True,False,True,True,False,NON_POSITIVE_CAGR|NON_POSITIVE_RECOVERY,,F,NO_SIGNAL
CEATLTD,False,0.11,0.157,15.5,135,59.3,66,48.9,8,5.9,47,34.8,14,10.4,6,8,0,0,0,0,0,2.49,8.94,-6.89,1.3,15.8,336.39,-2.28,-41.28,1.89,-0.52,5,79,2015-10-16,2026-08-10,10.8,,swing_scanner_nifty500_history.xlsx,Latest_Scan,2026-08-11 13:06:49.120250940,40.7,12.5,7.314814814814814,2.4971899999999994,-0.05523255813953488,0.15759493670886077,4.7061,41.28,True,64.53744493392071,80.39647577092511,72.46696035242292,60.352422907488986,22.544642857142858,57.59911894273127,47.48300818124607,47.57709251101321,18.432671081677704,46.91629955947136,37.211346772860324,87.44493392070484,91.51982378854625,66.62995594713657,68.06167400881057,80.35242290748899,36.23348017621145,58.70044052863436,82.37885462555066,54.570484581497794,18.11674008810573,11.870752045311518,7.4422693545720655,16.070484581497798,5.45704845814978,58.96,True,True,True,False,True,False,True,True,False,NON_POSITIVE_CAGR|NON_POSITIVE_RECOVERY,,C,NO_SIGNAL
ONGC,False,0.11,0.152,-23.44,121,58.7,48,39.7,9,7.4,40,33.1,24,19.8,14,10,0,0,0,0,0,2.78,8.67,-5.59,1.55,18.3,336.35,-0.56,-50.98,2.2,-0.11,4,65,2015-10-16,2026-08-10,10.8,,swing_scanner_nifty500_history.xlsx,Latest_Scan,2026-08-11 13:06:49.120250940,41.3,11.203703703703702,6.018518518518518,2.7806200000000016,-0.010984699882306789,0.1519125683060109,6.116,50.98,True,62.22466960352423,1.1013215859030838,31.662995594713657,68.3920704845815,31.919642857142854,74.22907488986785,58.35525487728131,26.21145374449339,32.22958057395143,70.59471365638767,39.41361311277727,71.80616740088107,68.06167400881057,66.62995594713657,64.42731277533039,68.46916299559471,79.51541850220264,28.083700440528638,61.89427312775331,63.94273127753304,7.915748898678414,14.588813719320328,7.8827226225554545,13.693832599118943,6.394273127753305,50.48,True,True,True,False,True,False,True,True,False,NON_POSITIVE_CAGR|NON_POSITIVE_RECOVERY,,C,NO_SIGNAL
TORNTPOWER,False,0.1,0.048,-11.67,117,53.8,26,22.2,16,13.7,42,35.9,33,28.2,21,12,0,0,0,0,0,0.86,6.63,-5.87,1.13,17.9,101.05,-0.43,-40.05,1.32,-0.11,5,59,2015-10-16,2026-08-10,10.8,,swing_scanner_nifty500_history.xlsx,Latest_Scan,2026-08-11 13:06:49.120250940,46.2,10.833333333333332,5.462962962962963,0.8549999999999986,-0.01073657927590512,0.04804469273743017,1.1352,40.05,True,18.94273127753304,16.079295154185022,17.51101321585903,19.823788546255507,32.8125,20.594713656387665,24.196035242290748,51.10132158590308,32.22958057395143,46.91629955947136,43.449956725112074,66.96035242290749,52.20264317180616,66.62995594713657,35.68281938325991,58.496696035242294,15.748898678414097,33.259911894273124,55.72687224669603,31.24449339207048,4.377753303964758,6.049008810572687,8.689991345022415,11.69933920704846,3.1244493392070485,33.94,True,True,True,False,True,False,True,True,False,NON_POSITIVE_CAGR|NON_POSITIVE_RECOVERY,,F,NO_SIGNAL
MARUTI,False,0.1,0.068,4.51,103,55.3,18,17.5,4,3.9,37,35.9,44,42.7,35,9,0,0,0,0,0,1.41,6.56,-4.97,1.32,20.6,144.91,-0.55,-47.46,1.63,-0.12,5,53,2015-10-16,2026-08-10,10.8,,swing_scanner_nifty500_history.xlsx,Latest_Scan,2026-08-11 13:06:49.120250940,44.7,9.537037037037036,4.907407407407407,1.406089999999999,-0.011588706278971767,0.06844660194174756,2.2983,47.46,True,25.55066079295154,58.370044052863435,41.96035242290749,31.387665198237887,32.142857142857146,38.76651982378855,33.695405915670236,33.259911894273124,31.788079470198678,46.91629955947136,36.158867462146624,46.80616740088105,37.99559471365639,66.62995594713657,42.841409691629956,48.964757709251096,39.97797356828194,8.700440528634362,32.378854625550666,31.442731277533042,10.490088105726873,8.423851478917559,7.231773492429325,9.79295154185022,3.1442731277533045,39.08,True,True,True,False,True,False,True,True,False,NON_POSITIVE_CAGR|NON_POSITIVE_RECOVERY,,F,NO_SIGNAL
CESC,False,0.09,0.136,-12.57,110,56.4,47,42.7,5,4.5,42,38.2,16,14.5,10,6,0,0,0,0,0,2.13,8.48,-6.08,1.39,15.6,234.13,-0.66,-44.11,1.8,-0.15,6,63,2015-10-16,2026-08-10,10.8,,swing_scanner_nifty500_history.xlsx,Latest_Scan,2026-08-11 13:06:49.120250940,43.6,10.185185185185185,5.833333333333333,2.131839999999999,-0.014962593516209478,0.13653846153846153,3.834,44.11,True,54.62555066079295,14.096916299559473,34.36123348017621,49.669603524229075,31.473214285714285,50.881057268722465,44.1859660163625,40.969162995594715,30.90507726269316,26.3215859030837,33.784838715951416,54.074889867841414,63.21585903083701,66.62995594713657,50.55066079295154,58.970264317180614,52.6431718061674,60.13215859030837,40.969162995594715,50.63876651982379,8.590308370044053,11.046491504090625,6.756967743190284,11.794052863436123,5.06387665198238,43.25,True,True,True,False,True,False,True,True,False,NON_POSITIVE_CAGR|NON_POSITIVE_RECOVERY,,D,NO_SIGNAL
CUB,False,0.08,0.016,14.44,114,43.9,27,23.7,2,1.8,42,36.8,43,37.7,22,21,0,0,0,0,0,0.32,7.46,-5.26,1.42,19.5,36.45,-1.23,-62.69,1.11,-0.2,7,60,2015-10-16,2026-08-10,10.8,,swing_scanner_nifty500_history.xlsx,Latest_Scan,2026-08-11 13:06:49.120250940,56.1,10.555555555555555,5.555555555555555,0.32408000000000037,-0.01962035412346467,0.01641025641025641,0.3552,62.69,True,13.215859030837004,78.19383259911893,45.70484581497797,13.54625550660793,28.236607142857146,13.876651982378855,18.339679043423537,9.691629955947137,28.47682119205298,14.427312775330398,17.450367593429995,62.22466960352423,55.17621145374449,66.62995594713657,7.268722466960352,53.320484581497794,59.25110132158591,17.290748898678416,50.110132158590304,48.11674008810573,11.426211453744493,4.584919760855884,3.4900735186859992,10.66409691629956,4.811674008810574,34.98,True,True,True,False,True,False,True,True,False,NON_POSITIVE_CAGR|NON_POSITIVE_RECOVERY,,F,NO_SIGNAL
AUBANK,False,0.08,0.125,3.31,85,49.4,29,34.1,6,7.1,34,40.0,16,18.8,8,8,0,0,0,0,0,2.15,10.4,-5.91,1.76,17.2,182.63,-2.01,-48.05,1.72,-0.32,9,49,2017-07-11,2026-08-10,9.1,limited history: 9.1y (<10y) - lower confidence,swing_scanner_nifty500_history.xlsx,Latest_Scan,2026-08-11 13:06:49.120250940,50.6,9.340659340659341,5.384615384615385,2.14714,-0.04183142559833507,0.125,3.698,48.05,True,48.78854625550661,55.06607929515418,51.92731277533039,50.66079295154186,25.0,43.942731277533035,40.568281938325995,31.938325991189426,24.834437086092713,3.303964757709251,22.29337456603553,26.431718061674008,29.515418502202646,29.295154185022028,17.180616740088105,26.53083700440529,91.96035242290749,42.951541850220266,29.955947136563875,63.557268722466965,12.981828193832598,10.142070484581499,4.458674913207107,5.306167400881058,6.355726872246697,39.24,True,True,True,False,True,False,True,True,False,NON_POSITIVE_CAGR|NON_POSITIVE_RECOVERY,,F,NO_SIGNAL
PHOENIXLTD,False,0.08,0.022,7.15,107,46.7,30,28.0,2,1.9,44,41.1,31,29.0,18,13,0,0,0,0,0,0.37,8.45,-6.71,1.26,17.0,40.03,-2.15,-63.16,1.1,-0.3,4,62,2015-10-16,2026-08-10,10.8,,swing_scanner_nifty500_history.xlsx,Latest_Scan,2026-08-11 13:06:49.120250940,53.3,9.907407407407407,5.7407407407407405,0.3697200000000005,-0.03404053198226726,0.02176470588235294,0.40700000000000003,63.16,True,14.20704845814978,64.31718061674009,39.26211453744494,14.537444933920703,23.660714285714285,13.43612334801762,17.148521082441786,8.590308370044053,25.496688741721858,70.59471365638767,30.00864282171719,50.330396475770925,60.57268722466961,66.62995594713657,12.334801762114537,51.26651982378855,30.837004405286343,44.93392070484582,36.784140969163,35.440528634361236,9.815528634361234,4.287130270610446,6.001728564343438,10.25330396475771,3.5440528634361237,33.9,True,True,True,False,True,False,True,True,False,NON_POSITIVE_CAGR|NON_POSITIVE_RECOVERY,,F,NO_SIGNAL
AUROPHARMA,False,0.07,0.087,5.89,116,56.0,33,28.4,8,6.9,37,31.9,38,32.8,24,14,0,0,0,0,0,1.57,7.32,-5.77,1.27,18.1,181.77,-0.98,-60.24,1.62,-0.16,6,61,2015-10-16,2026-08-10,10.8,,swing_scanner_nifty500_history.xlsx,Latest_Scan,2026-08-11 13:06:49.120250940,44.0,10.74074074074074,5.648148148148148,1.560400000000001,-0.016268260292164674,0.0867403314917127,2.5434,60.24,True,34.2511013215859,61.89427312775331,48.07268722466961,34.91189427312775,30.13392857142857,38.1057268722467,34.277218376337316,12.334801762114537,30.353200883002206,26.3215859030837,22.13793748966751,65.41850220264317,58.03964757709251,66.62995594713657,48.23788546255506,61.29955947136564,32.709251101321584,30.837004405286343,53.964757709251096,38.71145374449339,12.018171806167402,8.569304594084329,4.427587497933502,12.259911894273129,3.8711453744493394,41.15,True,True,True,False,True,False,True,True,False,NON_POSITIVE_CAGR|NON_POSITIVE_RECOVERY,,D,NO_SIGNAL
NATCOPHARM,False,0.07,0.116,-26.46,99,55.6,34,34.3,14,14.1,35,35.4,16,16.2,8,8,0,0,0,0,0,2.11,8.61,-6.02,1.43,18.3,208.99,-0.8,-30.75,1.79,-0.26,6,59,2015-10-16,2026-08-10,10.8,,swing_scanner_nifty500_history.xlsx,Latest_Scan,2026-08-11 13:06:49.120250940,44.4,9.166666666666666,5.462962962962963,2.1142800000000004,-0.026016260162601626,0.11530054644808742,3.7769,30.75,True,45.70484581497797,0.6607929515418502,23.18281938325991,49.22907488986784,30.580357142857146,49.33920704845815,43.2923222152297,75.55066079295155,26.71081677704194,26.3215859030837,46.149446664916226,41.629955947136565,52.20264317180616,66.62995594713657,44.713656387665196,50.98568281938325,61.67400881057269,28.083700440528638,27.312775330396477,44.647577092511014,5.795704845814978,10.823080553807426,9.229889332983246,10.19713656387665,4.464757709251102,40.51,True,True,True,False,True,False,True,True,False,NON_POSITIVE_CAGR|NON_POSITIVE_RECOVERY,,D,NO_SIGNAL
AADHARHFC,False,0.06,-0.05,-1.11,10,40.0,1,10.0,0,0.0,3,30.0,6,60.0,3,3,0,0,0,0,0,-1.34,4.26,-5.07,0.84,26.8,-13.38,0.64,-10.2,0.56,0.1,1,6,2024-05-15,2026-08-10,2.2,limited history: 2.2y (<10y) - lower confidence,swing_scanner_nifty500_history.xlsx,Latest_Scan,2026-08-11 13:06:49.120250940,60.0,4.545454545454545,2.727272727272727,-1.3380000000000003,0.06274509803921569,-0.05,-0.7504000000000001,10.2,True,5.286343612334802,43.392070484581495,24.33920704845815,3.9647577092511015,38.392857142857146,2.973568281938326,14.704216488357458,98.01762114537445,37.63796909492274,99.22907488986785,77.1876063638397,3.303964757709251,2.092511013215859,5.39647577092511,3.524229074889868,3.55726872246696,3.524229074889868,0.22026431718061676,1.9823788546255507,2.4008810572687227,6.084801762114537,3.6760541220893646,15.437521272767942,0.711453744493392,0.24008810572687228,26.15,False,False,False,True,False,True,False,True,False,LOW_TRADE_COUNT|LIMITED_HISTORY|NON_POSITIVE_EXPECTANCY|PROFIT_FACTOR_BELOW_1|LOW_RISK_REWARD,,F,NO_SIGNAL
LTTS,False,0.06,0.141,-0.56,110,54.5,43,39.1,3,2.7,36,32.7,28,25.5,15,13,0,0,0,0,0,2.71,9.61,-5.58,1.72,19.2,297.83,-1.23,-54.96,2.07,-0.2,4,53,2016-09-23,2026-08-10,9.9,,swing_scanner_nifty500_history.xlsx,Latest_Scan,2026-08-11 13:06:49.120250940,45.5,11.11111111111111,5.353535353535353,2.69855,-0.02237991266375546,0.14114583333333333,5.609699999999999,54.96,True,57.268722466960355,46.035242290748904,51.651982378854626,66.74008810572687,28.236607142857146,68.28193832599119,54.85069225928257,19.162995594713657,28.47682119205298,70.59471365638767,35.28076406920093,54.074889867841414,37.99559471365639,31.497797356828194,38.65638766519824,42.098017621145374,90.63876651982379,20.594713656387665,60.13215859030837,67.47797356828194,12.912995594713657,13.712673064820642,7.0561528138401854,8.419603524229075,6.747797356828194,48.85,True,True,True,False,True,False,True,True,False,NON_POSITIVE_CAGR|NON_POSITIVE_RECOVERY,,D,NO_SIGNAL
IPCALAB,False,0.06,0.043,7.94,115,47.8,28,24.3,12,10.4,41,35.7,34,29.6,15,19,0,0,0,0,0,0.85,7.61,-5.35,1.42,19.5,97.26,-1.27,-38.81,1.3,-0.33,4,63,2015-10-16,2026-08-10,10.8,,swing_scanner_nifty500_history.xlsx,Latest_Scan,2026-08-11 13:06:49.120250940,52.2,10.648148148148147,5.833333333333333,0.8448799999999999,-0.03272352486472559,0.04358974358974359,1.105,38.81,True,17.731277533039645,65.63876651982379,41.68502202643172,19.493392070484582,27.67857142857143,19.162995594713657,22.020138451856518,54.40528634361234,23.841059602649008,70.59471365638767,47.75516381246901,63.76651982378855,63.21585903083701,66.62995594713657,14.096916299559473,56.894273127753316,59.25110132158591,17.290748898678416,51.98237885462555,48.6784140969163,10.42125550660793,5.505034612964129,9.551032762493803,11.378854625550664,4.86784140969163,41.72,True,True,True,False,True,False,True,True,False,NON_POSITIVE_CAGR|NON_POSITIVE_RECOVERY,,D,NO_SIGNAL
LUPIN,False,0.05,0.105,-0.98,109,57.8,34,31.2,3,2.8,39,35.8,33,30.3,26,7,0,0,0,0,0,1.91,7.09,-5.18,1.37,18.1,208.19,-0.99,-45.94,1.87,-0.22,6,65,2015-10-16,2026-08-10,10.8,,swing_scanner_nifty500_history.xlsx,Latest_Scan,2026-08-11 13:06:49.120250940,42.2,10.092592592592592,6.018518518518518,1.9120599999999999,-0.02154984762734001,0.10552486187845303,3.5717,45.94,True,40.308370044052865,44.49339207048458,42.40088105726872,43.72246696035242,29.910714285714285,56.497797356828194,42.879798615481434,35.46255506607929,27.81456953642384,26.3215859030837,30.500517839950987,52.42290748898678,68.06167400881057,66.62995594713657,58.81057268722467,60.842511013215855,49.118942731277535,30.837004405286343,39.4273127753304,42.55506607929516,10.60022026431718,10.719949653870358,6.100103567990198,12.168502202643172,4.255506607929516,43.84,True,True,True,False,True,False,True,True,False,NON_POSITIVE_CAGR|NON_POSITIVE_RECOVERY,,D,NO_SIGNAL
HINDZINC,False,0.05,0.168,-14.94,94,43.6,29,30.9,2,2.1,43,45.7,20,21.3,10,10,0,0,0,0,0,2.84,14.76,-6.39,2.31,16.9,266.53,-2.35,-62.51,1.79,-0.36,7,59,2015-10-16,2026-08-10,10.8,,swing_scanner_nifty500_history.xlsx,Latest_Scan,2026-08-11 13:06:49.120250940,56.4,8.703703703703702,5.462962962962963,2.8314,-0.03759398496240602,0.1680473372781065,5.0836,62.51,True,67.51101321585902,7.929515418502203,37.720264317180614,69.93392070484582,21.875,49.33920704845815,48.78854625550661,10.13215859030837,22.40618101545254,14.427312775330398,15.501854985364337,35.68281938325991,52.20264317180616,66.62995594713657,6.828193832599119,43.22136563876652,98.89867841409692,45.81497797356828,20.37444933920705,64.72466960352423,9.430066079295154,12.197136563876652,3.1003709970728677,8.644273127753305,6.472466960352424,39.84,True,True,True,False,True,False,True,True,False,NON_POSITIVE_CAGR|NON_POSITIVE_RECOVERY,,F,NO_SIGNAL
ENGINERSIN,True,0.05,0.113,-1.1,121,52.9,52,43.0,1,0.8,50,41.3,18,14.9,11,7,0,0,0,0,0,1.71,9.44,-6.96,1.36,15.1,207.06,-2.49,-60.04,1.52,-0.39,7,68,2015-10-16,2026-08-10,10.8,,swing_scanner_nifty500_history.xlsx,Latest_Scan,2026-08-11 13:06:49.120250940,47.1,11.203703703703702,6.296296296296296,1.7156000000000002,-0.041472351765489676,0.11324503311258279,2.5992,60.04,True,43.942731277533035,43.61233480176212,43.77753303964758,39.09691629955947,21.428571428571427,32.709251101321584,31.65449968533669,12.995594713656388,21.85430463576159,14.427312775330398,16.45407270181171,71.80616740088107,74.55947136563876,66.62995594713657,31.497797356828194,65.15418502202644,46.585903083700444,66.07929515418502,61.89427312775331,55.07709251101322,10.944383259911895,7.913624921334172,3.2908145403623426,13.030837004405289,5.507709251101322,40.69,True,True,True,False,True,False,True,True,False,NON_POSITIVE_CAGR|NON_POSITIVE_RECOVERY,27,D,REJECT
GODFRYPHLP,False,0.03,0.057,-9.51,118,46.6,49,41.5,4,3.4,50,42.4,15,12.7,3,12,0,0,0,0,0,0.83,9.23,-6.5,1.42,14.6,98.5,-2.62,-58.23,1.24,-0.41,6,77,2015-10-16,2026-08-10,10.8,,swing_scanner_nifty500_history.xlsx,Latest_Scan,2026-08-11 13:06:49.120250940,53.4,10.925925925925926,7.129629629629629,0.8301800000000004,-0.04499398935256741,0.056849315068493146,1.0292,58.23,True,21.475770925110133,18.722466960352424,20.09911894273128,18.94273127753304,20.982142857142858,17.51101321585903,19.19446192573946,15.198237885462554,21.63355408388521,26.3215859030837,20.23143555931577,68.06167400881057,88.43612334801763,66.62995594713657,12.004405286343612,64.38876651982379,59.25110132158591,70.48458149779736,56.82819383259912,60.77092511013216,5.02477973568282,4.798615481434865,4.046287111863154,12.87775330396476,6.077092511013216,32.82,True,True,True,False,True,False,True,True,False,NON_POSITIVE_CAGR|NON_POSITIVE_RECOVERY,,F,NO_SIGNAL
BANKINDIA,False,0.02,0.254,-0.59,141,61.7,78,55.3,0,0.0,48,34.0,15,10.6,9,6,0,0,0,0,0,3.31,9.89,-7.31,1.35,13.0,466.17,-3.02,-52.78,2.18,-0.51,5,84,2015-10-16,2026-08-10,10.8,,swing_scanner_nifty500_history.xlsx,Latest_Scan,2026-08-11 13:06:49.120250940,38.3,13.055555555555555,7.777777777777778,3.302400000000001,-0.05721864342553998,0.25461538461538463,7.215800000000001,52.78,True,85.35242290748899,45.59471365638766,65.47356828193833,77.75330396475772,18.973214285714285,72.90748898678414,57.586847073631226,24.008810572687224,19.094922737306845,46.91629955947136,28.015822077000124,91.85022026431719,95.59471365638767,66.62995594713657,77.75330396475772,84.36674008810574,44.49339207048458,83.59030837004406,88.76651982378854,65.59471365638767,16.368392070484582,14.396711768407807,5.603164415400025,16.87334801762115,6.5594713656387675,59.8,True,True,True,False,True,False,True,True,False,NON_POSITIVE_CAGR|NON_POSITIVE_RECOVERY,,C,NO_SIGNAL
BANKBARODA,False,0.02,0.092,-6.38,130,55.4,56,43.1,4,3.1,46,35.4,24,18.5,12,12,0,0,0,0,0,1.37,8.19,-7.09,1.16,14.8,178.27,-2.32,-59.55,1.43,-0.37,4,77,2015-10-16,2026-08-10,10.8,,swing_scanner_nifty500_history.xlsx,Latest_Scan,2026-08-11 13:06:49.120250940,44.6,12.037037037037036,7.129629629629629,1.3751199999999986,-0.03895885810243493,0.09256756756756757,1.9591,59.55,True,36.013215859030836,26.3215859030837,31.16740088105727,30.616740088105725,22.321428571428573,27.53303964757709,27.098804279421017,13.43612334801762,22.075055187637968,70.59471365638767,30.749397068977252,81.16740088105728,88.43612334801763,66.62995594713657,43.502202643171806,73.70044052863436,18.722466960352424,69.05286343612335,74.8898678414097,45.63876651982379,7.791850220264317,6.774701069855254,6.149879413795451,14.740088105726873,4.563876651982379,40.02,True,True,True,False,True,False,True,True,False,NON_POSITIVE_CAGR|NON_POSITIVE_RECOVERY,,D,NO_SIGNAL
BEL,False,0.01,0.072,-9.74,157,49.0,41,26.1,6,3.8,62,39.5,48,30.6,32,16,0,0,0,0,0,1.35,8.68,-5.71,1.52,18.6,211.82,-2.44,-74.63,1.46,-0.29,12,77,2015-10-16,2026-08-10,10.8,,swing_scanner_nifty500_history.xlsx,Latest_Scan,2026-08-11 13:06:49.120250940,51.0,14.537037037037036,7.129629629629629,1.3410999999999995,-0.032694626825673326,0.07258064516129033,1.971,74.63,True,28.083700440528638,18.502202643171806,23.292951541850222,29.955947136563875,21.651785714285715,29.185022026431717,27.082756450597863,2.8634361233480177,25.82781456953642,0.4405286343612335,10.295241707267264,97.57709251101322,88.43612334801763,66.62995594713657,16.409691629955947,75.37995594713658,76.3215859030837,26.21145374449339,96.0352422907489,72.2136563876652,5.8232378854625555,6.770689112649466,2.059048341453453,15.075991189427317,7.22136563876652,36.95,True,True,True,False,True,False,True,True,False,NON_POSITIVE_CAGR|NON_POSITIVE_RECOVERY,,F,NO_SIGNAL
SBICARD,False,0.01,0.026,-0.87,42,47.6,12,28.6,0,0.0,16,38.1,14,33.3,8,6,0,0,0,0,0,0.49,6.78,-5.22,1.3,19.1,20.59,-0.83,-29.24,1.18,-0.16,4,28,2020-03-16,2026-08-10,6.4,limited history: 6.4y (<10y) - lower confidence,swing_scanner_nifty500_history.xlsx,Latest_Scan,2026-08-11 13:06:49.120250940,52.4,6.5625,4.375,0.49200000000000044,-0.02838577291381669,0.025654450261780103,0.5781999999999999,29.24,True,14.757709251101323,45.15418502202643,29.95594713656388,15.308370044052863,30.357142857142854,15.859030837004406,20.27816236626809,78.41409691629956,30.353200883002206,70.59471365638767,59.63793748966751,13.325991189427313,15.198237885462554,20.594713656387665,13.656387665198238,15.660792951541849,36.23348017621145,21.58590308370044,6.828193832599119,24.48237885462555,7.48898678414097,5.069540591567023,11.927587497933501,3.1321585903083697,2.4482378854625555,30.07,False,True,True,False,True,False,True,True,False,LOW_TRADE_COUNT|NON_POSITIVE_CAGR|NON_POSITIVE_RECOVERY,,F,NO_SIGNAL
ANTHEM,True,0.01,-0.061,1.45,5,60.0,1,20.0,0,0.0,2,40.0,2,40.0,2,0,0,0,0,0,0,-1.21,3.19,-7.8,0.41,19.8,-6.03,,-8.68,0.61,-0.06,1,3,2025-07-21,2026-08-10,1.1,limited history: 1.1y (<10y) - lower confidence,swing_scanner_nifty500_history.xlsx,Latest_Scan,2026-08-11 13:06:49.120250940,40.0,4.545454545454545,2.727272727272727,-1.2060000000000002,,-0.06111111111111111,-0.7381,8.68,True,4.845814977973569,51.3215859030837,28.083700440528634,4.405286343612335,50.0,3.7444933920704844,18.81057268722467,98.89867841409692,33.00220750551877,99.22907488986785,75.9175127150373,0.9911894273127754,0.6607929515418502,0.881057268722467,71.58590308370044,11.470264317180618,0.4405286343612335,14.096916299559473,1.9823788546255507,3.6343612334801767,7.020925110132159,4.702643171806168,15.183502543007462,2.2940528634361237,0.36343612334801767,29.56,False,False,False,False,False,False,False,True,False,LOW_TRADE_COUNT|LIMITED_HISTORY|NON_POSITIVE_EXPECTANCY|PROFIT_FACTOR_BELOW_1|NON_POSITIVE_RECOVERY|LOW_RISK_REWARD,32,F,REJECT
ACC,False,0.0,0.0,-4.23,95,51.6,21,22.1,3,3.2,40,42.1,31,32.6,25,6,0,0,0,0,0,0.01,5.42,-5.76,0.94,17.4,0.58,-4.63,-46.38,1.0,-0.82,5,56,2015-10-16,2026-08-10,10.8,,swing_scanner_nifty500_history.xlsx,Latest_Scan,2026-08-11 13:06:49.120250940,48.4,8.796296296296296,5.185185185185185,0.008880000000000443,-0.09982751185855972,0.000574712643678161,0.01,46.38,True,10.572687224669604,32.268722466960355,21.42070484581498,10.682819383259911,14.174107142857142,10.682819383259911,11.800031466331026,34.58149779735683,6.401766004415011,46.91629955947136,27.80229211035583,37.33480176211454,44.713656387665196,66.62995594713657,24.88986784140969,44.636563876651984,6.057268722466961,39.75770925110132,22.46696035242291,17.720264317180614,5.355176211453745,2.9500078665827565,5.560458422071166,8.927312775330398,1.7720264317180616,24.56,True,True,True,False,True,False,False,True,False,NON_POSITIVE_CAGR|NON_POSITIVE_RECOVERY|LOW_RISK_REWARD,,F,NO_SIGNAL
ABBOTINDIA,False,0.0,0.067,-0.86,93,51.6,25,26.9,4,4.3,30,32.3,34,36.6,20,14,0,0,0,0,0,1.49,7.12,-4.51,1.58,22.1,138.58,-1.83,-32.81,1.68,-0.54,5,49,2015-10-16,2026-08-10,10.8,,swing_scanner_nifty500_history.xlsx,Latest_Scan,2026-08-11 13:06:49.120250940,48.4,8.61111111111111,4.537037037037036,1.4910800000000006,-0.05577567814690643,0.067420814479638,2.5032,32.81,True,25.0,45.37444933920705,35.18722466960352,32.819383259911895,25.892857142857146,40.969162995594715,32.884833228445565,69.60352422907489,17.439293598233995,46.91629955947136,45.67423734087969,34.2511013215859,29.515418502202646,66.62995594713657,24.88986784140969,39.75770925110132,81.27753303964758,1.762114537444934,19.05286343612335,46.70704845814978,8.79680616740088,8.221208307111391,9.13484746817594,7.951541850220264,4.670704845814978,38.78,True,True,True,False,True,False,True,True,False,NON_POSITIVE_CAGR|NON_POSITIVE_RECOVERY,,F,NO_SIGNAL
ABCAPITAL,False,0.0,0.094,14.27,111,53.2,37,33.3,6,5.4,41,36.9,27,24.3,16,11,0,0,0,0,0,1.54,8.13,-5.94,1.37,16.4,171.08,-3.94,-53.41,1.55,-0.54,6,62,2017-09-01,2026-08-10,8.9,limited history: 8.9y (<10y) - lower confidence,swing_scanner_nifty500_history.xlsx,Latest_Scan,2026-08-11 13:06:49.120250940,46.8,12.47191011235955,6.966292134831461,1.5452400000000002,-0.07376895712413406,0.09390243902439026,2.387,53.41,True,36.34361233480176,77.97356828193833,57.158590308370044,33.81057268722467,16.294642857142858,34.140969162995596,28.29798615481435,22.24669603524229,17.439293598233995,26.3215859030837,21.58282764924974,56.497797356828194,60.57268722466961,28.30396475770925,32.819383259911895,46.91629955947137,49.118942731277535,50.991189427312776,81.93832599118943,59.33920704845815,14.289647577092511,7.074496538703587,4.316565529849949,9.383259911894275,5.933920704845815,41.0,True,True,True,False,True,False,True,True,False,NON_POSITIVE_CAGR|NON_POSITIVE_RECOVERY,,D,NO_SIGNAL
ABLBL,False,0.0,-0.411,-13.41,5,40.0,2,40.0,0,0.0,3,60.0,0,0.0,0,0,0,0,0,0,0,-2.87,5.8,-8.66,0.67,7.0,-14.37,,-6.7,0.45,-1.52,1,3,2025-06-24,2026-08-10,1.1,limited history: 1.1y (<10y) - lower confidence,swing_scanner_nifty500_history.xlsx,Latest_Scan,2026-08-11 13:06:49.120250940,60.0,4.545454545454545,2.727272727272727,-2.876,,-0.41000000000000003,-1.2915,6.7,True,0.6607929515418502,12.114537444933921,6.387665198237886,0.881057268722467,50.0,1.9823788546255507,16.90748898678414,99.11894273127754,0.44150110375275936,99.22907488986785,64.60937120129145,0.9911894273127754,0.6607929515418502,0.881057268722467,3.524229074889868,1.2610132158590308,2.2026431718061676,98.45814977973568,1.9823788546255507,21.387665198237883,1.5969162995594715,4.226872246696035,12.92187424025829,0.2522026431718062,2.1387665198237884,21.14,False,False,False,False,False,False,False,True,False,LOW_TRADE_COUNT|LIMITED_HISTORY|NON_POSITIVE_EXPECTANCY|PROFIT_FACTOR_BELOW_1|NON_POSITIVE_RECOVERY|LOW_RISK_REWARD,,F,NO_SIGNAL
NCC,True,0.0,0.054,-12.38,112,45.5,45,40.2,2,1.8,57,50.9,8,7.1,4,4,0,0,0,0,0,0.71,10.35,-7.35,1.41,13.1,79.32,-13.32,-81.11,1.18,-0.96,11,75,2015-10-16,2026-08-10,10.8,,swing_scanner_nifty500_history.xlsx,Latest_Scan,2026-08-11 13:06:49.120250940,54.5,10.37037037037037,6.944444444444444,0.7035000000000009,-0.1642214276907903,0.05419847328244275,0.8377999999999999,81.11,True,19.7136563876652,14.537444933920703,17.125550660792953,17.180616740088105,2.6785714285714284,15.859030837004406,12.169918187539334,0.881057268722467,2.4282560706401766,0.881057268722467,1.4225768493936652,59.03083700440529,85.79295154185021,66.62995594713657,9.361233480176212,60.170704845814974,56.38766519823789,82.04845814977973,46.36563876651982,58.513215859030836,4.281387665198238,3.0424795468848336,0.28451536987873305,12.034140969162996,5.851321585903084,25.49,True,True,True,False,True,False,True,True,False,NON_POSITIVE_CAGR|NON_POSITIVE_RECOVERY,35,F,REJECT
NBCC,False,0.0,0.156,-4.19,137,54.7,62,45.3,1,0.7,50,36.5,24,17.5,13,11,0,0,0,0,0,2.4,9.99,-6.79,1.47,15.4,328.46,-3.67,-61.73,1.78,-0.52,6,81,2015-10-16,2026-08-10,10.8,,swing_scanner_nifty500_history.xlsx,Latest_Scan,2026-08-11 13:06:49.120250940,45.3,12.685185185185185,7.499999999999999,2.388660000000001,-0.05945245423618986,0.15584415584415584,4.272,61.73,True,63.76651982378855,32.709251101321584,48.23788546255507,58.25991189427313,16.964285714285715,47.907488986784145,42.146633102580246,11.233480176211454,18.432671081677704,26.3215859030837,17.525223424842704,89.31718061674009,93.17180616740089,66.62995594713657,39.75770925110132,77.1751101321586,68.72246696035242,62.55506607929515,84.91189427312776,72.34581497797356,12.059471365638768,10.536658275645062,3.505044684968541,15.435022026431719,7.234581497797357,48.77,True,True,True,False,True,False,True,True,False,NON_POSITIVE_CAGR|NON_POSITIVE_RECOVERY,,D,NO_SIGNAL
NLCINDIA,False,0.0,0.2,-16.54,112,51.8,52,46.4,2,1.8,43,38.4,15,13.4,4,11,0,0,0,0,0,3.24,12.7,-6.92,1.84,16.2,362.9,-5.35,-56.71,1.97,-0.76,7,63,2015-10-16,2026-08-10,10.8,,swing_scanner_nifty500_history.xlsx,Latest_Scan,2026-08-11 13:06:49.120250940,48.2,10.37037037037037,5.833333333333333,3.24316,-0.09433962264150943,0.2,6.3828000000000005,56.71,True,74.22907488986785,5.066079295154185,39.647577092511014,76.54185022026432,12.611607142857142,63.21585903083701,52.35289490245438,17.62114537444934,8.49889624724062,14.427312775330398,13.629900030146553,59.03083700440529,63.21585903083701,66.62995594713657,25.88105726872247,57.00440528634362,94.16299559471366,53.85462555066079,46.36563876651982,71.76211453744494,9.911894273127754,13.088223725613595,2.7259800060293107,11.400881057268725,7.176211453744495,44.3,True,True,True,False,True,False,True,True,False,NON_POSITIVE_CAGR|NON_POSITIVE_RECOVERY,,D,NO_SIGNAL
MANKIND,False,0.0,0.074,-2.89,23,39.1,7,30.4,0,0.0,9,39.1,7,30.4,2,5,0,0,0,0,0,1.17,10.58,-4.87,2.17,15.9,26.95,-2.02,-17.48,1.39,-0.33,5,12,2023-05-09,2026-08-10,3.3,limited history: 3.3y (<10y) - lower confidence,swing_scanner_nifty500_history.xlsx,Latest_Scan,2026-08-11 13:06:49.120250940,60.9,6.96969696969697,3.6363636363636367,1.17095,-0.11556064073226545,0.07358490566037736,1.6262999999999999,17.48,True,29.295154185022028,38.43612334801762,33.86563876651982,26.10132158590308,24.776785714285715,24.33920704845815,25.184078036500942,94.49339207048459,23.841059602649008,46.91629955947136,57.87080257898882,7.819383259911894,5.947136563876652,9.691629955947137,2.8634361233480177,7.075991189427312,98.23788546255507,57.70925110132159,8.370044052863436,63.17180616740088,8.466409691629956,6.296019509125236,11.574160515797765,1.4151982378854626,6.317180616740089,34.07,False,False,True,False,True,False,True,True,False,LOW_TRADE_COUNT|LIMITED_HISTORY|NON_POSITIVE_CAGR|NON_POSITIVE_RECOVERY,,F,NO_SIGNAL
CONCOR,False,0.0,0.023,-7.31,105,44.8,30,28.6,2,1.9,48,45.7,25,23.8,15,10,0,0,0,0,0,0.33,7.49,-5.47,1.37,14.6,34.6,-2.75,-42.5,1.11,-0.6,7,64,2015-10-16,2026-08-10,10.8,,swing_scanner_nifty500_history.xlsx,Latest_Scan,2026-08-11 13:06:49.120250940,55.2,9.722222222222221,5.925925925925926,0.33607999999999993,-0.06470588235294118,0.022602739726027398,0.36630000000000007,42.5,True,14.537444933920703,24.44933920704846,19.493392070484582,13.876651982378855,19.977678571428573,13.876651982378855,15.828980490874766,45.15418502202643,14.56953642384106,14.427312775330398,26.767839950987543,48.6784140969163,65.7488986784141,66.62995594713657,8.259911894273127,51.371145374449334,49.118942731277535,70.48458149779736,34.58149779735683,49.030837004405285,4.8733480176211454,3.9572451227186916,5.353567990197509,10.274229074889867,4.903083700440529,29.36,True,True,True,False,True,False,True,True,False,NON_POSITIVE_CAGR|NON_POSITIVE_RECOVERY,,F,NO_SIGNAL
NIVABUPA,False,0.0,-0.038,0.24,11,63.6,5,45.5,0,0.0,4,36.4,2,18.2,2,0,0,0,0,0,0,-0.49,4.3,-8.88,0.48,13.0,-5.38,-2.0,-10.34,0.85,-0.28,2,10,2024-11-14,2026-08-10,1.7,limited history: 1.7y (<10y) - lower confidence,swing_scanner_nifty500_history.xlsx,Latest_Scan,2026-08-11 13:06:49.120250940,36.4,6.470588235294118,5.882352941176471,-0.4975200000000002,-0.19342359767891684,-0.03769230769230769,-0.4165,10.34,True,5.726872246696035,48.89867841409692,27.312775330396477,5.947136563876652,25.223214285714285,6.057268722466961,12.146318439269981,97.3568281938326,26.048565121412803,97.02643171806167,72.31633699954294,3.854625550660793,4.73568281938326,3.303964757709251,87.11453744493393,16.426211453744493,0.6607929515418502,83.59030837004406,6.387665198237885,18.964757709251103,6.828193832599119,3.0365796098174953,14.463267399908588,3.285242290748899,1.8964757709251103,29.51,False,False,False,False,False,False,False,True,False,LOW_TRADE_COUNT|LIMITED_HISTORY|NON_POSITIVE_EXPECTANCY|NON_POSITIVE_CAGR|PROFIT_FACTOR_BELOW_1|NON_POSITIVE_RECOVERY|LOW_RISK_REWARD,,F,NO_SIGNAL
MAPMYINDIA,False,0.0,-0.208,-7.85,31,41.9,13,41.9,0,0.0,17,54.8,1,3.2,0,1,0,0,0,0,0,-2.02,5.97,-7.78,0.77,9.7,-62.47,-17.02,-68.19,0.55,-0.79,7,28,2021-12-21,2026-08-10,4.6,limited history: 4.6y (<10y) - lower confidence,swing_scanner_nifty500_history.xlsx,Latest_Scan,2026-08-11 13:06:49.120250940,58.1,6.739130434782609,6.086956521739131,-2.0187500000000003,-0.24959671506085937,-0.20824742268041238,-1.1110000000000002,68.19,True,1.9823788546255507,23.568281938325992,12.775330396475772,2.4229074889867843,1.5625,2.643171806167401,2.209251101321586,5.286343612334802,7.28476821192053,14.427312775330398,8.271034512938705,9.911894273127754,15.198237885462554,13.105726872246695,4.845814977973569,11.272026431718059,2.8634361233480177,97.13656387665198,7.488986784140969,23.105726872246695,3.193832599118943,0.5523127753303965,1.654206902587741,2.2544052863436117,2.3105726872246697,9.97,False,False,False,False,False,False,False,True,False,LOW_TRADE_COUNT|LIMITED_HISTORY|NON_POSITIVE_EXPECTANCY|NON_POSITIVE_CAGR|PROFIT_FACTOR_BELOW_1|NON_POSITIVE_RECOVERY|LOW_RISK_REWARD,,F,NO_SIGNAL
NSLNISP,False,0.0,-0.125,-3.25,23,43.5,6,26.1,0,0.0,12,52.2,5,21.7,4,1,0,0,0,0,0,-1.54,7.97,-8.85,0.9,12.3,-35.36,-10.38,-43.41,0.69,-0.57,3,18,2023-02-20,2026-08-10,3.5,limited history: 3.5y (<10y) - lower confidence,swing_scanner_nifty500_history.xlsx,Latest_Scan,2026-08-11 13:06:49.120250940,56.5,6.571428571428571,5.142857142857143,-1.5332999999999997,-0.23911541119557708,-0.12520325203252033,-1.0626,43.41,True,3.524229074889868,36.56387665198238,20.044052863436125,3.303964757709251,5.580357142857143,4.845814977973569,4.4641283826305855,42.731277533039645,15.894039735099339,88.54625550660793,44.79198879715261,7.819383259911894,9.251101321585903,9.911894273127754,6.497797356828194,8.502202643171806,5.39647577092511,88.65638766519824,7.048458149779736,22.54405286343612,5.011013215859031,1.1160320956576464,8.958397759430524,1.7004405286343613,2.254405286343612,19.04,False,False,False,False,False,False,False,True,False,LOW_TRADE_COUNT|LIMITED_HISTORY|NON_POSITIVE_EXPECTANCY|NON_POSITIVE_CAGR|PROFIT_FACTOR_BELOW_1|NON_POSITIVE_RECOVERY|LOW_RISK_REWARD,,F,NO_SIGNAL
NUVOCO,False,0.0,0.035,1.97,28,46.4,13,46.4,0,0.0,11,39.3,4,14.3,0,4,0,0,0,0,0,0.43,8.05,-6.18,1.3,12.1,11.96,-2.85,-23.08,1.13,-0.56,4,21,2021-08-23,2026-08-10,5.0,limited history: 5.0y (<10y) - lower confidence,swing_scanner_nifty500_history.xlsx,Latest_Scan,2026-08-11 13:06:49.120250940,53.6,5.6,4.2,0.42272,-0.1234835355285962,0.03553719008264463,0.48589999999999994,23.08,True,16.96035242290749,52.42290748898678,34.691629955947135,14.757709251101323,19.642857142857142,14.537444933920703,16.259282567652612,88.98678414096916,16.666666666666664,70.59471365638767,59.07672540381792,9.251101321585903,10.682819383259911,15.969162995594713,11.343612334801762,11.602422907488986,36.23348017621145,90.52863436123349,3.9647577092511015,37.41189427312775,8.672907488986784,4.064820641913153,11.815345080763585,2.3204845814977975,3.7411894273127753,30.61,False,True,True,False,True,False,True,True,False,LOW_TRADE_COUNT|NON_POSITIVE_CAGR|NON_POSITIVE_RECOVERY,,F,NO_SIGNAL
CAMS,False,0.0,-0.161,-3.06,34,29.4,4,11.8,1,2.9,20,58.8,9,26.5,5,4,0,0,0,0,0,-2.64,6.58,-6.48,1.02,16.4,-89.76,-13.45,-45.47,0.42,-1.12,4,25,2020-10-05,2026-08-10,5.8,limited history: 5.8y (<10y) - lower confidence,swing_scanner_nifty500_history.xlsx,Latest_Scan,2026-08-11 13:06:49.120250940,70.6,5.862068965517242,4.310344827586207,-2.6403600000000003,-0.2957994281944139,-0.1609756097560976,-1.1088,45.47,True,2.8634361233480177,37.99559471365639,20.429515418502202,1.3215859030837005,2.455357142857143,1.762114537444934,1.8077407174323474,36.784140969163,0.8830022075055187,70.59471365638767,32.67138557438905,10.90308370044053,12.77533039647577,19.7136563876652,1.3215859030837005,12.136563876651982,8.81057268722467,50.991189427312776,4.405286343612335,15.925110132158592,5.1073788546255505,0.45193517935808686,6.53427711487781,2.4273127753303965,1.5925110132158593,16.11,False,True,False,False,False,False,True,True,False,LOW_TRADE_COUNT|NON_POSITIVE_EXPECTANCY|NON_POSITIVE_CAGR|PROFIT_FACTOR_BELOW_1|NON_POSITIVE_RECOVERY,,F,NO_SIGNAL
LALPATHLAB,False,0.0,0.08,20.48,97,53.6,28,28.9,6,6.2,36,37.1,27,27.8,18,9,0,0,0,0,0,1.47,7.94,-5.99,1.33,18.5,142.98,-2.87,-42.99,1.53,-0.6,6,57,2015-12-23,2026-08-10,10.6,,swing_scanner_nifty500_history.xlsx,Latest_Scan,2026-08-11 13:06:49.120250940,46.4,9.150943396226415,5.377358490566038,1.47648,-0.0667597115608281,0.07945945945945945,2.2491,42.99,True,31.718061674008812,88.10572687224669,59.91189427312775,32.048458149779734,19.419642857142858,33.03964757709251,28.284770295783513,43.83259911894273,14.56953642384106,26.3215859030837,29.21277387169239,39.20704845814978,47.3568281938326,32.819383259911895,34.91189427312775,39.003303964757706,41.96035242290749,26.762114537444937,26.651982378854626,34.32819383259912,14.977973568281937,7.071192573945878,5.8425547743384785,7.8006607929515415,3.432819383259912,39.13,True,True,True,False,True,False,True,True,False,NON_POSITIVE_CAGR|NON_POSITIVE_RECOVERY,,F,NO_SIGNAL
CANFINHOME,False,0.0,0.038,-4.11,108,50.9,30,27.8,2,1.9,45,41.7,31,28.7,23,8,0,0,0,0,0,0.69,8.59,-7.5,1.15,18.2,74.94,-6.07,-74.36,1.19,-0.64,5,63,2015-10-16,2026-08-10,10.8,,swing_scanner_nifty500_history.xlsx,Latest_Scan,2026-08-11 13:06:49.120250940,49.1,10.0,5.833333333333333,0.6898099999999996,-0.08162990855298548,0.03791208791208791,0.8210999999999999,74.36,True,17.400881057268723,33.03964757709251,25.220264317180614,16.96035242290749,10.714285714285714,16.299559471365637,14.776589049716804,3.0837004405286343,12.693156732891833,46.91629955947136,17.405159922591437,51.431718061674005,63.21585903083701,66.62995594713657,23.127753303964756,53.931718061674005,17.290748898678416,29.295154185022028,38.1057268722467,25.936123348017624,6.305066079295154,3.694147262429201,3.4810319845182875,10.786343612334802,2.5936123348017626,26.86,True,True,True,False,True,False,True,True,False,NON_POSITIVE_CAGR|NON_POSITIVE_RECOVERY,,F,NO_SIGNAL
MGL,False,0.0,0.007,3.17,90,45.6,17,18.9,9,10.0,38,42.2,26,28.9,15,11,0,0,0,0,0,0.14,6.36,-5.07,1.25,19.0,12.22,-1.51,-21.13,1.05,-0.62,3,49,2016-07-01,2026-08-10,10.1,,swing_scanner_nifty500_history.xlsx,Latest_Scan,2026-08-11 13:06:49.120250940,54.4,8.910891089108912,4.851485148514851,0.14207999999999954,-0.07146237576904875,0.00736842105263158,0.14700000000000002,21.13,True,11.674008810572687,54.62555066079295,33.14977973568282,11.784140969162996,27.455357142857146,12.004405286343612,16.860604153555695,90.96916299559471,13.686534216335541,88.54625550660793,63.31451605060732,31.167400881057265,29.515418502202646,32.048458149779734,10.13215859030837,27.81938325991189,28.9647577092511,22.577092511013216,23.568281938325992,26.068281938325992,8.287444933920705,4.215151038388924,12.662903210121463,5.563876651982379,2.6068281938325994,33.34,True,True,True,False,True,False,True,True,False,NON_POSITIVE_CAGR|NON_POSITIVE_RECOVERY,,F,NO_SIGNAL
CGPOWER,False,0.0,0.116,-0.38,130,53.1,49,37.7,6,4.6,50,38.5,25,19.2,15,10,0,0,0,0,0,1.61,9.6,-7.43,1.29,13.8,208.77,-6.33,-79.81,1.46,-0.62,14,76,2015-10-16,2026-08-10,10.8,,swing_scanner_nifty500_history.xlsx,Latest_Scan,2026-08-11 13:06:49.120250940,46.9,12.037037037037036,7.037037037037036,1.6129300000000004,-0.07931336925197344,0.11666666666666667,2.3506,79.81,True,45.70484581497797,46.69603524229075,46.20044052863436,36.56387665198238,10.044642857142858,29.185022026431717,26.01164254247955,1.3215859030837005,13.686534216335541,0.22026431718061676,5.373987416246074,81.16740088105728,86.78414096916299,66.62995594713657,32.268722466960355,71.60242290748899,34.91189427312775,76.87224669603523,74.8898678414097,55.297356828193834,11.55011013215859,6.502910635619887,1.0747974832492149,14.320484581497798,5.529735682819384,38.98,True,True,True,False,True,False,True,True,False,NON_POSITIVE_CAGR|NON_POSITIVE_RECOVERY,,F,NO_SIGNAL
BOSCHLTD,True,0.0,-0.009,16.43,100,45.0,21,21.0,3,3.0,44,44.0,32,32.0,21,11,0,0,0,0,0,-0.14,5.82,-5.02,1.16,16.0,-14.19,-4.36,-48.61,0.95,-0.74,5,64,2015-10-16,2026-08-10,10.8,,swing_scanner_nifty500_history.xlsx,Latest_Scan,2026-08-11 13:06:49.120250940,55.0,9.25925925925926,5.925925925925926,-0.1419999999999999,-0.08969347870808476,-0.00875,-0.133,48.61,True,9.361233480176212,82.81938325991189,46.09030837004405,9.251101321585903,14.955357142857142,9.030837004405285,11.014789175582127,30.837004405286343,9.381898454746135,46.91629955947136,27.347541111143528,42.951541850220266,65.7488986784141,66.62995594713657,8.590308370044053,49.41629955947136,18.722466960352424,56.167400881057276,28.524229074889867,29.151982378854626,11.522577092511012,2.7536972938955318,5.469508222228706,9.883259911894273,2.9151982378854626,32.54,True,True,False,False,False,False,True,True,False,NON_POSITIVE_EXPECTANCY|NON_POSITIVE_CAGR|PROFIT_FACTOR_BELOW_1|NON_POSITIVE_RECOVERY,31,F,REJECT
DOMS,False,0.0,-0.336,-2.89,13,30.8,4,30.8,0,0.0,8,61.5,1,7.7,0,1,0,0,0,0,0,-3.79,6.55,-8.39,0.78,11.3,-49.33,-28.6,-44.92,0.35,-1.0,6,12,2023-12-20,2026-08-10,2.6,limited history: 2.6y (<10y) - lower confidence,swing_scanner_nifty500_history.xlsx,Latest_Scan,2026-08-11 13:06:49.120250940,69.2,5.0,4.615384615384615,-3.7884800000000003,-0.6366874443455032,-0.33539823008849556,-1.3265,44.92,True,1.1013215859030838,38.43612334801762,19.76872246696035,0.6607929515418502,0.2232142857142857,0.6607929515418502,0.5207677784770296,38.87665198237886,1.1037527593818985,26.3215859030837,22.517370734506137,4.73568281938326,5.947136563876652,6.497797356828194,1.5418502202643172,4.999999999999999,3.0837004405286343,92.84140969162996,2.753303964757709,20.936123348017624,4.942180616740088,0.1301919446192574,4.503474146901228,0.9999999999999999,2.0936123348017626,12.67,False,False,False,False,False,False,False,True,False,LOW_TRADE_COUNT|LIMITED_HISTORY|NON_POSITIVE_EXPECTANCY|NON_POSITIVE_CAGR|PROFIT_FACTOR_BELOW_1|NON_POSITIVE_RECOVERY|LOW_RISK_REWARD,,F,NO_SIGNAL
PGEL,False,0.0,0.097,21.33,115,49.6,46,40.0,3,2.6,55,47.8,11,9.6,8,3,0,0,0,0,0,1.06,11.0,-8.7,1.26,10.9,122.31,-5.71,-69.81,1.24,-0.63,5,78,2015-10-16,2026-08-10,10.8,,swing_scanner_nifty500_history.xlsx,Latest_Scan,2026-08-11 13:06:49.120250940,50.4,10.648148148148147,7.222222222222221,1.0712000000000002,-0.08179343933533878,0.09724770642201835,1.3144,69.81,True,37.11453744493392,89.42731277533039,63.270925110132154,23.127753303964756,11.160714285714286,17.51101321585903,17.725613593455,4.405286343612335,13.134657836644593,46.91629955947136,18.088319670138382,63.76651982378855,90.08810572687224,66.62995594713657,18.502202643171806,64.27312775330397,30.837004405286343,93.83259911894272,51.98237885462555,49.77973568281938,15.817731277533039,4.43140339836375,3.617663934027677,12.854625550660794,4.977973568281938,41.7,True,True,True,False,True,False,True,True,False,NON_POSITIVE_CAGR|NON_POSITIVE_RECOVERY,,D,NO_SIGNAL
DABUR,False,0.0,-0.02,-13.56,93,44.1,14,15.1,4,4.3,33,35.5,42,45.2,23,19,0,0,0,0,0,-0.39,4.02,-3.88,1.04,19.8,-36.68,-1.86,-39.39,0.82,-0.45,6,51,2015-10-16,2026-08-10,10.8,,swing_scanner_nifty500_history.xlsx,Latest_Scan,2026-08-11 13:06:49.120250940,55.9,8.61111111111111,4.722222222222222,-0.3960999999999997,-0.04722010662604722,-0.019696969696969695,-0.3198,39.39,True,6.828193832599119,11.674008810572687,9.251101321585903,6.607929515418502,25.669642857142854,5.506607929515418,12.39930774071743,53.30396475770925,19.97792494481236,26.3215859030837,34.89425610953895,34.2511013215859,33.03964757709251,66.62995594713657,7.599118942731277,38.04515418502202,9.691629955947137,14.096916299559473,19.05286343612335,13.381057268722468,2.3127753303964758,3.0998269351793577,6.9788512219077905,7.609030837004404,1.338105726872247,21.34,True,True,False,False,False,False,True,True,False,NON_POSITIVE_EXPECTANCY|NON_POSITIVE_CAGR|PROFIT_FACTOR_BELOW_1|NON_POSITIVE_RECOVERY,,F,NO_SIGNAL
DLF,False,0.0,0.147,12.24,127,59.8,54,42.5,10,7.9,45,35.4,18,14.2,12,6,0,0,0,0,0,2.3,8.67,-7.18,1.21,15.7,292.55,-8.76,-63.8,1.8,-0.95,6,72,2015-10-16,2026-08-10,10.8,,swing_scanner_nifty500_history.xlsx,Latest_Scan,2026-08-11 13:06:49.120250940,40.2,11.759259259259258,6.666666666666666,2.2983,-0.1373040752351097,0.1464968152866242,4.14,63.8,True,60.792951541850215,74.22907488986785,67.51101321585904,55.2863436123348,7.8125,50.881057268722465,38.86123348017621,8.149779735682818,2.6490066225165565,26.3215859030837,10.767460687924848,77.97356828193833,81.82819383259911,66.62995594713657,70.37444933920705,74.96145374449338,23.45814977973568,59.25110132158591,70.48458149779736,44.724669603524234,16.87775330396476,9.715308370044053,2.1534921375849696,14.992290748898677,4.472466960352423,48.21,True,True,True,False,True,False,True,True,False,NON_POSITIVE_CAGR|NON_POSITIVE_RECOVERY,,D,NO_SIGNAL
BHARTIHEXA,False,0.0,-0.01,-1.87,19,36.8,7,36.8,0,0.0,6,31.6,6,31.6,0,6,0,0,0,0,0,-0.2,10.64,-6.53,1.63,19.8,-3.88,-5.64,-21.74,0.95,-0.35,3,12,2024-04-12,2026-08-10,2.3,limited history: 2.3y (<10y) - lower confidence,swing_scanner_nifty500_history.xlsx,Latest_Scan,2026-08-11 13:06:49.120250940,63.2,8.260869565217392,5.217391304347826,-0.21144000000000007,-0.2594296228150874,-0.010101010101010102,-0.19,21.74,True,9.030837004405285,41.18942731277533,25.110132158590307,8.700440528634362,11.383928571428571,9.030837004405285,9.651667715544367,90.52863436123349,22.8476821192053,88.54625550660793,66.34470636286724,6.938325991189427,5.947136563876652,6.057268722466961,2.2026431718061676,5.759911894273128,85.57268722466961,14.096916299559473,16.079295154185022,50.429515418502206,6.277533039647577,2.4129169288860917,13.26894127257345,1.1519823788546257,5.042951541850221,28.15,False,False,False,False,False,False,True,True,False,LOW_TRADE_COUNT|LIMITED_HISTORY|NON_POSITIVE_EXPECTANCY|NON_POSITIVE_CAGR|PROFIT_FACTOR_BELOW_1|NON_POSITIVE_RECOVERY,,F,NO_SIGNAL
BERGEPAINT,False,0.0,0.028,3.43,114,55.3,18,15.8,9,7.9,36,31.6,51,44.7,36,15,0,0,0,0,0,0.62,5.0,-4.8,1.04,21.9,70.61,-2.65,-48.33,1.29,-0.5,5,57,2015-10-16,2026-08-10,10.8,,swing_scanner_nifty500_history.xlsx,Latest_Scan,2026-08-11 13:06:49.120250940,44.7,10.555555555555555,5.277777777777778,0.6193999999999993,-0.054831367680529694,0.028310502283105023,0.7998000000000001,48.33,True,15.308370044052863,55.50660792951542,35.40748898678414,16.519823788546255,20.535714285714285,18.502202643171806,18.35997482693518,31.277533039647576,19.5364238410596,46.91629955947136,31.077836450097728,62.22466960352423,47.3568281938326,66.62995594713657,42.841409691629956,56.70154185022026,9.691629955947137,3.0837004405286343,50.110132158590304,20.495594713656388,8.851872246696034,4.589993706733795,6.215567290019546,11.340308370044053,2.049559471365639,33.05,True,True,True,False,True,False,True,True,False,NON_POSITIVE_CAGR|NON_POSITIVE_RECOVERY,,F,NO_SIGNAL
BIKAJI,False,0.0,0.071,-7.83,37,56.8,12,32.4,4,10.8,12,32.4,9,24.3,5,4,0,0,0,0,0,1.17,7.27,-6.83,1.06,16.5,43.37,-4.5,-43.9,1.4,-0.32,3,17,2022-11-16,2026-08-10,3.7,limited history: 3.7y (<10y) - lower confidence,swing_scanner_nifty500_history.xlsx,Latest_Scan,2026-08-11 13:06:49.120250940,43.2,10.0,4.594594594594595,1.178799999999999,-0.10250569476082005,0.07090909090909091,1.638,43.9,True,27.312775330396477,24.008810572687224,25.66079295154185,26.10132158590308,14.732142857142858,25.220264317180618,22.21648835745752,41.85022026431718,24.834437086092713,88.54625550660793,47.568704962511305,12.004405286343612,8.81057268722467,10.682819383259911,51.65198237885462,16.8226872246696,10.242290748898679,49.33920704845815,38.1057268722467,26.42070484581498,6.415198237885463,5.55412208936438,9.513740992502262,3.3645374449339203,2.6420704845814984,27.49,False,False,True,False,True,False,True,True,False,LOW_TRADE_COUNT|LIMITED_HISTORY|NON_POSITIVE_CAGR|NON_POSITIVE_RECOVERY,,F,NO_SIGNAL
BIOCON,False,0.0,0.018,-2.0,95,48.4,23,24.2,3,3.2,39,41.1,30,31.6,20,10,0,0,0,0,0,0.35,7.43,-6.29,1.18,19.1,33.5,-2.09,-60.79,1.11,-0.33,6,54,2015-10-16,2026-08-10,10.8,,swing_scanner_nifty500_history.xlsx,Latest_Scan,2026-08-11 13:06:49.120250940,51.6,8.796296296296296,5.0,0.35047999999999924,-0.034380654712946206,0.01832460732984293,0.3885,60.79,True,13.656387665198238,40.52863436123348,27.09251101321586,14.20704845814978,24.107142857142858,13.876651982378855,17.282567652611707,12.114537444933921,23.841059602649008,26.3215859030837,19.770582314671646,37.33480176211454,40.308370044052865,66.62995594713657,14.977973568281937,42.04845814977973,21.58590308370044,21.58590308370044,22.46696035242291,21.85022026431718,6.773127753303965,4.320641913152927,3.9541164629343295,8.409691629955946,2.185022026431718,25.64,True,True,True,False,True,False,True,True,False,NON_POSITIVE_CAGR|NON_POSITIVE_RECOVERY,,F,NO_SIGNAL
IREDA,False,0.0,-0.254,-10.59,12,50.0,6,50.0,0,0.0,5,41.7,1,8.3,0,1,0,0,0,0,0,-2.56,5.8,-10.92,0.53,10.1,-30.74,-22.14,-29.17,0.53,-1.17,3,11,2023-11-29,2026-08-10,2.7,limited history: 2.7y (<10y) - lower confidence,swing_scanner_nifty500_history.xlsx,Latest_Scan,2026-08-11 13:06:49.120250940,50.0,4.444444444444444,4.0740740740740735,-2.56,-0.758998971546109,-0.25346534653465347,-1.3568,29.17,True,1.3215859030837005,17.841409691629956,9.581497797356828,1.5418502202643172,0.6696428571428571,2.4229074889867843,1.509439899307741,78.8546255506608,0.6622516556291391,88.54625550660793,53.910202176386505,4.295154185022026,5.286343612334802,6.938325991189427,20.044052863436125,7.566079295154186,1.3215859030837005,95.81497797356829,1.5418502202643172,20.286343612334807,2.395374449339207,0.37735997482693523,10.782040435277302,1.5132158590308373,2.0286343612334807,17.1,False,False,False,False,False,False,False,True,False,LOW_TRADE_COUNT|LIMITED_HISTORY|NON_POSITIVE_EXPECTANCY|NON_POSITIVE_CAGR|PROFIT_FACTOR_BELOW_1|NON_POSITIVE_RECOVERY|LOW_RISK_REWARD,,F,NO_SIGNAL
ITCHOTELS,False,0.0,-0.38,5.68,7,28.6,2,28.6,0,0.0,5,71.4,0,0.0,0,0,0,0,0,0,0,-1.96,4.64,-4.59,1.01,5.1,-13.69,-19.41,-17.16,0.4,-0.79,5,7,2025-01-29,2026-08-10,1.5,limited history: 1.5y (<10y) - lower confidence,swing_scanner_nifty500_history.xlsx,Latest_Scan,2026-08-11 13:06:49.120250940,71.4,4.666666666666667,4.666666666666667,-1.9502199999999996,-1.131118881118881,-0.3843137254901961,-0.784,17.16,True,0.881057268722467,61.013215859030836,30.94713656387665,2.643171806167401,1.1160714285714286,1.1013215859030838,1.722781623662681,94.7136563876652,7.28476821192053,46.91629955947136,52.1642063191061,2.092511013215859,2.973568281938326,1.8722466960352422,0.9911894273127754,2.092511013215859,8.149779735682818,99.22907488986785,2.4229074889867843,24.647577092511018,7.736784140969163,0.43069540591567024,10.43284126382122,0.41850220264317184,2.464757709251102,21.48,False,False,False,False,False,False,True,True,False,LOW_TRADE_COUNT|LIMITED_HISTORY|NON_POSITIVE_EXPECTANCY|NON_POSITIVE_CAGR|PROFIT_FACTOR_BELOW_1|NON_POSITIVE_RECOVERY,,F,NO_SIGNAL
JIOFIN,False,0.0,-0.135,5.84,19,31.6,4,21.1,0,0.0,9,47.4,6,31.6,2,4,0,0,0,0,0,-2.17,4.43,-5.21,0.85,16.0,-41.17,-3.73,-18.43,0.39,-0.53,4,13,2023-08-21,2026-08-10,3.0,limited history: 3.0y (<10y) - lower confidence,swing_scanner_nifty500_history.xlsx,Latest_Scan,2026-08-11 13:06:49.120250940,68.4,6.333333333333333,4.333333333333333,-2.1637599999999995,-0.20238741182854042,-0.135625,-0.8463,18.43,True,3.303964757709251,61.67400881057269,32.48898678414097,2.2026431718061676,16.741071428571427,0.881057268722467,6.484896161107615,93.17180616740089,17.880794701986755,70.59471365638767,61.17567902675263,6.938325991189427,6.828193832599119,8.700440528634362,1.762114537444934,6.574889867841409,3.854625550660793,56.167400881057276,5.947136563876652,14.944933920704848,8.122246696035242,1.6212240402769038,12.235135805350527,1.3149779735682818,1.4944933920704848,24.79,False,False,False,False,False,False,False,True,False,LOW_TRADE_COUNT|LIMITED_HISTORY|NON_POSITIVE_EXPECTANCY|NON_POSITIVE_CAGR|PROFIT_FACTOR_BELOW_1|NON_POSITIVE_RECOVERY|LOW_RISK_REWARD,,F,NO_SIGNAL
CYIENT,False,0.0,0.21,-7.71,106,59.4,54,50.9,2,1.9,39,36.8,11,10.4,8,3,0,0,0,0,0,3.26,10.05,-6.68,1.5,15.5,345.65,-3.11,-41.32,2.2,-0.67,5,60,2015-10-16,2026-08-10,10.8,,swing_scanner_nifty500_history.xlsx,Latest_Scan,2026-08-11 13:06:49.120250940,40.6,9.814814814814815,5.555555555555555,3.25762,-0.07526621490803484,0.21032258064516127,7.172,41.32,True,76.3215859030837,24.229074889867842,50.27533039647577,76.98237885462555,18.303571428571427,74.22907488986785,57.434235368156074,47.3568281938326,11.479028697571744,46.91629955947136,34.689466211550986,49.55947136563877,55.17621145374449,66.62995594713657,68.72246696035242,58.10572687224669,73.568281938326,61.23348017621145,35.90308370044053,59.801762114537446,12.568832599118943,14.358558842039018,6.9378932423101976,11.62114537444934,5.980176211453745,51.47,True,True,True,False,True,False,True,True,False,NON_POSITIVE_CAGR|NON_POSITIVE_RECOVERY,,C,NO_SIGNAL
RAMCOCEM,False,0.0,0.056,-1.59,97,52.6,27,27.8,2,2.1,32,33.0,36,37.1,22,14,0,0,0,0,0,1.1,7.67,-6.18,1.24,19.7,106.86,-4.35,-53.03,1.38,-0.66,6,53,2015-10-16,2026-08-10,10.8,,swing_scanner_nifty500_history.xlsx,Latest_Scan,2026-08-11 13:06:49.120250940,47.4,8.981481481481481,4.907407407407407,1.1051000000000002,-0.0820290401659438,0.05583756345177666,1.518,53.03,True,20.704845814977972,41.629955947136565,31.16740088105727,24.229074889867842,15.178571428571427,23.898678414096917,21.240402769037132,23.348017621145374,11.810154525386315,26.3215859030837,20.053157608114283,39.20704845814978,37.99559471365639,66.62995594713657,29.405286343612335,44.28964757709251,27.863436123348016,15.52863436123348,24.44933920704846,24.37224669603524,7.791850220264317,5.310100692259283,4.010631521622857,8.857929515418503,2.4372246696035242,28.41,True,True,True,False,True,False,True,True,False,NON_POSITIVE_CAGR|NON_POSITIVE_RECOVERY,,F,NO_SIGNAL
EMCURE,False,0.0,-0.052,16.25,25,52.0,4,16.0,0,0.0,6,24.0,15,60.0,9,6,0,0,0,0,0,-1.08,4.17,-6.77,0.62,20.9,-27.02,-12.06,-32.19,0.67,-0.59,5,12,2024-07-10,2026-08-10,2.1,limited history: 2.1y (<10y) - lower confidence,swing_scanner_nifty500_history.xlsx,Latest_Scan,2026-08-11 13:06:49.120250940,48.0,11.904761904761905,5.714285714285714,-1.0811999999999995,-0.3746505125815471,-0.051674641148325366,-0.7236000000000001,32.19,True,5.066079295154185,81.93832599118943,43.502202643171806,4.845814977973569,3.571428571428571,4.6255506607929515,4.376337319068597,71.91629955947137,15.2317880794702,46.91629955947136,45.826720541470955,8.370044052863436,5.947136563876652,4.73568281938326,26.762114537444937,9.614537444933921,1.9823788546255507,5.8370044052863435,72.4669603524229,23.898678414096914,10.875550660792952,1.0940843297671492,9.16534410829419,1.9229074889867843,2.3898678414096914,25.45,False,False,False,False,False,False,False,True,False,LOW_TRADE_COUNT|LIMITED_HISTORY|NON_POSITIVE_EXPECTANCY|NON_POSITIVE_CAGR|PROFIT_FACTOR_BELOW_1|NON_POSITIVE_RECOVERY|LOW_RISK_REWARD,,F,NO_SIGNAL
MSUMI,False,0.0,-0.016,-0.09,34,41.2,9,26.5,1,2.9,17,50.0,7,20.6,4,3,0,0,0,0,0,-0.25,8.12,-6.11,1.33,15.4,-8.54,-14.62,-50.28,0.93,-0.85,9,24,2022-03-28,2026-08-10,4.4,limited history: 4.4y (<10y) - lower confidence,swing_scanner_nifty500_history.xlsx,Latest_Scan,2026-08-11 13:06:49.120250940,58.8,7.727272727272727,5.454545454545454,-0.24724000000000013,-0.2907716785998409,-0.016233766233766232,-0.2325,50.28,True,7.709251101321586,47.57709251101321,27.6431718061674,7.819383259911894,2.0089285714285716,8.370044052863436,6.114222781623663,27.75330396475771,5.298013245033113,3.303964757709251,13.781617411091988,10.90308370044053,12.114537444933921,12.555066079295155,4.405286343612335,10.644273127753305,41.96035242290749,62.55506607929515,11.894273127753303,37.059471365638764,6.91079295154185,1.5285556954059158,2.7563234822183977,2.128854625550661,3.7059471365638768,17.03,False,False,False,False,False,False,True,True,False,LOW_TRADE_COUNT|LIMITED_HISTORY|NON_POSITIVE_EXPECTANCY|NON_POSITIVE_CAGR|PROFIT_FACTOR_BELOW_1|NON_POSITIVE_RECOVERY,,F,NO_SIGNAL
MRPL,False,0.0,0.103,0.55,120,51.7,55,45.8,5,4.2,52,43.3,8,6.7,2,6,0,0,0,0,0,1.26,10.13,-8.23,1.23,12.2,150.66,-4.31,-69.16,1.32,-0.52,9,76,2015-10-16,2026-08-10,10.8,,swing_scanner_nifty500_history.xlsx,Latest_Scan,2026-08-11 13:06:49.120250940,48.3,11.11111111111111,7.037037037037036,1.26212,-0.06231925968768074,0.10327868852459017,1.6632,69.16,True,39.20704845814978,50.0,44.60352422907489,27.75330396475771,15.625,20.594713656387665,21.867841409691632,4.6255506607929515,18.432671081677704,3.303964757709251,9.12764633233169,70.37444933920705,86.78414096916299,66.62995594713657,25.440528634361232,66.80066079295153,26.431718061674008,89.75770925110133,60.13215859030837,49.20704845814978,11.150881057268723,5.466960352422908,1.825529266466338,13.360132158590307,4.920704845814978,36.72,True,True,True,False,True,False,True,True,False,NON_POSITIVE_CAGR|NON_POSITIVE_RECOVERY,,F,NO_SIGNAL
CASTROLIND,False,0.0,0.011,2.39,83,41.0,28,33.7,3,3.6,40,48.2,12,14.5,3,9,0,0,0,0,0,0.18,8.82,-5.81,1.52,15.9,15.08,-4.34,-58.77,1.05,-0.62,7,56,2015-10-16,2026-08-10,10.8,,swing_scanner_nifty500_history.xlsx,Latest_Scan,2026-08-11 13:06:49.120250940,59.0,7.685185185185185,5.185185185185185,0.1882999999999999,-0.0738472009528671,0.011320754716981131,0.189,58.77,True,12.444933920704845,52.863436123348016,32.65418502202643,12.334801762114537,15.401785714285715,12.004405286343612,13.223725613593457,14.757709251101323,13.686534216335541,14.427312775330398,14.300198869990568,25.66079295154185,44.713656387665196,66.62995594713657,4.185022026431718,37.44493392070485,76.3215859030837,57.70925110132159,11.343612334801762,53.1057268722467,8.163546255506608,3.305931403398364,2.860039773998114,7.48898678414097,5.310572687224671,27.13,True,True,True,False,True,False,True,True,False,NON_POSITIVE_CAGR|NON_POSITIVE_RECOVERY,,F,NO_SIGNAL
MARICO,False,0.0,0.011,-0.07,100,50.0,10,10.0,9,9.0,34,34.0,47,47.0,32,15,0,0,0,0,0,0.23,4.35,-3.89,1.12,21.4,23.0,-3.28,-39.7,1.12,-0.71,6,52,2015-10-16,2026-08-10,10.8,,swing_scanner_nifty500_history.xlsx,Latest_Scan,2026-08-11 13:06:49.120250940,50.0,9.25925925925926,4.814814814814815,0.22999999999999976,-0.08261964735516372,0.01074766355140187,0.25760000000000005,39.7,True,12.444933920704845,47.797356828193834,30.12114537444934,12.555066079295155,17.857142857142858,14.317180616740089,14.745122718691,51.98237885462555,10.706401766004415,26.3215859030837,31.120588635722694,42.951541850220266,35.352422907488986,66.62995594713657,20.044052863436125,43.535242290748904,14.317180616740089,4.185022026431718,28.524229074889867,16.552863436123346,7.530286343612335,3.68628067967275,6.224117727144539,8.707048458149782,1.6552863436123346,27.8,True,True,True,False,True,False,True,True,False,NON_POSITIVE_CAGR|NON_POSITIVE_RECOVERY,,F,NO_SIGNAL
WHIRLPOOL,False,0.0,0.073,-8.43,89,52.8,30,33.7,5,5.6,36,40.4,18,20.2,12,6,0,0,0,0,0,1.19,7.78,-6.18,1.26,16.4,106.14,-4.6,-59.07,1.41,-0.63,6,57,2015-10-16,2026-08-10,10.8,,swing_scanner_nifty500_history.xlsx,Latest_Scan,2026-08-11 13:06:49.120250940,47.2,8.24074074074074,5.277777777777778,1.1908800000000008,-0.07787370915862535,0.0725609756097561,1.6778999999999997,59.07,True,28.744493392070485,21.255506607929515,25.0,26.54185022026432,14.508928571428573,26.431718061674008,22.660478288231594,14.096916299559473,13.134657836644593,26.3215859030837,16.81629323842032,29.845814977973568,47.3568281938326,66.62995594713657,30.616740088105725,43.5352422907489,30.837004405286343,50.991189427312776,15.308370044052863,30.209251101321588,6.25,5.665119572057899,3.3632586476840647,8.70704845814978,3.020925110132159,27.01,True,True,True,False,True,False,True,True,False,NON_POSITIVE_CAGR|NON_POSITIVE_RECOVERY,,F,NO_SIGNAL
HDFCLIFE,False,0.0,-0.016,-14.26,63,50.8,10,15.9,9,14.3,25,39.7,19,30.2,13,6,0,0,0,0,0,-0.34,4.55,-5.38,0.85,20.9,-21.23,-7.15,-50.73,0.87,-0.87,6,38,2017-11-17,2026-08-10,8.7,limited history: 8.7y (<10y) - lower confidence,swing_scanner_nifty500_history.xlsx,Latest_Scan,2026-08-11 13:06:49.120250940,49.2,7.241379310344828,4.367816091954023,-0.3355600000000001,-0.14094224324857088,-0.01626794258373206,-0.2958,50.73,True,7.709251101321586,10.13215859030837,8.920704845814978,6.938325991189427,9.151785714285714,6.607929515418502,7.55412208936438,26.762114537444937,4.635761589403973,26.3215859030837,18.90775884704029,19.933920704845814,20.814977973568283,26.762114537444937,22.46696035242291,22.241189427312776,3.854625550660793,5.8370044052863435,9.251101321585903,5.870044052863436,2.2301762114537445,1.888530522341095,3.7815517694080585,4.4482378854625555,0.5870044052863437,12.94,True,True,False,False,False,False,False,True,False,NON_POSITIVE_EXPECTANCY|NON_POSITIVE_CAGR|PROFIT_FACTOR_BELOW_1|NON_POSITIVE_RECOVERY|LOW_RISK_REWARD,,F,NO_SIGNAL
WOCKPHARMA,False,0.0,0.096,19.24,112,45.5,47,42.0,0,0.0,55,49.1,10,8.9,5,5,0,0,0,0,0,1.07,11.7,-7.82,1.5,11.1,119.67,-11.43,-74.76,1.25,-0.97,7,79,2015-10-16,2026-08-10,10.8,,swing_scanner_nifty500_history.xlsx,Latest_Scan,2026-08-11 13:06:49.120250940,54.5,10.37037037037037,7.314814814814814,1.0616000000000003,-0.15288924558587477,0.09639639639639641,1.3375000000000001,74.76,True,36.67400881057269,86.78414096916299,61.72907488986784,23.45814977973568,4.017857142857143,17.841409691629956,15.664568911264947,2.4229074889867843,1.9867549668874174,14.427312775330398,5.271355427837909,59.03083700440529,91.51982378854625,66.62995594713657,9.361233480176212,61.60242290748899,73.568281938326,93.3920704845815,46.36563876651982,69.37224669603525,15.43226872246696,3.9161422278162368,1.0542710855675819,12.3204845814978,6.937224669603525,39.66,True,True,True,False,True,False,True,True,False,NON_POSITIVE_CAGR|NON_POSITIVE_RECOVERY,,F,NO_SIGNAL
HDFCBANK,False,0.0,0.034,-5.02,89,52.8,11,12.4,3,3.4,27,30.3,48,53.9,33,15,0,0,0,0,0,0.72,4.72,-3.76,1.26,21.0,63.67,-3.49,-37.62,1.4,-0.77,5,44,2015-10-16,2026-08-10,10.8,,swing_scanner_nifty500_history.xlsx,Latest_Scan,2026-08-11 13:06:49.120250940,47.2,8.24074074074074,4.0740740740740735,0.7174400000000003,-0.0927698032961191,0.03428571428571429,1.008,37.62,True,16.740088105726873,29.955947136563875,23.348017621145374,17.400881057268723,17.1875,25.220264317180618,19.522026431718064,57.268722466960355,8.167770419426049,46.91629955947136,37.4952835234511,29.845814977973568,25.0,66.62995594713657,30.616740088105725,37.94603524229075,30.837004405286343,5.39647577092511,15.308370044052863,21.090308370044053,5.8370044052863435,4.880506607929516,7.49905670469022,7.5892070484581495,2.1090308370044055,27.91,True,True,True,False,True,False,True,True,False,NON_POSITIVE_CAGR|NON_POSITIVE_RECOVERY,,F,NO_SIGNAL
HDFCAMC,False,0.0,0.103,-5.53,92,53.3,33,35.9,2,2.2,33,35.9,24,26.1,14,10,0,0,0,0,0,1.96,8.96,-6.02,1.49,18.9,180.18,-7.12,-55.64,1.7,-0.72,5,51,2018-08-06,2026-08-10,8.0,limited history: 8.0y (<10y) - lower confidence,swing_scanner_nifty500_history.xlsx,Latest_Scan,2026-08-11 13:06:49.120250940,46.7,11.5,6.375,1.964339999999999,-0.12796549245147376,0.10370370370370371,3.332,55.64,True,39.20704845814978,27.973568281938327,33.590308370044056,45.48458149779736,9.375,41.85022026431718,32.91189427312776,18.502202643171806,10.154525386313466,46.91629955947136,22.68403983234628,33.259911894273124,33.03964757709251,24.559471365638768,33.480176211453745,31.062775330396473,72.02643171806167,23.348017621145374,67.18061674008811,60.83700440528634,8.397577092511014,8.22797356828194,4.536807966469256,6.212555066079295,6.083700440528634,33.46,True,True,True,False,True,False,True,True,False,NON_POSITIVE_CAGR|NON_POSITIVE_RECOVERY,,F,NO_SIGNAL
YESBANK,False,0.0,0.097,-1.26,91,58.2,31,34.1,5,5.5,30,33.0,25,27.5,17,8,0,0,0,0,0,1.57,7.54,-6.76,1.12,16.2,142.65,-3.4,-53.53,1.56,-0.54,4,53,2015-10-16,2026-08-10,10.8,,swing_scanner_nifty500_history.xlsx,Latest_Scan,2026-08-11 13:06:49.120250940,41.8,8.425925925925926,4.907407407407407,1.5626000000000015,-0.06351578554081823,0.09691358024691359,2.4492000000000003,53.53,True,37.11453744493392,42.951541850220266,40.0330396475771,34.91189427312775,17.410714285714285,34.91189427312775,29.311516677155446,22.026431718061673,17.439293598233995,70.59471365638767,32.56300386070348,32.378854625550666,37.99559471365639,66.62995594713657,61.563876651982376,46.723568281938334,14.317180616740089,53.85462555066079,17.290748898678416,23.11674008810573,10.008259911894275,7.327879169288861,6.512600772140697,9.344713656387666,2.311674008810573,35.51,True,True,True,False,True,False,True,True,False,NON_POSITIVE_CAGR|NON_POSITIVE_RECOVERY,,F,NO_SIGNAL
BAYERCROP,False,0.0,-0.015,-8.73,66,45.5,20,30.3,5,7.6,29,43.9,12,18.2,5,7,0,0,0,0,0,-0.24,5.88,-5.33,1.1,16.0,-15.6,-5.46,-55.48,0.92,-0.79,6,50,2015-10-16,2026-08-10,10.8,,swing_scanner_nifty500_history.xlsx,Latest_Scan,2026-08-11 13:06:49.120250940,54.5,6.111111111111111,4.62962962962963,-0.2294499999999995,-0.0984138428262437,-0.015,-0.2208,55.48,True,8.259911894273127,20.26431718061674,14.262114537444933,8.149779735682818,12.053571428571429,7.819383259911894,9.306482064191314,18.722466960352424,7.28476821192053,26.3215859030837,16.61905213408408,20.704845814977972,31.167400881057265,66.62995594713657,9.361233480176212,33.10022026431718,11.894273127753303,56.167400881057276,5.286343612334802,18.76651982378855,3.5655286343612334,2.3266205160478286,3.323810426816816,6.620044052863436,1.876651982378855,17.71,True,True,False,False,False,False,True,True,False,NON_POSITIVE_EXPECTANCY|NON_POSITIVE_CAGR|PROFIT_FACTOR_BELOW_1|NON_POSITIVE_RECOVERY,,F,NO_SIGNAL
SBFC,False,0.0,-0.019,-1.57,28,46.4,8,28.6,2,7.1,10,35.7,8,28.6,3,5,0,0,0,0,0,-0.31,5.89,-5.68,1.04,16.6,-8.6,-6.58,-28.9,0.9,-0.56,5,16,2023-08-16,2026-08-10,3.0,limited history: 3.0y (<10y) - lower confidence,swing_scanner_nifty500_history.xlsx,Latest_Scan,2026-08-11 13:06:49.120250940,53.6,9.333333333333334,5.333333333333333,-0.31152000000000024,-0.227681660899654,-0.01867469879518072,-0.279,28.9,True,7.048458149779736,41.85022026431718,24.449339207048457,7.268722466960352,9.821428571428571,7.048458149779736,8.02391441157961,79.29515418502203,16.666666666666664,46.91629955947136,49.28046989720998,9.251101321585903,8.590308370044053,8.700440528634362,11.343612334801762,9.262114537444933,9.691629955947137,47.907488986784145,29.735682819383257,23.348017621145374,6.112334801762114,2.0059786028949027,9.856093979441997,1.8524229074889869,2.3348017621145374,22.16,False,False,False,False,False,False,True,True,False,LOW_TRADE_COUNT|LIMITED_HISTORY|NON_POSITIVE_EXPECTANCY|NON_POSITIVE_CAGR|PROFIT_FACTOR_BELOW_1|NON_POSITIVE_RECOVERY,,F,NO_SIGNAL
POLYMED,True,0.0,0.061,6.78,118,46.6,49,41.5,0,0.0,44,37.3,25,21.2,6,19,0,0,0,0,0,0.99,8.84,-5.86,1.51,16.2,116.89,-5.6,-57.45,1.32,-0.75,8,69,2015-10-16,2026-08-10,10.8,,swing_scanner_nifty500_history.xlsx,Latest_Scan,2026-08-11 13:06:49.120250940,53.4,10.925925925925926,6.388888888888888,0.9901999999999997,-0.09747606614447345,0.061111111111111116,1.3068,57.45,True,23.568281938325992,63.32599118942731,43.447136563876654,21.80616740088106,11.607142857142858,20.594713656387665,18.203272498426685,16.079295154185022,8.940397350993377,7.709251101321586,11.488169909852086,68.06167400881057,76.54185022026432,66.62995594713657,12.004405286343612,61.415198237885456,75.0,53.85462555066079,56.82819383259912,65.31938325991189,10.861784140969164,4.550818124606671,2.2976339819704172,12.283039647577091,6.531938325991189,36.53,True,True,True,False,True,False,True,True,False,NON_POSITIVE_CAGR|NON_POSITIVE_RECOVERY,30,F,REJECT
BPCL,False,0.0,0.059,3.05,121,49.6,36,29.8,3,2.5,46,38.0,36,29.8,21,15,0,0,0,0,0,1.09,8.25,-5.95,1.39,18.4,132.06,-3.06,-63.1,1.36,-0.43,6,66,2015-10-16,2026-08-10,10.8,,swing_scanner_nifty500_history.xlsx,Latest_Scan,2026-08-11 13:06:49.120250940,50.4,11.203703703703702,6.111111111111111,1.0931999999999995,-0.04849445324881141,0.05923913043478262,1.4824000000000002,63.1,True,22.687224669603523,54.40528634361234,38.546255506607935,23.788546255506606,18.75,22.577092511013216,21.837004405286343,8.81057268722467,20.97130242825607,26.3215859030837,17.44458140055042,71.80616740088107,70.26431718061674,66.62995594713657,18.502202643171806,62.13105726872248,52.6431718061674,27.312775330396477,61.89427312775331,50.352422907488986,9.636563876651984,5.459251101321586,3.488916280110084,12.426211453744497,5.035242290748899,36.05,True,True,True,False,True,False,True,True,False,NON_POSITIVE_CAGR|NON_POSITIVE_RECOVERY,,F,NO_SIGNAL
POWERGRID,False,0.0,0.022,-14.57,102,44.1,17,16.7,9,8.8,34,33.3,42,41.2,20,22,0,0,0,0,0,0.49,6.38,-4.16,1.53,22.4,49.49,-1.19,-36.2,1.21,-0.3,9,49,2015-10-16,2026-08-10,10.8,,swing_scanner_nifty500_history.xlsx,Latest_Scan,2026-08-11 13:06:49.120250940,55.9,9.444444444444445,4.537037037037036,0.48814,-0.032872928176795574,0.021875000000000002,0.5929,36.2,True,14.20704845814978,9.581497797356828,11.894273127753305,15.308370044052863,29.24107142857143,16.740088105726873,20.16771554436753,61.013215859030836,25.496688741721858,3.303964757709251,34.155118592642296,45.37444933920705,29.515418502202646,66.62995594713657,7.599118942731277,41.05726872246696,77.5330396475771,1.1013215859030838,31.167400881057265,48.33700440528634,2.9735682819383262,5.041928886091882,6.83102371852846,8.211453744493392,4.833700440528634,27.89,True,True,True,False,True,False,True,True,False,NON_POSITIVE_CAGR|NON_POSITIVE_RECOVERY,,F,NO_SIGNAL
PVRINOX,False,0.0,0.03,7.62,83,50.6,24,28.9,0,0.0,33,39.8,26,31.3,17,9,0,0,0,0,0,0.53,7.2,-6.3,1.14,17.5,44.06,-1.69,-51.54,1.17,-0.32,4,53,2015-10-16,2026-08-10,10.8,,swing_scanner_nifty500_history.xlsx,Latest_Scan,2026-08-11 13:06:49.120250940,49.4,7.685185185185185,4.907407407407407,0.5310000000000001,-0.03279006596818006,0.030285714285714287,0.6201,51.54,True,15.748898678414097,65.19823788546255,40.47356828193832,16.079295154185022,26.5625,15.418502202643172,19.248898678414097,25.55066079295154,24.834437086092713,70.59471365638767,36.56099571140999,25.66079295154185,37.99559471365639,66.62995594713657,21.80616740088106,38.408590308370044,16.299559471365637,38.215859030837,11.343612334801762,19.196035242290748,10.11839207048458,4.812224669603524,7.312199142281997,7.681718061674009,1.9196035242290748,31.84,True,True,True,False,True,False,True,True,False,NON_POSITIVE_CAGR|NON_POSITIVE_RECOVERY,,F,NO_SIGNAL
PTCIL,True,0.0,0.003,10.68,28,46.4,9,32.1,0,0.0,13,46.4,6,21.4,4,2,0,0,0,0,0,0.05,9.86,-8.46,1.17,15.2,1.3,-12.33,-40.32,1.01,-0.65,3,18,2023-06-09,2026-08-10,3.2,limited history: 3.2y (<10y) - lower confidence,swing_scanner_nifty500_history.xlsx,Latest_Scan,2026-08-11 13:06:49.120250940,53.6,8.75,5.625,0.04047999999999874,-0.30580357142857145,0.0032894736842105266,0.0505,40.32,True,11.013215859030836,71.25550660792952,41.13436123348018,11.013215859030836,3.125,11.013215859030836,8.48898678414097,50.440528634361236,12.251655629139073,88.54625550660793,46.60085480059516,9.251101321585903,9.251101321585903,9.47136563876652,11.343612334801762,9.620044052863436,20.154185022026432,64.75770925110133,21.365638766519822,29.43832599118943,10.283590308370044,2.1222466960352424,9.320170960119032,1.9240088105726874,2.9438325991189433,26.59,False,False,True,False,True,False,True,True,False,LOW_TRADE_COUNT|LIMITED_HISTORY|NON_POSITIVE_CAGR|NON_POSITIVE_RECOVERY,33,F,REJECT
PREMIERENE,False,0.0,0.005,3.77,12,66.7,4,33.3,0,0.0,4,33.3,4,33.3,4,0,0,0,0,0,0,0.08,4.12,-8.01,0.51,16.4,0.96,-3.8,-20.61,1.03,-0.27,3,10,2024-09-03,2026-08-10,1.9,limited history: 1.9y (<10y) - lower confidence,swing_scanner_nifty500_history.xlsx,Latest_Scan,2026-08-11 13:06:49.120250940,33.3,6.315789473684211,5.2631578947368425,0.08071000000000028,-0.1843765162542455,0.004878048780487806,0.0824,20.61,True,11.233480176211454,57.15859030837004,34.19603524229075,11.233480176211454,16.517857142857142,11.343612334801762,12.95531780994336,91.85022026431719,26.379690949227374,88.54625550660793,68.10954381460843,4.295154185022026,4.73568281938326,4.295154185022026,93.17180616740089,17.736784140969164,1.1013215859030838,50.991189427312776,5.726872246696035,12.466960352422907,8.549008810572687,3.23882945248584,13.621908762921686,3.547356828193833,1.246696035242291,30.2,False,False,True,False,True,False,False,True,False,LOW_TRADE_COUNT|LIMITED_HISTORY|NON_POSITIVE_CAGR|NON_POSITIVE_RECOVERY|LOW_RISK_REWARD,,F,NO_SIGNAL
PATANJALI,False,0.0,0.119,-24.68,91,56.0,43,47.3,4,4.4,34,37.4,10,11.0,4,6,0,0,0,0,0,1.42,8.66,-7.8,1.11,12.0,129.42,-8.91,-73.85,1.41,-0.85,5,59,2015-10-16,2026-08-10,10.8,,swing_scanner_nifty500_history.xlsx,Latest_Scan,2026-08-11 13:06:49.120250940,44.0,8.425925925925926,5.462962962962963,1.417600000000001,-0.12064996614759649,0.11833333333333333,2.0021999999999998,73.85,True,47.246696035242294,0.881057268722467,24.06387665198238,31.718061674008812,7.366071428571429,26.431718061674008,22.445248584015104,3.303964757709251,5.298013245033113,46.91629955947136,14.90496542871313,32.378854625550666,52.20264317180616,66.62995594713657,48.23788546255506,48.27643171806167,12.77533039647577,91.07929515418502,17.290748898678416,29.790748898678416,6.015969162995595,5.611312146003776,2.980993085742626,9.655286343612335,2.979074889867842,27.24,True,True,True,False,True,False,True,True,False,NON_POSITIVE_CAGR|NON_POSITIVE_RECOVERY,,F,NO_SIGNAL
EIDPARRY,False,0.0,0.053,-5.91,126,50.8,34,27.0,5,4.0,47,37.3,40,31.7,25,15,0,0,0,0,0,1.05,7.73,-5.85,1.32,19.7,131.85,-2.75,-60.05,1.36,-0.42,7,65,2015-10-16,2026-08-10,10.8,,swing_scanner_nifty500_history.xlsx,Latest_Scan,2026-08-11 13:06:49.120250940,49.2,11.666666666666666,6.018518518518518,1.0486400000000007,-0.04579517069109076,0.05329949238578681,1.4280000000000002,60.05,True,19.383259911894275,26.87224669603524,23.12775330396476,22.79735682819383,19.977678571428573,22.577092511013216,21.83338577721838,12.77533039647577,21.30242825607064,14.427312775330398,16.172810242047632,77.09251101321586,68.06167400881057,66.62995594713657,22.46696035242291,64.02533039647577,39.97797356828194,15.52863436123348,69.16299559471366,43.84361233480176,5.78193832599119,5.458346444304595,3.2345620484095265,12.805066079295154,4.384361233480177,31.66,True,True,True,False,True,False,True,True,False,NON_POSITIVE_CAGR|NON_POSITIVE_RECOVERY,,F,NO_SIGNAL
JSWDULUX,False,0.0,0.057,-0.14,88,48.9,24,27.3,5,5.7,31,35.2,28,31.8,16,12,0,0,0,0,0,1.15,7.47,-4.9,1.52,20.2,100.79,-2.63,-40.65,1.46,-0.57,8,44,2015-10-16,2026-08-10,10.8,,swing_scanner_nifty500_history.xlsx,Latest_Scan,2026-08-11 13:06:49.120250940,51.1,8.148148148148147,4.0740740740740735,1.1489299999999996,-0.06469864698646986,0.056930693069306926,1.6789999999999998,40.65,True,21.475770925110133,47.3568281938326,34.41629955947137,25.66079295154185,20.758928571428573,29.185022026431717,25.078980490874766,50.0,15.894039735099339,7.709251101321586,27.490226682615162,28.744493392070485,25.0,66.62995594713657,15.969162995594713,35.363436123348016,76.3215859030837,11.563876651982378,14.20704845814978,44.73568281938326,8.604074889867842,6.2697451227186916,5.498045336523033,7.072687224669604,4.473568281938326,31.92,True,True,True,False,True,False,True,True,False,NON_POSITIVE_CAGR|NON_POSITIVE_RECOVERY,,F,NO_SIGNAL
JSWINFRA,True,0.0,-0.115,23.86,19,42.1,6,31.6,0,0.0,10,52.6,3,15.8,2,1,0,0,0,0,0,-1.56,6.7,-7.56,0.89,13.5,-29.59,-14.48,-38.2,0.64,-0.83,3,15,2023-10-03,2026-08-10,2.9,limited history: 2.9y (<10y) - lower confidence,swing_scanner_nifty500_history.xlsx,Latest_Scan,2026-08-11 13:06:49.120250940,57.9,6.551724137931035,5.172413793103448,-1.5565399999999991,-0.37905759162303665,-0.11555555555555556,-0.9984000000000001,38.2,True,3.9647577092511015,91.62995594713657,47.797356828193834,3.0837004405286343,2.232142857142857,4.074889867841409,3.088735053492763,56.167400881057276,5.960264900662252,88.54625550660793,46.689616944306685,6.938325991189427,8.039647577092511,7.929515418502203,5.066079295154185,7.180616740088105,4.955947136563877,78.8546255506608,6.607929515418502,20.231277533039652,11.949339207048459,0.7721837633731907,9.337923388861338,1.4361233480176212,2.023127753303965,25.52,False,False,False,False,False,False,False,True,False,LOW_TRADE_COUNT|LIMITED_HISTORY|NON_POSITIVE_EXPECTANCY|NON_POSITIVE_CAGR|PROFIT_FACTOR_BELOW_1|NON_POSITIVE_RECOVERY|LOW_RISK_REWARD,34,F,REJECT
JUBLINGREA,False,0.0,-0.04,-1.49,46,43.5,17,37.0,1,2.2,21,45.7,7,15.2,2,5,0,0,0,0,0,-0.56,7.92,-7.08,1.12,13.9,-25.71,-6.3,-45.59,0.86,-0.57,5,31,2021-03-19,2026-08-10,5.4,limited history: 5.4y (<10y) - lower confidence,swing_scanner_nifty500_history.xlsx,Latest_Scan,2026-08-11 13:06:49.120250940,56.5,8.518518518518517,5.7407407407407405,-0.5549999999999997,-0.13818819916648387,-0.040287769784172665,-0.48160000000000003,45.59,True,5.506607929515418,42.070484581497794,23.788546255506606,5.506607929515418,10.267857142857142,6.387665198237885,7.27690371302706,36.34361233480176,15.894039735099339,46.91629955947136,31.829433731073316,14.096916299559473,17.51101321585903,17.951541850220266,6.497797356828194,14.774229074889869,14.317180616740089,75.99118942731278,18.28193832599119,27.841409691629956,5.947136563876652,1.819225928256765,6.365886746214663,2.9548458149779737,2.784140969162996,19.87,False,True,False,False,False,False,True,True,False,LOW_TRADE_COUNT|NON_POSITIVE_EXPECTANCY|NON_POSITIVE_CAGR|PROFIT_FACTOR_BELOW_1|NON_POSITIVE_RECOVERY,,F,NO_SIGNAL
BANDHANBNK,False,0.0,-0.143,-15.58,56,39.3,18,32.1,1,1.8,30,53.6,7,12.5,3,4,0,0,0,0,0,-1.75,6.81,-7.28,0.94,12.2,-97.8,-15.12,-72.59,0.6,-0.99,7,45,2018-03-27,2026-08-10,8.4,limited history: 8.4y (<10y) - lower confidence,swing_scanner_nifty500_history.xlsx,Latest_Scan,2026-08-11 13:06:49.120250940,60.7,6.666666666666666,5.357142857142857,-1.7426300000000006,-0.2082931533269045,-0.1434426229508197,-1.05,72.59,True,3.0837004405286343,7.268722466960352,5.176211453744493,2.8634361233480177,1.7857142857142856,3.4140969162995596,2.672750157331655,3.524229074889868,1.434878587196468,14.427312775330398,5.5187273293073105,17.51101321585903,26.10132158590308,25.55066079295154,3.0837004405286343,19.504405286343612,6.057268722466961,89.75770925110133,7.268722466960352,23.16079295154185,1.2940528634361232,0.6681875393329137,1.103745465861462,3.9008810572687227,2.3160792951541853,9.28,True,True,False,False,False,False,False,True,False,NON_POSITIVE_EXPECTANCY|NON_POSITIVE_CAGR|PROFIT_FACTOR_BELOW_1|NON_POSITIVE_RECOVERY|LOW_RISK_REWARD,,F,NO_SIGNAL
IRB,False,0.0,0.141,-8.2,117,55.6,62,53.0,2,1.7,48,41.0,5,4.3,1,4,0,0,0,0,0,1.47,9.62,-8.72,1.1,10.5,171.99,-5.37,-54.69,1.38,-0.78,6,79,2015-10-16,2026-08-10,10.8,,swing_scanner_nifty500_history.xlsx,Latest_Scan,2026-08-11 13:06:49.120250940,44.4,10.833333333333332,7.314814814814814,1.4770400000000001,-0.0981897970378497,0.13999999999999999,2.0286,54.69,True,57.268722466960355,22.24669603524229,39.757709251101325,32.048458149779734,12.276785714285714,23.898678414096917,23.43958464443046,20.044052863436125,7.836644591611479,26.3215859030837,17.340843228209394,66.96035242290749,91.51982378854625,66.62995594713657,44.713656387665196,69.68061674008811,11.894273127753303,95.26431718061674,55.72687224669603,41.71806167400881,9.939427312775331,5.859896161107615,3.468168645641879,13.936123348017624,4.171806167400881,37.38,True,True,True,False,True,False,True,True,False,NON_POSITIVE_CAGR|NON_POSITIVE_RECOVERY,,F,NO_SIGNAL
BATAINDIA,False,0.0,0.111,-1.19,110,52.7,35,31.8,12,10.9,46,41.8,17,15.5,12,5,0,0,0,0,0,1.72,7.52,-4.74,1.59,15.5,189.45,-1.61,-56.8,1.77,-0.27,8,63,2015-10-16,2026-08-10,10.8,,swing_scanner_nifty500_history.xlsx,Latest_Scan,2026-08-11 13:06:49.120250940,47.3,10.185185185185185,5.833333333333333,1.7210199999999998,-0.028345070422535215,0.11096774193548387,3.0444,56.8,True,42.731277533039645,43.17180616740088,42.951541850220266,39.647577092511014,27.00892857142857,47.246696035242294,37.730962869729396,17.400881057268723,26.379690949227374,7.709251101321586,18.120557030467467,54.074889867841414,63.21585903083701,66.62995594713657,29.735682819383257,55.848017621145374,82.15859030837004,61.23348017621145,40.969162995594715,65.61674008810573,10.737885462555067,9.432740717432349,3.6241114060934936,11.169603524229075,6.561674008810574,41.53,True,True,True,False,True,False,True,True,False,NON_POSITIVE_CAGR|NON_POSITIVE_RECOVERY,,D,NO_SIGNAL
GILLETTE,False,0.0,0.036,-7.28,61,49.2,12,19.7,8,13.1,20,32.8,21,34.4,11,10,0,0,0,0,0,0.76,5.95,-4.27,1.39,21.3,46.25,-1.7,-38.05,1.35,-0.44,9,40,2015-10-16,2026-08-10,10.8,,swing_scanner_nifty500_history.xlsx,Latest_Scan,2026-08-11 13:06:49.120250940,50.8,5.648148148148148,3.7037037037037033,0.7582400000000007,-0.04467805519053877,0.03568075117370892,1.026,38.05,True,17.180616740088105,24.669603524229075,20.92511013215859,17.841409691629956,26.339285714285715,21.916299559471366,21.701699181875394,56.82819383259912,20.52980132450331,3.303964757709251,30.74269918604312,19.162995594713657,21.696035242290748,66.62995594713657,16.85022026431718,31.316079295154186,52.6431718061674,4.6255506607929515,4.185022026431718,28.502202643171806,5.2312775330396475,5.425424795468849,6.148539837208624,6.263215859030837,2.850220264317181,25.92,True,True,True,False,True,False,True,True,False,NON_POSITIVE_CAGR|NON_POSITIVE_RECOVERY,,F,NO_SIGNAL
GICRE,False,0.0,0.067,-11.9,76,48.7,34,44.7,0,0.0,35,46.1,7,9.2,3,4,0,0,0,0,0,0.79,9.41,-7.4,1.27,11.7,59.75,-10.91,-67.98,1.21,-0.91,7,55,2017-10-25,2026-08-10,8.8,limited history: 8.8y (<10y) - lower confidence,swing_scanner_nifty500_history.xlsx,Latest_Scan,2026-08-11 13:06:49.120250940,51.3,8.636363636363635,6.249999999999999,0.7864700000000009,-0.16048837893498086,0.06752136752136753,0.9559,67.98,True,25.0,15.418502202643172,20.209251101321584,18.502202643171806,4.910714285714286,16.740088105726873,13.65953429830082,5.947136563876652,3.532008830022075,14.427312775330398,7.221885909890986,22.24669603524229,42.070484581497794,27.422907488986787,15.638766519823788,27.50550660792951,32.709251101321584,92.40088105726872,19.60352422907489,40.715859030837,5.052312775330396,3.414883574575205,1.4443771819781972,5.501101321585903,4.0715859030837,19.48,True,True,True,False,True,False,True,True,False,NON_POSITIVE_CAGR|NON_POSITIVE_RECOVERY,,F,NO_SIGNAL
FIVESTAR,False,0.0,-0.119,13.39,26,42.3,9,34.6,0,0.0,13,50.0,4,15.4,2,2,0,0,0,0,0,-1.44,6.48,-7.26,0.89,12.2,-37.53,-9.76,-39.46,0.66,-0.72,5,18,2022-11-21,2026-08-10,3.7,limited history: 3.7y (<10y) - lower confidence,swing_scanner_nifty500_history.xlsx,Latest_Scan,2026-08-11 13:06:49.120250940,57.7,7.027027027027026,4.864864864864865,-1.4479799999999994,-0.24733907754688292,-0.1180327868852459,-0.9504,39.46,True,3.7444933920704844,76.87224669603523,40.30837004405286,3.524229074889868,6.026785714285714,4.405286343612335,4.571743234738831,53.08370044052864,10.154525386313466,46.91629955947136,36.51663895128901,8.700440528634362,9.251101321585903,10.682819383259911,5.286343612334802,8.8215859030837,4.955947136563877,89.75770925110133,8.590308370044053,23.00660792951542,10.077092511013214,1.1429358086847077,7.303327790257803,1.76431718061674,2.3006607929515424,22.59,False,False,False,False,False,False,False,True,False,LOW_TRADE_COUNT|LIMITED_HISTORY|NON_POSITIVE_EXPECTANCY|NON_POSITIVE_CAGR|PROFIT_FACTOR_BELOW_1|NON_POSITIVE_RECOVERY|LOW_RISK_REWARD,,F,NO_SIGNAL
BAJAJHFL,False,0.0,-0.177,-4.34,14,28.6,4,28.6,0,0.0,9,64.3,1,7.1,0,1,0,0,0,0,0,-1.23,5.36,-3.86,1.39,6.9,-17.16,-8.98,-18.34,0.56,-0.74,7,13,2024-09-16,2026-08-10,1.9,limited history: 1.9y (<10y) - lower confidence,swing_scanner_nifty500_history.xlsx,Latest_Scan,2026-08-11 13:06:49.120250940,71.4,7.36842105263158,6.842105263157895,-1.2230799999999993,-0.48964013086150493,-0.1782608695652174,-0.6888000000000001,18.34,True,2.4229074889867843,31.497797356828194,16.96035242290749,4.185022026431718,7.142857142857142,2.973568281938326,4.792322215229705,93.72246696035242,9.381898454746135,14.427312775330398,44.37947943713471,5.176211453744493,6.828193832599119,4.295154185022026,0.9911894273127754,4.741189427312775,52.6431718061674,98.6784140969163,9.691629955947137,48.964757709251096,4.240088105726873,1.1980805538074262,8.875895887426942,0.948237885462555,4.89647577092511,20.16,False,False,False,False,False,False,True,True,False,LOW_TRADE_COUNT|LIMITED_HISTORY|NON_POSITIVE_EXPECTANCY|NON_POSITIVE_CAGR|PROFIT_FACTOR_BELOW_1|NON_POSITIVE_RECOVERY,,F,NO_SIGNAL
SAMMAANCAP,False,0.0,-0.034,11.78,89,47.2,35,39.3,0,0.0,44,49.4,10,11.2,8,2,0,0,0,0,0,-0.46,8.62,-8.57,1.01,13.4,-40.67,-11.0,-85.65,0.9,-0.82,7,66,2015-10-16,2026-08-10,10.8,,swing_scanner_nifty500_history.xlsx,Latest_Scan,2026-08-11 13:06:49.120250940,52.8,8.24074074074074,6.111111111111111,-0.45631999999999984,-0.1284296555750146,-0.034328358208955224,-0.41400000000000003,85.65,True,5.947136563876652,73.568281938326,39.757709251101325,6.167400881057269,4.464285714285714,7.048458149779736,5.869100062932662,0.22026431718061676,6.401766004415011,14.427312775330398,5.9355520222501,29.845814977973568,70.26431718061674,66.62995594713657,12.77533039647577,46.58590308370044,8.149779735682818,79.73568281938326,15.308370044052863,24.61453744493392,9.939427312775331,1.4672750157331655,1.18711040445002,9.317180616740087,2.461453744493392,24.37,True,True,False,False,False,False,True,True,False,NON_POSITIVE_EXPECTANCY|NON_POSITIVE_CAGR|PROFIT_FACTOR_BELOW_1|NON_POSITIVE_RECOVERY,,F,NO_SIGNAL
SAILIFE,True,0.0,0.074,27.24,16,50.0,4,25.0,0,0.0,5,31.2,7,43.8,4,3,0,0,0,0,0,1.2,8.36,-5.97,1.4,16.1,19.13,-2.57,-18.84,1.4,-0.16,4,7,2024-12-18,2026-08-10,1.6,limited history: 1.6y (<10y) - lower confidence,swing_scanner_nifty500_history.xlsx,Latest_Scan,2026-08-11 13:06:49.120250940,50.0,10.0,4.375,1.1949999999999998,-0.13641188959660297,0.07453416149068322,1.68,18.84,True,29.295154185022028,92.29074889867842,60.79295154185022,26.87224669603524,21.205357142857142,25.220264317180618,24.596286972938955,92.95154185022027,30.353200883002206,70.59471365638767,65.4529154632358,5.726872246696035,2.973568281938326,2.5330396475770924,20.044052863436125,6.387665198237885,54.29515418502202,54.845814977973575,38.1057268722467,49.54845814977974,15.198237885462555,6.149071743234739,13.09058309264716,1.277533039647577,4.954845814977975,40.67,False,False,True,False,True,False,True,True,False,LOW_TRADE_COUNT|LIMITED_HISTORY|NON_POSITIVE_CAGR|NON_POSITIVE_RECOVERY,28,D,REJECT
SAGILITY,False,0.0,0.045,-2.67,10,70.0,7,70.0,0,0.0,3,30.0,0,0.0,0,0,0,0,0,0,0,0.45,4.97,-10.1,0.49,10.0,4.5,-6.18,-27.37,1.15,-0.25,3,8,2024-11-12,2026-08-10,1.7,limited history: 1.7y (<10y) - lower confidence,swing_scanner_nifty500_history.xlsx,Latest_Scan,2026-08-11 13:06:49.120250940,30.0,5.882352941176471,4.705882352941177,0.4489999999999994,-0.2257946656923639,0.045,0.5175,27.37,True,18.722466960352424,38.986784140969164,28.854625550660792,14.977973568281937,10.491071428571429,14.867841409691628,13.51132787916929,82.15859030837004,27.041942604856512,88.54625550660793,64.46467991169979,3.303964757709251,3.634361233480176,3.303964757709251,97.57709251101322,17.527533039647576,0.881057268722467,96.1453744493392,4.6255506607929515,21.05726872246696,7.213656387665198,3.3778319697923225,12.892935982339958,3.505506607929515,2.1057268722466964,29.1,False,False,True,False,True,False,False,True,False,LOW_TRADE_COUNT|LIMITED_HISTORY|NON_POSITIVE_CAGR|NON_POSITIVE_RECOVERY|LOW_RISK_REWARD,,F,NO_SIGNAL
SUNTV,False,0.0,0.085,-12.63,107,53.3,33,30.8,3,2.8,39,36.4,32,29.9,21,11,0,0,0,0,0,1.54,8.1,-5.95,1.36,18.0,164.4,-5.73,-60.21,1.55,-0.76,8,62,2015-10-16,2026-08-10,10.8,,swing_scanner_nifty500_history.xlsx,Latest_Scan,2026-08-11 13:06:49.120250940,46.7,9.907407407407407,5.7407407407407405,1.5386499999999987,-0.09516691579471849,0.08555555555555555,2.387,60.21,True,33.370044052863435,13.766519823788546,23.56828193832599,33.81057268722467,10.9375,34.140969162995596,26.583700440528634,12.555066079295155,8.49889624724062,7.709251101321586,9.923952893582676,50.330396475770925,60.57268722466961,66.62995594713657,33.480176211453745,54.43832599118943,46.585903083700444,32.268722466960355,36.784140969163,40.78193832599119,5.892070484581497,6.645925110132159,1.9847905787165354,10.887665198237887,4.078193832599119,29.49,True,True,True,False,True,False,True,True,False,NON_POSITIVE_CAGR|NON_POSITIVE_RECOVERY,,F,NO_SIGNAL
SONACOMS,False,0.0,0.008,33.64,54,48.1,15,27.8,0,0.0,19,35.2,20,37.0,10,10,0,0,0,0,0,0.15,7.4,-6.58,1.12,18.7,8.29,-5.07,-35.62,1.05,-0.59,4,31,2021-06-24,2026-08-10,5.1,limited history: 5.1y (<10y) - lower confidence,swing_scanner_nifty500_history.xlsx,Latest_Scan,2026-08-11 13:06:49.120250940,51.9,10.588235294117649,6.07843137254902,0.14438000000000129,-0.14233576642335768,0.008021390374331552,0.1575,35.62,True,11.894273127753303,95.59471365638767,53.74449339207049,12.114537444933921,13.169642857142858,12.004405286343612,12.421334172435495,62.33480176211453,15.2317880794702,70.59471365638767,47.9137249467573,16.629955947136562,17.51101321585903,16.85022026431718,14.537444933920703,16.591409691629956,14.317180616740089,25.440528634361232,51.3215859030837,27.643171806167402,13.436123348017622,3.1053335431088738,9.58274498935146,3.3182819383259914,2.7643171806167404,32.21,True,True,True,False,True,False,True,True,False,NON_POSITIVE_CAGR|NON_POSITIVE_RECOVERY,,F,NO_SIGNAL
GLAND,True,0.0,-0.029,40.48,56,46.4,12,21.4,5,8.9,20,35.7,19,33.9,9,10,0,0,0,0,0,-0.53,6.31,-6.46,0.98,18.1,-29.63,-9.56,-65.58,0.85,-0.65,11,29,2020-11-20,2026-08-10,5.7,limited history: 5.7y (<10y) - lower confidence,swing_scanner_nifty500_history.xlsx,Latest_Scan,2026-08-11 13:06:49.120250940,53.6,9.824561403508772,5.087719298245614,-0.5347200000000005,-0.1457761512656298,-0.029281767955801105,-0.4505,65.58,True,6.387665198237885,98.23788546255507,52.31277533039648,5.726872246696035,6.919642857142858,6.057268722466961,6.201069855254878,7.048458149779736,12.251655629139073,0.881057268722467,7.327727047291187,17.51101321585903,15.859030837004406,19.162995594713657,11.343612334801762,16.58590308370044,7.488986784140969,30.837004405286343,36.12334801762114,20.748898678414093,13.07819383259912,1.5502674638137195,1.4655454094582376,3.3171806167400884,2.0748898678414096,21.49,True,True,False,False,False,False,False,True,False,NON_POSITIVE_EXPECTANCY|NON_POSITIVE_CAGR|PROFIT_FACTOR_BELOW_1|NON_POSITIVE_RECOVERY|LOW_RISK_REWARD,37,F,REJECT
HEXT,False,0.0,-0.003,12.7,8,62.5,5,62.5,0,0.0,3,37.5,0,0.0,0,0,0,0,0,0,0,-0.02,5.57,-9.33,0.6,5.1,-0.14,-10.49,-10.2,0.99,-0.75,2,7,2025-02-19,2026-08-10,1.5,limited history: 1.5y (<10y) - lower confidence,swing_scanner_nifty500_history.xlsx,Latest_Scan,2026-08-11 13:06:49.120250940,37.5,5.333333333333333,4.666666666666667,-0.01750000000000007,-1.0284313725490197,-0.00392156862745098,-0.0198,10.2,True,9.691629955947137,75.22026431718062,42.45594713656388,10.13215859030837,5.357142857142857,10.022026431718063,8.573316551290121,98.01762114537445,8.940397350993377,97.02643171806167,66.59279546051289,2.753303964757709,2.973568281938326,1.8722466960352422,82.48898678414098,14.548458149779735,1.762114537444934,99.22907488986785,3.0837004405286343,21.65198237885463,10.61398678414097,2.1433291378225303,13.318559092102578,2.9096916299559474,2.165198237885463,31.15,False,False,False,False,False,False,False,True,False,LOW_TRADE_COUNT|LIMITED_HISTORY|NON_POSITIVE_EXPECTANCY|NON_POSITIVE_CAGR|PROFIT_FACTOR_BELOW_1|NON_POSITIVE_RECOVERY|LOW_RISK_REWARD,,F,NO_SIGNAL
IDFCFIRSTB,False,0.0,0.076,20.81,116,56.0,41,35.3,4,3.4,38,32.8,33,28.4,20,13,0,0,0,0,0,1.26,7.84,-7.14,1.1,16.6,145.62,-5.59,-62.59,1.4,-0.73,7,64,2015-11-06,2026-08-10,10.8,,swing_scanner_nifty500_history.xlsx,Latest_Scan,2026-08-11 13:06:49.120250940,44.0,10.74074074074074,5.925925925925926,1.248800000000001,-0.0893113915961016,0.07590361445783132,1.7639999999999998,62.59,True,30.616740088105725,88.98678414096916,59.801762114537446,27.75330396475771,11.830357142857142,25.220264317180618,21.948709880427945,9.911894273127754,9.713024282560706,14.427312775330398,10.971144401979949,65.41850220264317,65.7488986784141,66.62995594713657,48.23788546255506,63.22687224669603,11.894273127753303,47.907488986784145,53.964757709251096,31.718061674008812,14.950440528634362,5.487177470106986,2.1942288803959897,12.645374449339208,3.1718061674008813,38.45,True,True,True,False,True,False,True,True,False,NON_POSITIVE_CAGR|NON_POSITIVE_RECOVERY,,F,NO_SIGNAL
IDEA,False,0.0,-0.012,-3.45,91,47.3,41,45.1,1,1.1,44,48.4,5,5.5,1,4,0,0,0,0,0,-0.12,9.48,-8.72,1.09,9.5,-10.63,-12.09,-78.71,0.97,-0.94,5,67,2015-10-16,2026-08-10,10.8,,swing_scanner_nifty500_history.xlsx,Latest_Scan,2026-08-11 13:06:49.120250940,52.7,8.425925925925926,6.203703703703703,-0.11140000000000061,-0.15360182950069878,-0.01263157894736842,-0.11639999999999999,78.71,True,8.81057268722467,35.68281938325991,22.24669603524229,9.47136563876652,3.3482142857142856,9.47136563876652,7.511957205789805,1.5418502202643172,2.980132450331126,46.91629955947136,13.38886133558946,32.378854625550666,72.24669603524228,66.62995594713657,13.105726872246695,48.01762114537444,11.123348017621145,97.57709251101322,17.290748898678416,30.264317180616743,5.561674008810573,1.8779893014474514,2.6777722671178923,9.603524229074889,3.0264317180616747,22.75,True,True,False,False,False,False,True,True,False,NON_POSITIVE_EXPECTANCY|NON_POSITIVE_CAGR|PROFIT_FACTOR_BELOW_1|NON_POSITIVE_RECOVERY,,F,NO_SIGNAL
IDBI,False,0.0,0.08,12.47,126,54.0,54,42.9,0,0.0,50,39.7,22,17.5,14,8,0,0,0,0,0,1.05,8.38,-7.55,1.11,13.1,132.31,-10.12,-71.16,1.3,-0.94,8,81,2015-10-16,2026-08-10,10.8,,swing_scanner_nifty500_history.xlsx,Latest_Scan,2026-08-11 13:06:49.120250940,46.0,11.666666666666666,7.499999999999999,1.052200000000001,-0.14221472737492974,0.0801526717557252,1.3650000000000002,71.16,True,31.718061674008812,74.66960352422907,53.19383259911894,22.79735682819383,5.803571428571429,19.162995594713657,16.341724354940215,3.9647577092511015,2.980132450331126,7.709251101321586,4.556262216646731,77.09251101321586,93.17180616740089,66.62995594713657,36.34361233480176,72.38436123348018,12.77533039647577,82.04845814977973,69.16299559471366,43.546255506607935,13.298458149779735,4.085431088735054,0.9112524433293463,14.476872246696036,4.354625550660794,37.13,True,True,True,False,True,False,True,True,False,NON_POSITIVE_CAGR|NON_POSITIVE_RECOVERY,,F,NO_SIGNAL
ICICIPRULI,False,0.0,0.017,-11.72,87,44.8,22,25.3,5,5.7,36,41.4,24,27.6,12,12,0,0,0,0,0,0.29,7.75,-5.78,1.34,16.5,24.85,-8.03,-57.3,1.09,-0.97,6,56,2016-09-29,2026-08-10,9.9,,swing_scanner_nifty500_history.xlsx,Latest_Scan,2026-08-11 13:06:49.120250940,55.2,8.787878787878787,5.656565656565657,0.281439999999999,-0.1401396160558464,0.017575757575757574,0.3161,57.3,True,13.43612334801762,15.859030837004406,14.647577092511014,13.215859030837004,8.705357142857142,13.105726872246695,11.741661422278163,16.299559471365637,1.9867549668874174,26.3215859030837,13.795584502727776,27.75330396475771,44.713656387665196,31.497797356828194,8.259911894273127,30.00550660792951,43.17180616740088,49.33920704845815,21.58590308370044,37.929515418502206,3.6618942731277535,2.935415355569541,2.759116900545555,6.001101321585903,3.7929515418502207,19.15,True,True,True,False,True,False,True,True,False,NON_POSITIVE_CAGR|NON_POSITIVE_RECOVERY,,F,NO_SIGNAL
EXIDEIND,False,0.0,0.119,35.47,111,55.9,27,24.3,12,10.8,42,37.8,30,27.0,24,6,0,0,0,0,0,2.23,8.4,-5.56,1.51,18.8,248.01,-2.13,-57.63,1.91,-0.35,11,59,2015-10-16,2026-08-10,10.8,,swing_scanner_nifty500_history.xlsx,Latest_Scan,2026-08-11 13:06:49.120250940,44.1,10.277777777777777,5.462962962962963,2.2436399999999996,-0.03695991671004685,0.11861702127659574,4.2593,57.63,True,47.246696035242294,96.47577092511013,71.86123348017621,53.74449339207048,23.883928571428573,59.471365638766514,45.792636878539966,15.638766519823788,22.8476821192053,0.881057268722467,14.472459666831986,56.497797356828194,52.20264317180616,66.62995594713657,46.69603524229075,56.486784140969164,75.0,24.33920704845815,43.83259911894273,55.51762114537445,17.965308370044053,11.448159219634992,2.8944919333663974,11.297356828193834,5.551762114537445,49.16,True,True,True,False,True,False,True,True,False,NON_POSITIVE_CAGR|NON_POSITIVE_RECOVERY,,D,NO_SIGNAL
IGIL,False,0.0,-0.209,4.17,11,36.4,3,27.3,0,0.0,5,45.5,3,27.3,1,2,0,0,0,0,0,-2.68,5.18,-7.17,0.72,12.8,-29.44,-20.58,-32.11,0.41,-0.85,3,9,2024-12-30,2026-08-10,1.6,limited history: 1.6y (<10y) - lower confidence,swing_scanner_nifty500_history.xlsx,Latest_Scan,2026-08-11 13:06:49.120250940,63.6,6.875,5.625,-2.6746000000000008,-0.6409218312052319,-0.209375,-1.0988,32.11,True,1.762114537444934,57.48898678414097,29.625550660792953,1.1013215859030838,0.8928571428571428,1.4317180616740088,1.1271239773442419,72.4669603524229,5.298013245033113,88.54625550660793,52.977652653382734,3.854625550660793,4.074889867841409,2.5330396475770924,1.9823788546255507,3.2984581497797354,2.4229074889867843,85.68281938325991,7.929515418502203,20.72687224669604,7.406387665198238,0.28178099433606046,10.595530530676548,0.6596916299559471,2.072687224669604,21.02,False,False,False,False,False,False,False,True,False,LOW_TRADE_COUNT|LIMITED_HISTORY|NON_POSITIVE_EXPECTANCY|NON_POSITIVE_CAGR|PROFIT_FACTOR_BELOW_1|NON_POSITIVE_RECOVERY|LOW_RISK_REWARD,,F,NO_SIGNAL
IGL,False,0.0,0.03,-8.64,128,46.1,28,21.9,1,0.8,47,36.7,52,40.6,30,22,0,0,0,0,0,0.58,7.17,-5.05,1.42,19.5,74.69,-4.72,-68.0,1.21,-0.56,6,65,2015-10-16,2026-08-10,10.8,,swing_scanner_nifty500_history.xlsx,Latest_Scan,2026-08-11 13:06:49.120250940,53.9,11.851851851851851,6.018518518518518,0.5834200000000003,-0.06941176470588235,0.029743589743589743,0.7018,68.0,True,15.748898678414097,20.704845814977972,18.226872246696033,16.299559471365637,13.839285714285715,16.740088105726873,15.635619886721209,5.726872246696035,16.666666666666664,26.3215859030837,14.704478707782672,78.9647577092511,68.06167400881057,66.62995594713657,10.79295154185022,62.9295154185022,59.25110132158591,17.290748898678416,71.47577092511013,54.52643171806167,4.556718061674008,3.908904971680302,2.9408957415565347,12.58590308370044,5.452643171806168,29.45,True,True,True,False,True,False,True,True,False,NON_POSITIVE_CAGR|NON_POSITIVE_RECOVERY,,F,NO_SIGNAL
IIFL,False,0.0,0.145,30.85,113,53.1,44,38.9,0,0.0,47,41.6,22,19.5,16,6,0,0,0,0,0,1.86,10.78,-8.24,1.31,12.8,210.07,-9.57,-80.3,1.48,-0.78,8,67,2015-10-16,2026-08-10,10.8,,swing_scanner_nifty500_history.xlsx,Latest_Scan,2026-08-11 13:06:49.120250940,46.9,10.462962962962962,6.203703703703703,1.8596199999999996,-0.11917808219178083,0.1453125,2.7528,80.3,True,59.691629955947135,94.49339207048459,77.09251101321587,42.51101321585903,6.696428571428571,30.726872246696036,27.750786658275644,1.1013215859030838,7.836644591611479,7.709251101321586,5.110667016755647,60.792951541850215,72.24669603524228,66.62995594713657,32.268722466960355,60.837004405286336,37.99559471365639,85.68281938325991,48.12775330396476,50.57268722466961,19.273127753303967,6.937696664568911,1.0221334033511293,12.167400881057269,5.0572687224669615,44.46,True,True,True,False,True,False,True,True,False,NON_POSITIVE_CAGR|NON_POSITIVE_RECOVERY,,D,NO_SIGNAL
IKS,False,0.0,-0.165,-0.94,7,42.9,2,28.6,0,0.0,4,57.1,1,14.3,1,0,0,0,0,0,0,-2.48,4.1,-7.42,0.55,15.0,-17.37,-10.82,-24.19,0.41,-0.6,3,6,2024-12-19,2026-08-10,1.6,limited history: 1.6y (<10y) - lower confidence,swing_scanner_nifty500_history.xlsx,Latest_Scan,2026-08-11 13:06:49.120250940,57.1,4.375,3.75,-2.47792,-0.44729226953286483,-0.16533333333333333,-1.0168,24.19,True,2.643171806167401,44.713656387665196,23.6784140969163,1.762114537444934,5.133928571428571,1.4317180616740088,2.748584015103839,87.66519823788546,14.56953642384106,88.54625550660793,62.30198092015054,2.092511013215859,2.092511013215859,2.5330396475770924,5.947136563876652,2.780837004405286,1.5418502202643172,67.07048458149781,1.3215859030837005,14.581497797356832,5.919603524229075,0.6871460037759598,12.46039618403011,0.5561674008810572,1.4581497797356833,21.08,False,False,False,False,False,False,False,True,False,LOW_TRADE_COUNT|LIMITED_HISTORY|NON_POSITIVE_EXPECTANCY|NON_POSITIVE_CAGR|PROFIT_FACTOR_BELOW_1|NON_POSITIVE_RECOVERY|LOW_RISK_REWARD,,F,NO_SIGNAL
INDGN,True,0.0,-0.188,5.35,7,42.9,2,28.6,0,0.0,4,57.1,1,14.3,1,0,0,0,0,0,0,-1.13,3.9,-4.9,0.8,6.0,-7.91,-8.85,-18.33,0.6,-0.68,4,6,2024-05-13,2026-08-10,2.2,limited history: 2.2y (<10y) - lower confidence,swing_scanner_nifty500_history.xlsx,Latest_Scan,2026-08-11 13:06:49.120250940,57.1,3.1818181818181817,2.727272727272727,-1.1247999999999998,-0.4828150572831424,-0.18833333333333332,-0.6779999999999999,18.33,True,2.2026431718061676,60.352422907488986,31.277533039647576,4.6255506607929515,7.5892857142857135,3.4140969162995596,5.2347388294524855,94.05286343612335,11.258278145695364,70.59471365638767,59.21022113953964,2.092511013215859,2.092511013215859,5.39647577092511,5.947136563876652,3.496696035242291,3.303964757709251,98.89867841409692,0.4405286343612335,21.563876651982383,7.819383259911894,1.3086847073631214,11.842044227907929,0.6993392070484582,2.1563876651982383,23.83,False,False,False,False,False,False,False,True,False,LOW_TRADE_COUNT|LIMITED_HISTORY|NON_POSITIVE_EXPECTANCY|NON_POSITIVE_CAGR|PROFIT_FACTOR_BELOW_1|NON_POSITIVE_RECOVERY|LOW_RISK_REWARD,36,F,REJECT
AWL,False,0.0,-0.073,-3.64,32,43.8,14,43.8,0,0.0,14,43.8,4,12.5,0,4,0,0,0,0,0,-0.91,6.33,-6.54,0.97,12.4,-29.03,-12.43,-46.12,0.75,-0.88,6,27,2022-02-08,2026-08-10,4.5,limited history: 4.5y (<10y) - lower confidence,swing_scanner_nifty500_history.xlsx,Latest_Scan,2026-08-11 13:06:49.120250940,56.2,7.111111111111111,6.0,-0.9029400000000005,-0.26951431049436253,-0.07338709677419356,-0.6825,46.12,True,4.6255506607929515,35.02202643171806,19.823788546255507,5.066079295154185,2.9017857142857144,5.286343612334802,4.435179358086847,34.91189427312775,4.304635761589404,26.3215859030837,22.05177670157832,10.242290748898679,14.427312775330398,12.77533039647577,7.048458149779736,11.44273127753304,7.158590308370044,87.88546255506607,8.81057268722467,23.79955947136564,4.955947136563877,1.1087948395217118,4.410355340315664,2.288546255506608,2.379955947136564,15.14,False,False,False,False,False,False,False,True,False,LOW_TRADE_COUNT|LIMITED_HISTORY|NON_POSITIVE_EXPECTANCY|NON_POSITIVE_CAGR|PROFIT_FACTOR_BELOW_1|NON_POSITIVE_RECOVERY|LOW_RISK_REWARD,,F,NO_SIGNAL
SHRIRAMFIN,False,0.0,0.104,20.14,117,57.3,39,33.3,12,10.3,41,35.0,25,21.4,16,9,0,0,0,0,0,1.77,7.85,-6.37,1.23,17.1,207.66,-2.34,-42.29,1.65,-0.52,4,66,2015-10-16,2026-08-10,10.8,,swing_scanner_nifty500_history.xlsx,Latest_Scan,2026-08-11 13:06:49.120250940,42.7,10.833333333333332,6.111111111111111,1.778059999999999,-0.05533222984157011,0.10350877192982455,2.9204999999999997,42.29,True,39.86784140969163,87.88546255506607,63.876651982378846,41.18942731277533,22.098214285714285,40.08810572687225,34.771869100062936,45.59471365638766,18.432671081677704,70.59471365638767,42.337998755239184,66.96035242290749,70.26431718061674,66.62995594713657,55.2863436123348,65.95264317180616,26.431718061674008,43.942731277533035,55.72687224669603,38.72246696035242,15.969162995594711,8.692967275015734,8.467599751047837,13.190528634361232,3.8722466960352424,50.19,True,True,True,False,True,False,True,True,False,NON_POSITIVE_CAGR|NON_POSITIVE_RECOVERY,,C,NO_SIGNAL
SCHAEFFLER,False,0.0,-0.002,-5.3,79,38.0,21,26.6,5,6.3,36,45.6,17,21.5,6,11,0,0,0,0,0,-0.04,10.01,-6.19,1.62,17.9,-2.91,-5.25,-49.15,0.99,-0.88,9,47,2015-10-16,2026-08-10,10.8,,swing_scanner_nifty500_history.xlsx,Latest_Scan,2026-08-11 13:06:49.120250940,62.0,7.314814814814814,4.351851851851851,-0.03400000000000025,-0.10681586978636827,-0.00223463687150838,-0.0396,49.15,True,9.911894273127754,29.515418502202646,19.7136563876652,9.691629955947137,12.946428571428573,10.022026431718063,10.825676526117057,29.295154185022028,4.304635761589404,3.303964757709251,14.050675379992416,23.017621145374452,27.6431718061674,66.62995594713657,2.4229074889867843,31.987885462555067,84.69162995594714,33.259911894273124,9.47136563876652,51.83920704845815,4.9284140969163,2.7064191315292643,2.8101350759984833,6.397577092511014,5.183920704845815,22.03,True,True,False,False,False,False,True,True,False,NON_POSITIVE_EXPECTANCY|NON_POSITIVE_CAGR|PROFIT_FACTOR_BELOW_1|NON_POSITIVE_RECOVERY,,F,NO_SIGNAL
ASIANPAINT,False,0.0,0.033,1.81,97,53.6,12,12.4,5,5.2,33,34.0,47,48.5,36,11,0,0,0,0,0,0.73,5.11,-4.34,1.18,21.9,70.46,-2.18,-40.69,1.36,-0.51,4,47,2015-10-16,2026-08-10,10.8,,swing_scanner_nifty500_history.xlsx,Latest_Scan,2026-08-11 13:06:49.120250940,46.4,8.981481481481481,4.351851851851851,0.7252000000000005,-0.053575817154091925,0.03333333333333333,0.9928,40.69,True,16.519823788546255,51.98237885462555,34.25110132158591,17.62114537444934,23.4375,22.577092511013216,20.870044052863438,49.77973568281938,19.094922737306845,70.59471365638767,44.24379564528206,39.20704845814978,27.6431718061674,66.62995594713657,34.91189427312775,42.52753303964758,21.58590308370044,3.0837004405286343,24.44933920704846,18.744493392070485,8.562775330396477,5.2175110132158595,8.848759129056413,8.505506607929517,1.8744493392070485,33.01,True,True,True,False,True,False,True,True,False,NON_POSITIVE_CAGR|NON_POSITIVE_RECOVERY,,F,NO_SIGNAL
ATUL,False,0.0,0.044,-5.59,94,53.2,26,27.7,2,2.1,34,36.2,32,34.0,22,10,0,0,0,0,0,0.85,6.78,-5.9,1.15,19.2,79.52,-3.35,-43.07,1.31,-0.69,6,53,2015-10-16,2026-08-10,10.8,,swing_scanner_nifty500_history.xlsx,Latest_Scan,2026-08-11 13:06:49.120250940,46.8,8.703703703703702,4.907407407407407,0.8457600000000003,-0.0777803575574646,0.044270833333333336,1.1135,43.07,True,18.28193832599119,27.75330396475771,23.01762114537445,19.493392070484582,17.633928571428573,19.933920704845814,19.021711768407805,43.392070484581495,11.037527593818984,26.3215859030837,27.80035932744017,35.68281938325991,37.99559471365639,66.62995594713657,32.819383259911895,43.56828193832598,17.290748898678416,20.594713656387665,20.37444933920705,18.876651982378856,5.754405286343612,4.755427942101951,5.560071865488034,8.713656387665196,1.8876651982378858,26.67,True,True,True,False,True,False,True,True,False,NON_POSITIVE_CAGR|NON_POSITIVE_RECOVERY,,F,NO_SIGNAL
TATACOMM,False,0.0,0.056,8.44,116,47.4,33,28.4,8,6.9,44,37.9,31,26.7,14,17,0,0,0,0,0,0.97,8.91,-6.18,1.44,17.5,112.91,-3.24,-57.92,1.3,-0.5,8,63,2015-10-16,2026-08-10,10.8,,swing_scanner_nifty500_history.xlsx,Latest_Scan,2026-08-11 13:06:49.120250940,52.6,10.74074074074074,5.833333333333333,0.9726599999999994,-0.05593922651933702,0.055428571428571424,1.261,57.92,True,20.704845814977972,66.74008810572687,43.72246696035242,21.035242290748897,18.080357142857142,19.162995594713657,19.56544996853367,15.418502202643172,19.5364238410596,7.709251101321586,14.932462000758525,65.41850220264317,63.21585903083701,66.62995594713657,13.43612334801762,57.37334801762115,63.21585903083701,38.215859030837,53.964757709251096,55.440528634361236,10.930616740088105,4.891362492133418,2.9864924001517053,11.47466960352423,5.544052863436124,35.83,True,True,True,False,True,False,True,True,False,NON_POSITIVE_CAGR|NON_POSITIVE_RECOVERY,,F,NO_SIGNAL
TATATECH,True,0.0,-0.421,38.42,15,20.0,1,6.7,1,6.7,10,66.7,3,20.0,1,2,0,0,0,0,0,-4.12,5.62,-6.56,0.86,9.8,-61.84,-23.47,-46.9,0.21,-0.99,9,14,2023-11-30,2026-08-10,2.7,limited history: 2.7y (<10y) - lower confidence,swing_scanner_nifty500_history.xlsx,Latest_Scan,2026-08-11 13:06:49.120250940,80.0,5.555555555555555,5.185185185185185,-4.1240000000000006,-0.5004264392324094,-0.4204081632653061,-0.8652,46.9,True,0.4405286343612335,97.3568281938326,48.89867841409691,0.4405286343612335,0.4464285714285714,0.4405286343612335,0.44241661422278167,33.70044052863436,1.434878587196468,3.303964757709251,14.808374906399822,5.506607929515418,7.3788546255506615,6.938325991189427,0.4405286343612335,5.572687224669603,4.295154185022026,96.69603524229075,3.634361233480176,22.577092511013216,12.224669603524228,0.11060415355569542,2.9616749812799643,1.1145374449339207,2.2577092511013217,18.67,False,False,False,False,False,False,False,True,False,LOW_TRADE_COUNT|LIMITED_HISTORY|NON_POSITIVE_EXPECTANCY|NON_POSITIVE_CAGR|PROFIT_FACTOR_BELOW_1|NON_POSITIVE_RECOVERY|LOW_RISK_REWARD,38,F,REJECT
HOMEFIRST,False,0.0,-0.013,4.29,48,45.8,12,25.0,3,6.2,21,43.8,12,25.0,7,5,0,0,0,0,0,-0.2,7.91,-7.05,1.12,14.8,-9.42,-11.62,-53.27,0.95,-0.9,5,30,2021-02-03,2026-08-10,5.5,limited history: 5.5y (<10y) - lower confidence,swing_scanner_nifty500_history.xlsx,Latest_Scan,2026-08-11 13:06:49.120250940,54.2,8.727272727272727,5.454545454545454,-0.19832000000000072,-0.2181340341655716,-0.013513513513513514,-0.19,53.27,True,8.590308370044053,57.70925110132159,33.14977973568282,8.700440528634362,3.7946428571428568,9.030837004405285,7.223096286972939,22.687224669603523,3.7527593818984544,46.91629955947136,22.117430541373707,14.647577092511014,16.740088105726873,18.722466960352424,10.572687224669604,15.57819383259912,14.317180616740089,69.05286343612335,21.145374449339208,27.312775330396477,8.287444933920705,1.8057740717432347,4.423486108274742,3.115638766519824,2.731277533039648,20.36,False,True,False,False,False,False,True,True,False,LOW_TRADE_COUNT|NON_POSITIVE_EXPECTANCY|NON_POSITIVE_CAGR|PROFIT_FACTOR_BELOW_1|NON_POSITIVE_RECOVERY,,F,NO_SIGNAL
GRANULES,False,0.0,0.204,13.5,137,61.3,59,43.1,8,5.8,44,32.1,26,19.0,17,9,0,0,0,0,0,3.59,10.32,-7.08,1.46,17.6,492.09,-9.62,-76.81,2.31,-0.85,7,77,2015-10-16,2026-08-10,10.8,,swing_scanner_nifty500_history.xlsx,Latest_Scan,2026-08-11 13:06:49.120250940,38.7,12.685185185185185,7.129629629629629,3.5862,-0.1252441088399948,0.2039772727272727,8.2929,76.81,True,75.77092511013215,77.09251101321586,76.431718061674,82.26872246696036,6.4732142857142865,78.30396475770925,56.90402769037131,1.762114537444934,5.298013245033113,14.427312775330398,6.165978644572162,89.31718061674009,88.43612334801763,66.62995594713657,75.99118942731278,81.4262114537445,67.29074889867842,36.784140969163,84.91189427312776,66.47577092511014,19.1079295154185,14.226006922592827,1.2331957289144324,16.2852422907489,6.647577092511014,57.5,True,True,True,False,True,False,True,True,False,NON_POSITIVE_CAGR|NON_POSITIVE_RECOVERY,,C,NO_SIGNAL
GODREJCP,False,0.0,-0.022,-3.91,103,45.6,20,19.4,6,5.8,36,35.0,41,39.8,21,20,0,0,0,0,0,-0.43,5.07,-5.05,1.0,19.7,-44.39,-4.14,-59.58,0.84,-0.59,7,58,2015-10-16,2026-08-10,10.8,,swing_scanner_nifty500_history.xlsx,Latest_Scan,2026-08-11 13:06:49.120250940,54.4,9.537037037037036,5.37037037037037,-0.4352800000000001,-0.06948640483383685,-0.02182741116751269,-0.36119999999999997,59.58,True,6.607929515418502,33.70044052863436,20.154185022026432,6.387665198237885,15.848214285714285,5.726872246696035,9.230018879798616,13.215859030837004,15.2317880794702,14.427312775330398,14.224297633981971,46.80616740088105,49.55947136563877,66.62995594713657,10.13215859030837,46.94933920704846,7.709251101321586,15.52863436123348,32.378854625550666,16.674008810572687,5.038546255506608,2.307504719949654,2.8448595267963945,9.389867841409693,1.6674008810572687,21.25,True,True,False,False,False,False,True,True,False,NON_POSITIVE_EXPECTANCY|NON_POSITIVE_CAGR|PROFIT_FACTOR_BELOW_1|NON_POSITIVE_RECOVERY,,F,NO_SIGNAL
SHREECEM,False,0.0,-0.015,0.54,89,48.3,18,20.2,3,3.4,32,36.0,36,40.4,22,14,0,0,0,0,0,-0.28,5.28,-5.47,0.97,18.5,-24.6,-4.81,-54.37,0.9,-0.72,7,50,2015-10-16,2026-08-10,10.8,,swing_scanner_nifty500_history.xlsx,Latest_Scan,2026-08-11 13:06:49.120250940,51.7,8.24074074074074,4.62962962962963,-0.2777499999999997,-0.08846790509472136,-0.015135135135135137,-0.25200000000000006,54.37,True,8.259911894273127,49.77973568281938,29.019823788546255,7.488986784140969,13.392857142857142,7.048458149779736,9.254877281309,21.145374449339208,10.154525386313466,14.427312775330398,15.619061858777995,29.845814977973568,31.167400881057265,66.62995594713657,14.757709251101323,37.1090308370044,7.158590308370044,26.762114537444937,15.308370044052863,13.524229074889869,7.254955947136564,2.31371932032725,3.1238123717555992,7.42180616740088,1.3524229074889869,21.47,True,True,False,False,False,False,False,True,False,NON_POSITIVE_EXPECTANCY|NON_POSITIVE_CAGR|PROFIT_FACTOR_BELOW_1|NON_POSITIVE_RECOVERY|LOW_RISK_REWARD,,F,NO_SIGNAL
GODIGIT,False,0.0,-0.221,-16.76,8,25.0,2,25.0,0,0.0,5,62.5,1,12.5,0,1,0,0,0,0,0,-2.32,8.06,-5.77,1.4,10.5,-18.52,-10.98,-30.23,0.47,-0.61,6,8,2024-05-23,2026-08-10,2.2,limited history: 2.2y (<10y) - lower confidence,swing_scanner_nifty500_history.xlsx,Latest_Scan,2026-08-11 13:06:49.120250940,75.0,3.6363636363636362,3.6363636363636362,-2.3124999999999996,-0.3632153489910685,-0.22095238095238093,-1.0903999999999998,30.23,True,1.5418502202643172,4.6255506607929515,3.0837004405286343,1.9823788546255507,4.6875,2.2026431718061676,2.9096916299559474,75.99118942731278,14.1280353200883,26.3215859030837,41.92168460872694,2.753303964757709,3.634361233480176,5.39647577092511,0.6607929515418502,3.320484581497797,54.29515418502202,95.26431718061674,0.7709251101321586,46.431718061674005,0.7709251101321586,0.7274229074889869,8.384336921745389,0.6640969162995595,4.643171806167401,15.19,False,False,False,False,False,False,True,True,False,LOW_TRADE_COUNT|LIMITED_HISTORY|NON_POSITIVE_EXPECTANCY|NON_POSITIVE_CAGR|PROFIT_FACTOR_BELOW_1|NON_POSITIVE_RECOVERY,,F,NO_SIGNAL
GMRAIRPORT,False,0.0,0.081,5.58,122,56.6,45,36.9,3,2.5,51,41.8,23,18.9,21,2,0,0,0,0,0,1.22,7.94,-7.52,1.06,15.2,149.37,-9.7,-66.74,1.37,-0.97,6,74,2015-10-16,2026-08-10,10.8,,swing_scanner_nifty500_history.xlsx,Latest_Scan,2026-08-11 13:06:49.120250940,43.4,11.296296296296296,6.851851851851851,1.2303600000000015,-0.1453401258615523,0.08026315789473684,1.6714,66.74,True,32.268722466960355,60.57268722466961,46.42070484581498,27.312775330396477,6.25,23.348017621145374,19.462555066079297,6.167400881057269,1.9867549668874174,26.3215859030837,9.742721066604428,73.34801762114537,84.47136563876651,66.62995594713657,51.3215859030837,71.14537444933922,10.242290748898679,64.75770925110133,63.54625550660793,37.136563876651984,11.605176211453745,4.865638766519824,1.9485442133208857,14.229074889867844,3.7136563876651985,36.36,True,True,True,False,True,False,True,True,False,NON_POSITIVE_CAGR|NON_POSITIVE_RECOVERY,,F,NO_SIGNAL
SYNGENE,False,0.0,0.012,-17.0,86,47.7,19,22.1,2,2.3,31,36.0,34,39.5,20,14,0,0,0,0,0,0.25,7.49,-6.36,1.18,20.5,21.27,-1.96,-56.82,1.07,-0.32,9,45,2015-10-16,2026-08-10,10.8,,swing_scanner_nifty500_history.xlsx,Latest_Scan,2026-08-11 13:06:49.120250940,52.3,7.962962962962963,4.166666666666666,0.24645000000000072,-0.034494896163322776,0.012195121951219513,0.2675,56.82,True,12.77533039647577,3.524229074889868,8.149779735682818,12.77533039647577,25.44642857142857,12.77533039647577,16.830081812460666,17.180616740088105,24.834437086092713,3.303964757709251,16.390290865595002,26.87224669603524,26.10132158590308,66.62995594713657,13.876651982378855,34.669603524229075,21.58590308370044,9.361233480176212,13.215859030837004,16.629955947136565,2.0374449339207046,4.207520453115166,3.2780581731190006,6.933920704845815,1.6629955947136565,18.12,True,True,True,False,True,False,True,True,False,NON_POSITIVE_CAGR|NON_POSITIVE_RECOVERY,,F,NO_SIGNAL
APTUS,False,0.0,-0.105,-9.27,39,38.5,11,28.2,0,0.0,18,46.2,10,25.6,4,6,0,0,0,0,0,-1.38,6.33,-6.2,1.02,13.1,-53.79,-11.02,-48.8,0.64,-0.82,5,27,2021-08-24,2026-08-10,5.0,limited history: 5.0y (<10y) - lower confidence,swing_scanner_nifty500_history.xlsx,Latest_Scan,2026-08-11 13:06:49.120250940,61.5,7.8,5.4,-1.37595,-0.22581967213114754,-0.10534351145038168,-0.8832,48.8,True,4.185022026431718,19.383259911894275,11.784140969162996,3.7444933920704844,4.241071428571429,4.074889867841409,3.9959093769666456,30.396475770925107,6.401766004415011,46.91629955947136,26.12828329978314,12.334801762114537,14.427312775330398,15.969162995594713,2.643171806167401,12.312775330396477,8.81057268722467,82.04845814977973,12.114537444933921,24.44933920704846,2.946035242290749,0.9989773442416614,5.225656659956628,2.4625550660792954,2.4449339207048464,14.08,False,True,False,False,False,False,True,True,False,LOW_TRADE_COUNT|NON_POSITIVE_EXPECTANCY|NON_POSITIVE_CAGR|PROFIT_FACTOR_BELOW_1|NON_POSITIVE_RECOVERY,,F,NO_SIGNAL
UPL,False,0.0,0.028,-13.3,117,51.3,32,27.4,2,1.7,40,34.2,43,36.8,26,17,0,0,0,0,0,0.5,6.35,-5.65,1.12,18.1,59.07,-3.0,-62.79,1.18,-0.44,7,67,2015-10-16,2026-08-10,10.8,,swing_scanner_nifty500_history.xlsx,Latest_Scan,2026-08-11 13:06:49.120250940,48.7,10.833333333333332,6.203703703703703,0.5059999999999998,-0.047778308647873864,0.027624309392265192,0.59,62.79,True,15.308370044052863,12.444933920704845,13.876651982378853,15.748898678414097,19.196428571428573,15.859030837004406,16.882945248584015,9.361233480176212,20.52980132450331,14.427312775330398,14.536752049479242,66.96035242290749,72.24669603524228,66.62995594713657,24.008810572687224,61.75660792951542,14.317180616740089,30.837004405286343,55.72687224669603,30.04405286343612,3.469162995594713,4.220736312146004,2.9073504098958485,12.351321585903085,3.004405286343612,25.95,True,True,True,False,True,False,True,True,False,NON_POSITIVE_CAGR|NON_POSITIVE_RECOVERY,,F,NO_SIGNAL
ZFCVINDIA,False,0.0,-0.009,4.58,75,45.3,16,21.3,3,4.0,28,37.3,28,37.3,15,13,0,0,0,0,0,-0.18,6.3,-5.54,1.14,19.3,-13.16,-4.73,-48.99,0.94,-0.8,9,45,2015-10-16,2026-08-10,10.8,,swing_scanner_nifty500_history.xlsx,Latest_Scan,2026-08-11 13:06:49.120250940,54.7,6.944444444444444,4.166666666666666,-0.17648000000000064,-0.09655031639110023,-0.00932642487046632,-0.1692,48.99,True,9.361233480176212,58.81057268722467,34.085903083700444,9.030837004405285,13.616071428571427,8.590308370044053,10.374764002517306,29.955947136563875,6.843267108167771,3.303964757709251,15.203513531911584,21.80616740088106,26.10132158590308,66.62995594713657,8.81057268722467,32.136563876651984,16.299559471365637,19.383259911894275,8.149779735682818,14.471365638766517,8.521475770925111,2.5936910006293266,3.040702706382317,6.427312775330397,1.4471365638766518,22.03,True,True,False,False,False,False,True,True,False,NON_POSITIVE_EXPECTANCY|NON_POSITIVE_CAGR|PROFIT_FACTOR_BELOW_1|NON_POSITIVE_RECOVERY,,F,NO_SIGNAL
ZENTEC,False,0.0,0.185,4.42,102,49.0,45,44.1,3,2.9,49,48.0,5,4.9,2,3,0,0,0,0,0,2.27,13.54,-8.58,1.58,12.2,231.08,-8.27,-69.08,1.52,-0.85,9,66,2015-10-16,2026-08-10,10.8,,swing_scanner_nifty500_history.xlsx,Latest_Scan,2026-08-11 13:06:49.120250940,51.0,9.444444444444445,6.111111111111111,2.2588,-0.11971627099015633,0.18606557377049182,3.4504,69.08,True,70.59471365638767,58.14977973568281,64.37224669603523,54.51541850220264,8.258928571428571,32.709251101321584,33.60761485210824,4.845814977973569,5.298013245033113,3.303964757709251,4.6186218163783295,45.37444933920705,70.26431718061674,66.62995594713657,16.409691629955947,52.56607929515419,81.27753303964758,89.75770925110133,31.167400881057265,67.94052863436124,16.09306167400881,8.40190371302706,0.923724363275666,10.513215859030838,6.794052863436125,42.73,True,True,True,False,True,False,True,True,False,NON_POSITIVE_CAGR|NON_POSITIVE_RECOVERY,,D,NO_SIGNAL
SWANCORP,False,0.0,0.194,-9.37,115,49.6,52,45.2,1,0.9,50,43.5,12,10.4,4,8,0,0,0,0,0,2.68,13.05,-7.51,1.74,13.8,308.14,-7.03,-75.01,1.71,-0.71,6,71,2015-10-16,2026-08-10,10.8,,swing_scanner_nifty500_history.xlsx,Latest_Scan,2026-08-11 13:06:49.120250940,50.4,10.648148148148147,6.5740740740740735,2.6877600000000004,-0.09372083722170377,0.19420289855072465,4.5828,75.01,True,72.90748898678414,19.162995594713657,46.0352422907489,65.85903083700441,9.598214285714286,42.841409691629956,41.410635619886726,2.2026431718061676,10.706401766004415,26.3215859030837,11.208694362594937,63.76651982378855,80.1762114537445,66.62995594713657,18.502202643171806,61.795154185022035,91.40969162995594,76.87224669603523,51.98237885462555,76.67400881057269,11.508810572687224,10.352658904971682,2.2417388725189875,12.359030837004408,7.667400881057269,44.13,True,True,True,False,True,False,True,True,False,NON_POSITIVE_CAGR|NON_POSITIVE_RECOVERY,,D,NO_SIGNAL
UNIONBANK,False,0.0,0.131,10.63,140,57.9,61,43.6,1,0.7,48,34.3,30,21.4,19,11,0,0,0,0,0,1.8,8.33,-7.16,1.16,13.7,252.17,-4.63,-61.5,1.6,-0.64,6,84,2015-10-16,2026-08-10,10.8,,swing_scanner_nifty500_history.xlsx,Latest_Scan,2026-08-11 13:06:49.120250940,42.1,12.962962962962962,7.777777777777778,1.8087099999999992,-0.07528455284552846,0.13138686131386862,2.8800000000000003,61.5,True,52.97356828193832,70.92511013215858,61.94933920704845,41.85022026431718,14.174107142857142,36.56387665198238,31.513687853996224,11.45374449339207,12.693156732891833,26.3215859030837,15.604499129639894,91.29955947136564,95.59471365638767,66.62995594713657,59.58149779735683,81.44823788546256,18.722466960352424,77.6431718061674,88.21585903083701,51.3546255506608,15.487334801762113,7.878421963499056,3.120899825927979,16.289647577092513,5.135462555066081,47.91,True,True,True,False,True,False,True,True,False,NON_POSITIVE_CAGR|NON_POSITIVE_RECOVERY,,D,NO_SIGNAL
UCOBANK,False,0.0,0.256,-1.04,102,58.8,47,46.1,0,0.0,40,39.2,15,14.7,12,3,0,0,0,0,0,3.26,10.89,-7.65,1.42,12.7,332.02,-5.35,-66.18,2.03,-0.66,8,62,2015-10-16,2026-08-10,10.8,,swing_scanner_nifty500_history.xlsx,Latest_Scan,2026-08-11 13:06:49.120250940,41.2,9.444444444444445,5.7407407407407405,3.2515199999999993,-0.080840132970686,0.2566929133858268,6.617799999999999,66.18,True,85.90308370044053,44.052863436123346,64.97797356828194,76.98237885462555,12.611607142857142,66.29955947136564,53.39254247954689,6.607929515418502,11.810154525386315,7.709251101321586,8.704038665383008,45.37444933920705,60.57268722466961,66.62995594713657,65.08810572687224,57.44493392070484,59.25110132158591,86.89427312775331,31.167400881057265,56.35462555066079,16.244493392070485,13.348135619886722,1.7408077330766016,11.48898678414097,5.63546255506608,48.46,True,True,True,False,True,False,True,True,False,NON_POSITIVE_CAGR|NON_POSITIVE_RECOVERY,,D,NO_SIGNAL
AAVAS,False,0.0,-0.001,-4.23,56,44.6,20,35.7,0,0.0,25,44.6,11,19.6,5,6,0,0,0,0,0,-0.02,8.61,-6.99,1.23,15.6,-1.24,-3.97,-54.04,0.99,-0.44,4,40,2018-10-08,2026-08-10,7.8,limited history: 7.8y (<10y) - lower confidence,swing_scanner_nifty500_history.xlsx,Latest_Scan,2026-08-11 13:06:49.120250940,55.4,7.17948717948718,5.128205128205129,-0.03240000000000043,-0.0734641006661732,-0.001282051282051282,-0.0198,54.04,True,10.242290748898679,32.268722466960355,21.25550660792952,10.13215859030837,16.071428571428573,10.022026431718063,12.00188797986155,21.58590308370044,20.52980132450331,70.59471365638767,33.46847011115325,17.51101321585903,21.696035242290748,23.788546255506606,7.929515418502203,18.68942731277533,26.431718061674008,60.13215859030837,9.030837004405285,27.951541850220263,5.31387665198238,3.0004719949653875,6.693694022230651,3.737885462555066,2.7951541850220263,21.54,True,True,False,False,False,False,True,True,False,NON_POSITIVE_EXPECTANCY|NON_POSITIVE_CAGR|PROFIT_FACTOR_BELOW_1|NON_POSITIVE_RECOVERY,,F,NO_SIGNAL
TRIDENT,False,0.0,0.089,-3.06,99,50.5,43,43.4,0,0.0,42,42.4,14,14.1,7,7,0,0,0,0,0,1.14,9.6,-7.49,1.28,12.8,112.9,-8.56,-64.41,1.31,-0.93,5,68,2015-10-16,2026-08-10,10.8,,swing_scanner_nifty500_history.xlsx,Latest_Scan,2026-08-11 13:06:49.120250940,49.5,9.166666666666666,6.296296296296296,1.14045,-0.1328986182269834,0.08906249999999999,1.4933999999999998,64.41,True,35.13215859030837,37.99559471365639,36.56387665198238,25.11013215859031,8.035714285714286,19.933920704845814,18.196979232221523,7.709251101321586,3.3112582781456954,46.91629955947136,15.971715727747469,41.629955947136565,74.55947136563876,66.62995594713657,21.255506607929515,53.05616740088105,33.81057268722467,85.68281938325991,27.312775330396477,42.235682819383264,9.140969162995596,4.549244808055381,3.194343145549494,10.61123348017621,4.223568281938326,31.72,True,True,True,False,True,False,True,True,False,NON_POSITIVE_CAGR|NON_POSITIVE_RECOVERY,,F,NO_SIGNAL
WAAREEENER,False,0.0,-0.081,-16.61,10,40.0,3,30.0,0,0.0,5,50.0,2,20.0,1,1,0,0,0,0,0,-0.9,5.89,-5.43,1.08,11.2,-9.04,-7.33,-16.18,0.72,-0.56,3,7,2024-10-28,2026-08-10,1.8,limited history: 1.8y (<10y) - lower confidence,swing_scanner_nifty500_history.xlsx,Latest_Scan,2026-08-11 13:06:49.120250940,60.0,5.555555555555555,3.888888888888889,-0.9019999999999997,-0.4530284301606922,-0.08035714285714286,-0.648,16.18,True,4.405286343612335,4.845814977973569,4.6255506607929515,5.286343612334802,8.928571428571429,5.066079295154185,6.39018250471995,95.15418502202643,16.666666666666664,88.54625550660793,66.03157121879588,3.303964757709251,2.973568281938326,3.854625550660793,3.524229074889868,3.3920704845814975,10.79295154185022,93.17180616740089,3.634361233480176,25.12114537444934,1.1563876651982379,1.5975456261799874,13.206314243759175,0.6784140969162995,2.5121145374449343,19.15,False,False,False,False,False,False,True,True,False,LOW_TRADE_COUNT|LIMITED_HISTORY|NON_POSITIVE_EXPECTANCY|NON_POSITIVE_CAGR|PROFIT_FACTOR_BELOW_1|NON_POSITIVE_RECOVERY,,F,NO_SIGNAL
VMM,False,0.0,-1.569,-13.28,4,0.0,0,0.0,0,0.0,4,100.0,0,0.0,0,0,0,0,0,0,0,-5.88,0.0,-5.88,0.0,3.8,-23.53,-17.31,-13.22,0.0,-1.64,4,4,2024-12-18,2026-08-10,1.6,limited history: 1.6y (<10y) - lower confidence,swing_scanner_nifty500_history.xlsx,Latest_Scan,2026-08-11 13:06:49.120250940,100.0,2.5,2.5,-5.88,-1.3093797276853252,-1.5473684210526317,-0.0,13.22,True,0.22026431718061676,12.77533039647577,6.497797356828193,0.22026431718061676,1.3392857142857142,0.22026431718061676,0.578351164254248,96.69603524229075,0.22075055187637968,70.59471365638767,56.404355204169946,0.4405286343612335,1.2114537444933922,2.5330396475770924,0.22026431718061676,1.1233480176211454,0.22026431718061676,99.55947136563876,0.22026431718061676,20.088105726872246,1.6244493392070483,0.144587791063562,11.28087104083399,0.2246696035242291,2.0088105726872247,15.28,False,False,False,False,False,False,False,True,False,LOW_TRADE_COUNT|LIMITED_HISTORY|NON_POSITIVE_EXPECTANCY|NON_POSITIVE_CAGR|PROFIT_FACTOR_BELOW_1|NON_POSITIVE_RECOVERY|LOW_RISK_REWARD,,F,NO_SIGNAL
3MINDIA,False,0.0,0.054,13.06,87,47.1,25,28.7,4,4.6,31,35.6,27,31.0,12,15,0,0,0,0,0,0.97,7.28,-4.65,1.57,18.0,84.38,-2.08,-44.43,1.39,-0.45,5,53,2015-10-16,2026-08-10,10.8,,swing_scanner_nifty500_history.xlsx,Latest_Scan,2026-08-11 13:06:49.120250940,52.9,8.055555555555555,4.907407407407407,0.9690300000000005,-0.04681521494485708,0.05388888888888889,1.3482999999999998,44.43,True,19.7136563876652,76.2114537444934,47.9625550660793,21.035242290748897,24.330357142857142,24.33920704845815,23.014789175582127,40.08810572687225,19.97792494481236,46.91629955947136,34.75659091130107,27.75330396475771,37.99559471365639,66.62995594713657,12.555066079295155,37.753303964757706,80.72687224669603,32.268722466960355,13.766519823788546,50.947136563876654,11.990638766519824,5.753697293895532,6.951318182260214,7.5506607929515415,5.094713656387666,37.34,True,True,True,False,True,False,True,True,False,NON_POSITIVE_CAGR|NON_POSITIVE_RECOVERY,,F,NO_SIGNAL
UTIAMC,False,0.0,0.05,-6.56,49,57.1,18,36.7,2,4.1,19,38.8,10,20.4,8,2,0,0,0,0,0,0.8,6.5,-6.8,0.96,15.8,39.17,-8.12,-39.14,1.27,-0.89,5,34,2020-10-13,2026-08-10,5.8,limited history: 5.8y (<10y) - lower confidence,swing_scanner_nifty500_history.xlsx,Latest_Scan,2026-08-11 13:06:49.120250940,42.9,8.448275862068966,5.862068965517242,0.7943000000000011,-0.20746039856923862,0.05063291139240506,1.016,39.14,True,19.162995594713657,25.991189427312776,22.577092511013216,18.722466960352424,8.482142857142858,18.28193832599119,15.32221522970422,53.964757709251096,3.9735099337748347,46.91629955947136,34.70570645038947,15.088105726872246,18.612334801762113,19.7136563876652,54.51541850220264,23.03964757709251,6.607929515418502,58.70044052863436,17.841409691629956,20.39647577092511,5.644273127753304,3.830553807426055,6.941141290077894,4.607929515418502,2.039647577092511,23.06,False,True,True,False,True,False,False,True,False,LOW_TRADE_COUNT|NON_POSITIVE_CAGR|NON_POSITIVE_RECOVERY|LOW_RISK_REWARD,,F,NO_SIGNAL
