cutoff,regime,n_signals,tier,rank_variant,pos_in_tier,ticker,sector,category,_status,rank_score,rank_score_pre_crowd,stage2_score,confidence,rel_strength,crowding_score,anti_crowding_mult,news_score,outcome,entry_date,entry_price,exit_date,exit_price,days_held,net_return_%,peak_gain_%
2026-06-01,NEUTRAL,18,TOP,NEW,1,CHENNPETRO,Oil Gas & Consumable Fuels,SmallCap,KEPT,9.24,11.19,87.5,7.89,25.04,58.0,0.826,,TRAIL,2026-06-02,1045.81,2026-06-12,1073.17,8.0,2.2953,14.44
2026-06-01,NEUTRAL,18,TOP,NEW,2,LLOYDSME,Metals & Mining,MidCap,SECTOR_CAPPED,6.12,6.91,87.5,4.14,49.66,37.9,0.886,,TRAIL,2026-06-02,1807.43,2026-07-14,1825.5,30.0,0.6432,2.24
2026-06-01,NEUTRAL,18,TOP,NEW,3,LAURUSLABS,Healthcare,MidCap,KEPT,5.8,7.26,87.5,6.4,33.58,66.9,0.799,,STOP,2026-06-02,1381.46,2026-06-16,1362.4,10.0,-1.58,5.47
2026-06-01,NEUTRAL,18,TOP,NEW,4,OFSS,Information Technology,MidCap,KEPT,5.37,6.63,87.5,3.97,63.0,63.5,0.809,,,,,,,,,
2026-06-01,NEUTRAL,18,TOP,NEW,5,HINDALCO,Metals & Mining,LargeCap,KEPT,4.92,5.89,100.0,3.41,26.21,55.0,0.835,,,,,,,,,
2026-06-01,NEUTRAL,18,MID,NEW,1,NMDC,Metals & Mining,MidCap,KEPT,4.27,4.83,75.0,3.52,17.3,38.7,0.884,,,,,,,,,
2026-06-01,NEUTRAL,18,MID,NEW,2,J&KBANK,Financial Services,SmallCap,KEPT,2.46,2.78,87.5,1.67,30.69,37.8,0.887,,TARGET,2026-06-02,141.06,2026-07-01,153.19,21.0,8.4,18.49
2026-06-01,NEUTRAL,18,MID,NEW,3,ONESOURCE,Healthcare,SmallCap,KEPT,2.36,2.59,37.5,1.79,46.61,29.3,0.912,,STOP,2026-06-02,1820.0,2026-06-08,1753.7,4.0,-3.84,4.12
2026-06-01,NEUTRAL,18,MID,NEW,4,PTCIL,Capital Goods,SmallCap,KEPT,1.25,1.67,50.0,1.88,6.91,83.9,0.748,,TIME,2026-06-02,18396.56,2026-07-14,17532.0,30.0,-4.9,7.91
2026-06-01,NEUTRAL,18,MID,NEW,5,TEJASNET,Telecommunication,SmallCap,KEPT,0.9,1.15,37.5,1.1,70.0,73.9,0.778,,TARGET,2026-06-02,523.47,2026-07-07,564.66,25.0,7.67,23.17
2026-06-01,NEUTRAL,18,BOT,NEW,1,NSLNISP,Metals & Mining,SmallCap,KEPT,0.01,0.02,62.5,0.03,33.19,84.6,0.746,,,,,,,,,
2026-06-01,NEUTRAL,18,BOT,NEW,2,COROMANDEL,Chemicals,MidCap,RS_LAGGARD,0.0,0.0,25.0,0.0,-18.19,5.4,0.984,,STOP,2026-06-02,1772.37,2026-06-08,1712.66,4.0,-3.57,2.44
2026-06-01,NEUTRAL,18,BOT,NEW,3,COALINDIA,Oil Gas & Consumable Fuels,LargeCap,KEPT,0.0,0.0,87.5,0.0,12.21,43.4,0.87,,,,,,,,,
2026-06-01,NEUTRAL,18,BOT,NEW,4,SAREGAMA,Media Entertainment & Publication,SmallCap,KEPT,0.0,0.0,37.5,0.0,42.69,90.6,0.728,,,,,,,,,
2026-06-01,NEUTRAL,18,BOT,NEW,5,WELSPUNLIV,Textiles,SmallCap,KEPT,0.0,0.0,62.5,0.0,18.65,60.7,0.818,,,,,,,,,
2026-06-01,NEUTRAL,18,TOP,OLD,1,CHENNPETRO,Oil Gas & Consumable Fuels,SmallCap,KEPT,9.24,11.19,87.5,7.89,25.04,58.0,0.826,,TRAIL,2026-06-02,1045.81,2026-06-12,1073.17,8.0,2.2953,14.44
2026-06-01,NEUTRAL,18,TOP,OLD,2,LAURUSLABS,Healthcare,MidCap,KEPT,5.8,7.26,87.5,6.4,33.58,66.9,0.799,,STOP,2026-06-02,1381.46,2026-06-16,1362.4,10.0,-1.58,5.47
2026-06-01,NEUTRAL,18,TOP,OLD,3,LLOYDSME,Metals & Mining,MidCap,SECTOR_CAPPED,6.12,6.91,87.5,4.14,49.66,37.9,0.886,,TRAIL,2026-06-02,1807.43,2026-07-14,1825.5,30.0,0.6432,2.24
2026-06-01,NEUTRAL,18,TOP,OLD,4,OFSS,Information Technology,MidCap,KEPT,5.37,6.63,87.5,3.97,63.0,63.5,0.809,,,,,,,,,
2026-06-01,NEUTRAL,18,TOP,OLD,5,HINDALCO,Metals & Mining,LargeCap,KEPT,4.92,5.89,100.0,3.41,26.21,55.0,0.835,,,,,,,,,
2026-06-02,NEUTRAL,34,TOP,NEW,1,ADANIGREEN,Power,LargeCap,KEPT,13.03,14.66,87.5,8.79,53.41,37.1,0.889,,TRAIL,2026-06-03,1442.15,2026-07-15,1555.4,30.0,6.1609,13.13
2026-06-02,NEUTRAL,34,TOP,NEW,2,ATGL,Oil Gas & Consumable Fuels,MidCap,KEPT,12.88,15.31,62.5,11.57,46.39,53.0,0.841,,TIME,2026-06-03,734.2,2026-07-15,715.4,30.0,-2.76,4.84
2026-06-02,NEUTRAL,34,TOP,NEW,3,GVT&D,Capital Goods,MidCap,KEPT,8.98,9.68,100.0,5.61,27.08,24.1,0.928,,,,,,,,,
2026-06-02,NEUTRAL,34,TOP,NEW,4,CHENNPETRO,Oil Gas & Consumable Fuels,SmallCap,KEPT,5.83,7.88,75.0,7.95,28.92,86.6,0.74,,,,,,,,,
2026-06-02,NEUTRAL,34,TOP,NEW,5,CUMMINSIND,Capital Goods,LargeCap,KEPT,4.36,5.08,87.5,3.05,18.38,47.4,0.858,,STOP,2026-06-03,5632.74,2026-06-08,5519.95,3.0,-2.2,3.34
2026-06-02,NEUTRAL,34,MID,NEW,1,INDUSINDBK,Financial Services,MidCap,RS_LAGGARD,1.34,1.4,75.0,1.39,-2.04,14.3,0.957,,TRAIL,2026-06-03,905.63,2026-07-15,1009.7,30.0,9.4201,14.62
2026-06-02,NEUTRAL,34,MID,NEW,2,PTCIL,Capital Goods,SmallCap,SECTOR_CAPPED,1.19,1.64,50.0,2.42,11.33,91.6,0.725,,STOP,2026-06-03,19283.1,2026-06-24,17354.79,15.0,-10.2,2.95
2026-06-02,NEUTRAL,34,MID,NEW,3,SYRMA,Capital Goods,SmallCap,SECTOR_CAPPED,1.08,1.46,87.5,1.78,43.35,86.6,0.74,,TARGET,2026-06-03,1159.78,2026-07-15,1403.16,30.0,17.2229,30.73
2026-06-02,NEUTRAL,34,MID,NEW,4,STARHEALTH,Financial Services,SmallCap,KEPT,0.97,1.13,100.0,0.65,15.95,46.5,0.861,,,,,,,,,
2026-06-02,NEUTRAL,34,MID,NEW,5,NETWEB,Information Technology,SmallCap,SECTOR_CAPPED,0.54,0.74,75.0,0.79,32.71,89.5,0.732,,,,,,,,,
2026-06-02,NEUTRAL,34,BOT,NEW,1,EXIDEIND,Automobile and Auto Components,MidCap,KEPT,0.0,0.0,50.0,0.0,22.9,91.7,0.725,,STOP,2026-06-03,402.29,2026-06-11,379.61,6.0,-5.84,1.38
2026-06-02,NEUTRAL,34,BOT,NEW,2,JYOTICNC,Capital Goods,SmallCap,RS_LAGGARD,0.0,0.0,25.0,0.0,-25.07,2.5,0.993,,TARGET,2026-06-03,597.0,2026-07-03,748.87,22.0,20.192,33.18
2026-06-02,NEUTRAL,34,BOT,NEW,3,SIEMENS,Capital Goods,LargeCap,SECTOR_CAPPED,0.0,0.0,75.0,0.0,15.13,20.0,0.94,,,,,,,,,
2026-06-02,NEUTRAL,34,BOT,NEW,4,RBLBANK,Financial Services,SmallCap,SECTOR_CAPPED,0.0,0.0,87.5,0.0,8.65,29.3,0.912,,TRAIL,2026-06-03,341.54,2026-07-01,360.86,20.0,4.9758,11.47
2026-06-02,NEUTRAL,34,BOT,NEW,5,UBL,Fast Moving Consumer Goods,MidCap,RS_LAGGARD,0.0,0.0,37.5,0.0,-13.91,6.1,0.982,,,,,,,,,
2026-06-02,NEUTRAL,34,TOP,OLD,1,ATGL,Oil Gas & Consumable Fuels,MidCap,KEPT,12.88,15.31,62.5,11.57,46.39,53.0,0.841,,TIME,2026-06-03,734.2,2026-07-15,715.4,30.0,-2.76,4.84
2026-06-02,NEUTRAL,34,TOP,OLD,2,ADANIGREEN,Power,LargeCap,KEPT,13.03,14.66,87.5,8.79,53.41,37.1,0.889,,TRAIL,2026-06-03,1442.15,2026-07-15,1555.4,30.0,6.1609,13.13
2026-06-02,NEUTRAL,34,TOP,OLD,3,GVT&D,Capital Goods,MidCap,KEPT,8.98,9.68,100.0,5.61,27.08,24.1,0.928,,,,,,,,,
2026-06-02,NEUTRAL,34,TOP,OLD,4,CHENNPETRO,Oil Gas & Consumable Fuels,SmallCap,KEPT,5.83,7.88,75.0,7.95,28.92,86.6,0.74,,,,,,,,,
2026-06-02,NEUTRAL,34,TOP,OLD,5,CUMMINSIND,Capital Goods,LargeCap,KEPT,4.36,5.08,87.5,3.05,18.38,47.4,0.858,,STOP,2026-06-03,5632.74,2026-06-08,5519.95,3.0,-2.2,3.34
2026-06-03,NEUTRAL,26,TOP,NEW,1,GVT&D,Capital Goods,MidCap,KEPT,8.48,9.68,100.0,5.61,33.01,41.2,0.876,,,,,,,,,
2026-06-03,NEUTRAL,26,TOP,NEW,2,CHENNPETRO,Oil Gas & Consumable Fuels,SmallCap,KEPT,5.36,7.27,75.0,7.79,28.73,87.8,0.737,,STOP,2026-06-04,1134.38,2026-06-12,1073.17,6.0,-5.6,5.5
2026-06-03,NEUTRAL,26,TOP,NEW,3,APARINDS,Capital Goods,MidCap,SECTOR_CAPPED,4.93,5.69,100.0,3.88,25.15,44.4,0.867,,TARGET,2026-06-04,13470.31,2026-07-01,15452.62,19.0,11.9347,27.37
2026-06-03,NEUTRAL,26,TOP,NEW,4,IFCI,Financial Services,SmallCap,KEPT,2.89,4.04,75.0,5.1,38.15,95.0,0.715,,STOP,2026-06-04,80.02,2026-06-10,72.02,4.0,-10.2,4.28
2026-06-03,NEUTRAL,26,TOP,NEW,5,ABSLAMC,Financial Services,SmallCap,KEPT,2.81,2.91,75.0,1.81,19.7,11.6,0.965,,TARGET,2026-06-04,1003.0,2026-07-16,1104.42,30.0,8.2729,19.14
2026-06-03,NEUTRAL,26,MID,NEW,1,RRKABEL,Capital Goods,SmallCap,SECTOR_CAPPED,1.22,1.63,75.0,2.07,42.04,84.6,0.746,,TARGET,2026-06-04,2139.73,2026-06-30,2330.94,18.0,6.992,19.13
2026-06-03,NEUTRAL,26,MID,NEW,2,RHIM,Capital Goods,SmallCap,RS_LAGGARD,1.2,1.25,12.5,2.13,-10.08,12.5,0.963,,TARGET,2026-06-04,374.05,2026-07-16,405.9,30.0,6.648,18.65
2026-06-03,NEUTRAL,26,MID,NEW,3,SYRMA,Capital Goods,SmallCap,SECTOR_CAPPED,1.18,1.64,87.5,2.0,49.44,92.6,0.722,,,,,,,,,
2026-06-03,NEUTRAL,26,MID,NEW,4,TEJASNET,Telecommunication,SmallCap,KEPT,0.84,1.14,37.5,1.36,34.67,88.3,0.735,,STOP,2026-06-04,566.4,2026-07-07,564.66,23.0,-0.51,13.83
2026-06-03,NEUTRAL,26,MID,NEW,5,APOLLOHOSP,Healthcare,LargeCap,KEPT,0.81,0.9,75.0,0.74,10.06,33.4,0.9,,TRAIL,2026-06-04,8239.46,2026-07-16,8877.67,30.0,6.1002,9.21
2026-06-03,NEUTRAL,26,BOT,NEW,1,JINDALSAW,Capital Goods,SmallCap,SECTOR_CAPPED,0.0,0.0,75.0,0.0,40.65,58.4,0.825,,,,,,,,,
2026-06-03,NEUTRAL,26,BOT,NEW,2,RBLBANK,Financial Services,SmallCap,SECTOR_CAPPED,0.0,0.0,87.5,0.0,12.97,36.5,0.89,,TRAIL,2026-06-04,345.56,2026-07-01,360.86,19.0,3.8619,10.17
2026-06-03,NEUTRAL,26,BOT,NEW,3,OLAELEC,Automobile and Auto Components,SmallCap,KEPT,0.0,0.0,37.5,0.0,77.5,81.3,0.756,,STOP,2026-06-04,43.49,2026-07-14,39.14,28.0,-10.2,12.78
2026-06-03,NEUTRAL,26,BOT,NEW,4,WOCKPHARMA,Healthcare,SmallCap,KEPT,0.0,0.0,62.5,0.0,56.35,77.0,0.769,,STOP,2026-06-04,2063.53,2026-06-08,1857.18,2.0,-10.2,5.55
2026-06-03,NEUTRAL,26,BOT,NEW,5,ZENTEC,Capital Goods,SmallCap,SECTOR_CAPPED,0.0,0.0,62.5,0.0,28.2,39.7,0.881,,,,,,,,,
2026-06-03,NEUTRAL,26,TOP,OLD,1,GVT&D,Capital Goods,MidCap,KEPT,8.48,9.68,100.0,5.61,33.01,41.2,0.876,,,,,,,,,
2026-06-03,NEUTRAL,26,TOP,OLD,2,CHENNPETRO,Oil Gas & Consumable Fuels,SmallCap,KEPT,5.36,7.27,75.0,7.79,28.73,87.8,0.737,,STOP,2026-06-04,1134.38,2026-06-12,1073.17,6.0,-5.6,5.5
2026-06-03,NEUTRAL,26,TOP,OLD,3,APARINDS,Capital Goods,MidCap,SECTOR_CAPPED,4.93,5.69,100.0,3.88,25.15,44.4,0.867,,TARGET,2026-06-04,13470.31,2026-07-01,15452.62,19.0,11.9347,27.37
2026-06-03,NEUTRAL,26,TOP,OLD,4,IFCI,Financial Services,SmallCap,KEPT,2.89,4.04,75.0,5.1,38.15,95.0,0.715,,STOP,2026-06-04,80.02,2026-06-10,72.02,4.0,-10.2,4.28
2026-06-03,NEUTRAL,26,TOP,OLD,5,WELCORP,Capital Goods,SmallCap,KEPT,2.51,3.08,87.5,3.2,75.36,62.1,0.814,,,,,,,,,
2026-06-04,NEUTRAL,35,TOP,NEW,1,POWERINDIA,Capital Goods,MidCap,KEPT,14.07,15.82,87.5,9.48,47.29,36.8,0.89,,,,,,,,,
2026-06-04,NEUTRAL,35,TOP,NEW,2,JBMA,Automobile and Auto Components,SmallCap,KEPT,7.91,9.81,62.5,7.42,35.44,64.6,0.806,,,,,,,,,
2026-06-04,NEUTRAL,35,TOP,NEW,3,KIRLOSENG,Capital Goods,SmallCap,SECTOR_CAPPED,6.83,8.79,87.5,7.29,42.79,74.5,0.776,,TARGET,2026-06-05,1936.06,2026-07-17,2250.94,30.0,13.1955,40.2
2026-06-04,NEUTRAL,35,TOP,NEW,4,HSCL,Chemicals,SmallCap,KEPT,6.83,8.46,75.0,7.26,44.59,64.1,0.808,,TRAIL,2026-06-05,638.79,2026-06-22,655.01,11.0,2.0422,12.4
2026-06-04,NEUTRAL,35,TOP,NEW,5,CHENNPETRO,Oil Gas & Consumable Fuels,SmallCap,KEPT,5.51,7.49,75.0,8.04,32.03,88.0,0.736,,,,,,,,,
2026-06-04,NEUTRAL,35,MID,NEW,1,VIJAYA,Healthcare,SmallCap,KEPT,1.91,2.34,87.5,1.94,42.9,60.8,0.818,,STOP,2026-06-05,1352.6,2026-07-17,1341.78,30.0,-1.0,6.46
2026-06-04,NEUTRAL,35,MID,NEW,2,RRKABEL,Capital Goods,SmallCap,SECTOR_CAPPED,1.76,2.45,87.5,2.98,49.18,93.7,0.719,,TARGET,2026-06-05,2206.32,2026-06-30,2330.94,17.0,4.36,15.53
2026-06-04,NEUTRAL,35,MID,NEW,3,CEMPRO,Construction,SmallCap,KEPT,1.56,2.13,75.0,2.69,102.17,88.5,0.734,,TARGET,2026-06-05,1118.8,2026-07-17,1615.0,30.0,35.9326,47.24
2026-06-04,NEUTRAL,35,MID,NEW,4,TEJASNET,Telecommunication,SmallCap,KEPT,1.02,1.41,37.5,1.68,28.25,92.2,0.723,,,,,,,,,
2026-06-04,NEUTRAL,35,MID,NEW,5,NETWEB,Information Technology,SmallCap,KEPT,0.52,0.72,87.5,0.88,37.23,92.0,0.724,,,,,,,,,
2026-06-04,NEUTRAL,35,BOT,NEW,1,RBLBANK,Financial Services,SmallCap,SECTOR_CAPPED,0.0,0.0,87.5,0.0,17.02,49.0,0.853,,TRAIL,2026-06-05,351.07,2026-07-01,360.86,18.0,2.3646,8.44
2026-06-04,NEUTRAL,35,BOT,NEW,2,SHYAMMETL,Capital Goods,SmallCap,SECTOR_CAPPED,0.0,0.0,87.5,0.0,23.5,65.3,0.804,,,,,,,,,
2026-06-04,NEUTRAL,35,BOT,NEW,3,TATATECH,Information Technology,SmallCap,KEPT,0.0,0.0,50.0,0.0,32.99,78.7,0.764,,,,,,,,,
2026-06-04,NEUTRAL,35,BOT,NEW,4,ZEEL,Media Entertainment & Publication,SmallCap,KEPT,0.0,0.0,37.5,0.0,28.08,84.3,0.747,,,,,,,,,
2026-06-04,NEUTRAL,35,BOT,NEW,5,ZENTEC,Capital Goods,SmallCap,SECTOR_CAPPED,0.0,0.0,50.0,0.0,38.57,72.7,0.782,,STOP,2026-06-05,1799.81,2026-06-29,1759.56,16.0,-2.44,12.4
2026-06-04,NEUTRAL,35,TOP,OLD,1,POWERINDIA,Capital Goods,MidCap,KEPT,14.07,15.82,87.5,9.48,47.29,36.8,0.89,,,,,,,,,
2026-06-04,NEUTRAL,35,TOP,OLD,2,JBMA,Automobile and Auto Components,SmallCap,KEPT,7.91,9.81,62.5,7.42,35.44,64.6,0.806,,,,,,,,,
2026-06-04,NEUTRAL,35,TOP,OLD,3,KIRLOSENG,Capital Goods,SmallCap,SECTOR_CAPPED,6.83,8.79,87.5,7.29,42.79,74.5,0.776,,TARGET,2026-06-05,1936.06,2026-07-17,2250.94,30.0,13.1955,40.2
2026-06-04,NEUTRAL,35,TOP,OLD,4,HSCL,Chemicals,SmallCap,KEPT,6.83,8.46,75.0,7.26,44.59,64.1,0.808,,TRAIL,2026-06-05,638.79,2026-06-22,655.01,11.0,2.0422,12.4
2026-06-04,NEUTRAL,35,TOP,OLD,5,CHENNPETRO,Oil Gas & Consumable Fuels,SmallCap,KEPT,5.51,7.49,75.0,8.04,32.03,88.0,0.736,,,,,,,,,
2026-06-05,NEUTRAL,19,TOP,NEW,1,ADANIGREEN,Power,LargeCap,KEPT,7.09,8.87,87.5,9.19,78.0,66.9,0.799,,TRAIL,2026-06-08,1500.6,2026-07-20,1530.0,30.0,1.4174,8.72
2026-06-05,NEUTRAL,19,TOP,NEW,2,ADANIENT,Metals & Mining,LargeCap,KEPT,6.77,8.78,75.0,9.42,49.82,76.3,0.771,,TRAIL,2026-06-08,3016.35,2026-07-20,3183.3,30.0,4.3057,7.58
2026-06-05,NEUTRAL,19,TOP,NEW,3,HSCL,Chemicals,SmallCap,KEPT,4.6,6.22,87.5,7.59,58.12,87.0,0.739,,STOP,2026-06-08,680.0,2026-06-22,655.01,10.0,-3.87,5.59
2026-06-05,NEUTRAL,19,TOP,NEW,4,DATAPATTNS,Capital Goods,SmallCap,KEPT,4.16,4.86,87.5,2.91,37.78,48.1,0.856,,TARGET,2026-06-08,4131.59,2026-07-08,4267.3,22.0,3.0131,19.69
2026-06-05,NEUTRAL,19,TOP,NEW,5,ADANIENSOL,Power,LargeCap,SECTOR_CAPPED,3.35,4.29,87.5,5.23,67.42,73.1,0.781,,TRAIL,2026-06-08,1558.9,2026-07-20,1729.5,30.0,9.5659,12.75
2026-06-05,NEUTRAL,19,MID,NEW,1,ACUTAAS,Healthcare,SmallCap,KEPT,1.87,2.47,87.5,3.01,61.18,80.5,0.758,,TARGET,2026-06-08,3232.0,2026-07-07,3407.91,21.0,4.2518,15.72
2026-06-05,NEUTRAL,19,MID,NEW,2,CANBK,Financial Services,LargeCap,RS_LAGGARD,0.31,0.36,37.5,0.51,-4.54,45.7,0.863,,STOP,2026-06-08,130.52,2026-06-29,127.88,15.0,-2.22,4.45
2026-06-05,NEUTRAL,19,MID,NEW,3,ACMESOLAR,Power,SmallCap,KEPT,0.0,0.0,87.5,0.0,61.84,94.4,0.717,,TRAIL,2026-06-08,353.0,2026-07-20,377.55,30.0,5.653,12.93
2026-06-05,NEUTRAL,19,MID,NEW,4,ELECON,Capital Goods,SmallCap,KEPT,0.0,0.0,25.0,0.0,38.44,42.6,0.872,,STOP,2026-06-08,523.66,2026-07-08,505.07,22.0,-3.75,10.0
2026-06-05,NEUTRAL,19,MID,NEW,5,IGIL,Services,SmallCap,KEPT,0.0,0.0,62.5,0.0,16.91,33.6,0.899,,,,,,,,,
2026-06-05,NEUTRAL,19,BOT,NEW,1,JYOTICNC,Capital Goods,SmallCap,RS_LAGGARD,0.0,0.0,25.0,0.0,-17.28,18.6,0.944,,TARGET,2026-06-08,629.05,2026-07-03,748.87,19.0,15.08,26.4
2026-06-05,NEUTRAL,19,BOT,NEW,2,OLAELEC,Automobile and Auto Components,SmallCap,KEPT,0.0,0.0,37.5,0.0,85.1,76.3,0.771,,,,,,,,,
2026-06-05,NEUTRAL,19,BOT,NEW,3,SAMMAANCAP,Financial Services,SmallCap,KEPT,0.0,0.0,87.5,0.0,32.57,75.9,0.772,,,,,,,,,
2026-06-05,NEUTRAL,19,BOT,NEW,4,TATATECH,Information Technology,SmallCap,KEPT,0.0,0.0,50.0,0.0,37.86,94.0,0.718,,STOP,2026-06-08,753.43,2026-06-30,689.14,16.0,-8.73,2.48
2026-06-05,NEUTRAL,19,BOT,NEW,5,ZEEL,Media Entertainment & Publication,SmallCap,KEPT,0.0,0.0,37.5,0.0,40.14,92.8,0.722,,STOP,2026-06-08,111.71,2026-06-29,108.15,15.0,-3.38,5.95
2026-06-05,NEUTRAL,19,TOP,OLD,1,ADANIGREEN,Power,LargeCap,KEPT,7.09,8.87,87.5,9.19,78.0,66.9,0.799,,TRAIL,2026-06-08,1500.6,2026-07-20,1530.0,30.0,1.4174,8.72
2026-06-05,NEUTRAL,19,TOP,OLD,2,ADANIENT,Metals & Mining,LargeCap,KEPT,6.77,8.78,75.0,9.42,49.82,76.3,0.771,,TRAIL,2026-06-08,3016.35,2026-07-20,3183.3,30.0,4.3057,7.58
2026-06-05,NEUTRAL,19,TOP,OLD,3,HSCL,Chemicals,SmallCap,KEPT,4.6,6.22,87.5,7.59,58.12,87.0,0.739,,STOP,2026-06-08,680.0,2026-06-22,655.01,10.0,-3.87,5.59
2026-06-05,NEUTRAL,19,TOP,OLD,4,DATAPATTNS,Capital Goods,SmallCap,KEPT,4.16,4.86,87.5,2.91,37.78,48.1,0.856,,TARGET,2026-06-08,4131.59,2026-07-08,4267.3,22.0,3.0131,19.69
2026-06-05,NEUTRAL,19,TOP,OLD,5,ADANIENSOL,Power,LargeCap,SECTOR_CAPPED,3.35,4.29,87.5,5.23,67.42,73.1,0.781,,TRAIL,2026-06-08,1558.9,2026-07-20,1729.5,30.0,9.5659,12.75
2026-06-08,NEUTRAL,13,TOP,NEW,1,DEEPAKFERT,Chemicals,SmallCap,KEPT,6.17,7.29,37.5,5.05,55.63,51.4,0.846,,,,,,,,,
2026-06-08,NEUTRAL,13,TOP,NEW,2,CHENNPETRO,Oil Gas & Consumable Fuels,SmallCap,KEPT,5.21,6.84,75.0,7.33,24.0,79.2,0.762,,,,,,,,,
2026-06-08,NEUTRAL,13,TOP,NEW,3,J&KBANK,Financial Services,SmallCap,KEPT,2.63,3.2,87.5,1.92,25.4,59.3,0.822,,,,,,,,,
2026-06-08,NEUTRAL,13,TOP,NEW,4,ASTERDM,Healthcare,SmallCap,KEPT,2.07,2.45,75.0,1.52,20.3,51.9,0.844,,,,,,,,,
2026-06-08,NEUTRAL,13,TOP,NEW,5,MAHABANK,Financial Services,MidCap,SECTOR_CAPPED,1.71,1.94,75.0,1.2,16.11,39.6,0.881,,,,,,,,,
2026-06-08,NEUTRAL,13,MID,NEW,1,MAHABANK,Financial Services,MidCap,SECTOR_CAPPED,1.71,1.94,75.0,1.2,16.11,39.6,0.881,,,,,,,,,
2026-06-08,NEUTRAL,13,MID,NEW,2,CAPLIPOINT,Healthcare,SmallCap,SECTOR_CAPPED,1.26,1.57,37.5,1.6,31.05,64.8,0.806,,,,,,,,,
2026-06-08,NEUTRAL,13,MID,NEW,3,BALRAMCHIN,Fast Moving Consumer Goods,SmallCap,KEPT,1.17,1.34,50.0,1.05,15.08,41.6,0.875,,TARGET,2026-06-09,547.65,2026-07-21,617.85,30.0,10.8646,17.22
2026-06-08,NEUTRAL,13,MID,NEW,4,ENGINERSIN,Construction,SmallCap,KEPT,0.86,0.96,62.5,0.62,20.61,33.4,0.9,,,,,,,,,
2026-06-08,NEUTRAL,13,MID,NEW,5,CCL,Fast Moving Consumer Goods,SmallCap,KEPT,0.0,0.0,75.0,0.0,16.88,71.1,0.787,,TRAIL,2026-06-09,1167.14,2026-07-21,1205.2,30.0,2.7152,6.43
2026-06-08,NEUTRAL,13,BOT,NEW,1,CCL,Fast Moving Consumer Goods,SmallCap,KEPT,0.0,0.0,75.0,0.0,16.88,71.1,0.787,,TRAIL,2026-06-09,1167.14,2026-07-21,1205.2,30.0,2.7152,6.43
2026-06-08,NEUTRAL,13,BOT,NEW,2,IPCALAB,Healthcare,MidCap,KEPT,0.0,0.0,100.0,0.0,12.79,65.4,0.804,,,,,,,,,
2026-06-08,NEUTRAL,13,BOT,NEW,3,KIMS,Healthcare,SmallCap,KEPT,0.0,0.0,62.5,0.0,16.63,59.6,0.821,,TRAIL,2026-06-09,797.19,2026-07-07,802.36,20.0,0.3919,7.63
2026-06-08,NEUTRAL,13,BOT,NEW,4,TATATECH,Information Technology,SmallCap,KEPT,0.0,0.0,50.0,0.0,38.22,95.0,0.715,,,,,,,,,
2026-06-08,NEUTRAL,13,BOT,NEW,5,ZYDUSWELL,Fast Moving Consumer Goods,SmallCap,KEPT,0.0,0.0,100.0,0.0,39.58,51.2,0.846,,TARGET,2026-06-09,519.84,2026-07-21,592.25,30.0,11.4026,17.7
2026-06-08,NEUTRAL,13,TOP,OLD,1,DEEPAKFERT,Chemicals,SmallCap,KEPT,6.17,7.29,37.5,5.05,55.63,51.4,0.846,,,,,,,,,
2026-06-08,NEUTRAL,13,TOP,OLD,2,CHENNPETRO,Oil Gas & Consumable Fuels,SmallCap,KEPT,5.21,6.84,75.0,7.33,24.0,79.2,0.762,,,,,,,,,
2026-06-08,NEUTRAL,13,TOP,OLD,3,J&KBANK,Financial Services,SmallCap,KEPT,2.63,3.2,87.5,1.92,25.4,59.3,0.822,,,,,,,,,
2026-06-08,NEUTRAL,13,TOP,OLD,4,ASTERDM,Healthcare,SmallCap,KEPT,2.07,2.45,75.0,1.52,20.3,51.9,0.844,,,,,,,,,
2026-06-08,NEUTRAL,13,TOP,OLD,5,MAHABANK,Financial Services,MidCap,SECTOR_CAPPED,1.71,1.94,75.0,1.2,16.11,39.6,0.881,,,,,,,,,
2026-06-09,NEUTRAL,30,TOP,NEW,1,TIINDIA,Automobile and Auto Components,MidCap,KEPT,8.48,9.29,62.5,6.07,14.23,29.2,0.912,,STOP,2026-06-10,3088.29,2026-06-11,2962.36,1.0,-4.28,1.51
2026-06-09,NEUTRAL,30,TOP,NEW,2,HFCL,Telecommunication,SmallCap,KEPT,8.38,9.6,75.0,5.95,155.79,42.3,0.873,,,,,,,,,
2026-06-09,NEUTRAL,30,TOP,NEW,3,HSCL,Chemicals,SmallCap,KEPT,5.54,7.28,87.5,7.54,50.95,79.7,0.761,,,,,,,,,
2026-06-09,NEUTRAL,30,TOP,NEW,4,CHENNPETRO,Oil Gas & Consumable Fuels,SmallCap,KEPT,4.64,6.15,75.0,7.77,22.87,82.0,0.754,,,,,,,,,
2026-06-09,NEUTRAL,30,TOP,NEW,5,ABSLAMC,Financial Services,SmallCap,KEPT,3.51,3.98,100.0,2.31,15.11,39.4,0.882,,,,,,,,,
2026-06-09,NEUTRAL,30,MID,NEW,1,MAHABANK,Financial Services,MidCap,KEPT,1.12,1.45,87.5,1.2,21.74,77.0,0.769,,TRAIL,2026-06-10,83.55,2026-07-06,86.59,18.0,3.2011,13.11
2026-06-09,NEUTRAL,30,MID,NEW,2,CAPLIPOINT,Healthcare,SmallCap,KEPT,0.96,1.34,50.0,1.54,36.85,93.9,0.718,,TARGET,2026-06-10,2243.92,2026-07-22,2526.82,30.0,10.3344,20.28
2026-06-09,NEUTRAL,30,MID,NEW,3,APOLLOHOSP,Healthcare,LargeCap,KEPT,0.7,0.88,87.5,0.81,10.53,69.2,0.792,,TRAIL,2026-06-10,8471.52,2026-07-22,8927.61,30.0,4.1853,6.22
2026-06-09,NEUTRAL,30,MID,NEW,4,NETWEB,Information Technology,SmallCap,KEPT,0.52,0.58,87.5,0.35,37.6,33.1,0.901,,,,,,,,,
2026-06-09,NEUTRAL,30,MID,NEW,5,STARHEALTH,Financial Services,SmallCap,SECTOR_CAPPED,0.49,0.52,75.0,0.33,13.81,17.6,0.947,,,,,,,,,
2026-06-09,NEUTRAL,30,BOT,NEW,1,OLAELEC,Automobile and Auto Components,SmallCap,SECTOR_CAPPED,0.0,0.0,37.5,0.0,96.85,89.1,0.733,,,,,,,,,
2026-06-09,NEUTRAL,30,BOT,NEW,2,RELIANCE,Oil Gas & Consumable Fuels,LargeCap,RS_LAGGARD,0.0,0.0,25.0,0.0,-9.06,2.6,0.992,,TARGET,2026-06-10,1262.85,2026-06-24,1298.65,10.0,2.63,6.5
2026-06-09,NEUTRAL,30,BOT,NEW,3,RBLBANK,Financial Services,SmallCap,SECTOR_CAPPED,0.0,0.0,87.5,0.0,19.01,62.8,0.812,,TRAIL,2026-06-10,358.27,2026-07-01,360.86,15.0,0.4748,6.27
2026-06-09,NEUTRAL,30,BOT,NEW,4,PNB,Financial Services,LargeCap,RS_LAGGARD,0.0,0.0,37.5,0.0,-7.92,60.5,0.819,,STOP,2026-06-10,106.02,2026-07-07,103.75,19.0,-2.34,3.94
2026-06-09,NEUTRAL,30,BOT,NEW,5,UCOBANK,Financial Services,SmallCap,RS_LAGGARD,0.0,0.0,25.0,0.0,-2.52,55.8,0.833,,TARGET,2026-06-10,25.91,2026-07-22,26.55,30.0,1.816,15.94
2026-06-09,NEUTRAL,30,TOP,OLD,1,HFCL,Telecommunication,SmallCap,KEPT,8.38,9.6,75.0,5.95,155.79,42.3,0.873,,,,,,,,,
2026-06-09,NEUTRAL,30,TOP,OLD,2,TIINDIA,Automobile and Auto Components,MidCap,KEPT,8.48,9.29,62.5,6.07,14.23,29.2,0.912,,STOP,2026-06-10,3088.29,2026-06-11,2962.36,1.0,-4.28,1.51
2026-06-09,NEUTRAL,30,TOP,OLD,3,HSCL,Chemicals,SmallCap,KEPT,5.54,7.28,87.5,7.54,50.95,79.7,0.761,,,,,,,,,
2026-06-09,NEUTRAL,30,TOP,OLD,4,CHENNPETRO,Oil Gas & Consumable Fuels,SmallCap,KEPT,4.64,6.15,75.0,7.77,22.87,82.0,0.754,,,,,,,,,
2026-06-09,NEUTRAL,30,TOP,OLD,5,DEEPAKFERT,Chemicals,SmallCap,KEPT,3.34,4.39,25.0,5.47,57.9,80.0,0.76,,TRAIL,2026-06-10,1500.77,2026-07-08,1514.21,20.0,0.6289,11.18
2026-06-10,NEUTRAL,17,TOP,NEW,1,HSCL,Chemicals,SmallCap,KEPT,5.56,7.49,87.5,7.77,59.7,86.1,0.742,,,,,,,,,
2026-06-10,NEUTRAL,17,TOP,NEW,2,APARINDS,Capital Goods,MidCap,KEPT,4.29,5.26,100.0,4.22,40.92,61.4,0.816,,,,,,,,,
2026-06-10,NEUTRAL,17,TOP,NEW,3,ABSLAMC,Financial Services,SmallCap,KEPT,2.45,3.09,100.0,2.48,29.35,69.1,0.793,,STOP,2026-06-11,1077.74,2026-07-21,1053.37,28.0,-2.46,10.88
2026-06-10,NEUTRAL,17,TOP,NEW,4,BLUEDART,Services,SmallCap,RS_LAGGARD,1.77,1.83,25.0,2.72,-8.21,11.5,0.966,,TARGET,2026-06-11,4711.0,2026-07-08,4802.9,19.0,1.4,7.82
2026-06-10,NEUTRAL,17,TOP,NEW,5,ATHERENERG,Automobile and Auto Components,SmallCap,KEPT,1.56,1.89,87.5,1.57,54.9,57.4,0.828,,STOP,2026-06-11,1036.79,2026-06-17,982.91,4.0,-5.4,2.05
2026-06-10,NEUTRAL,17,MID,NEW,1,AJANTPHARM,Healthcare,MidCap,KEPT,1.2,1.32,75.0,1.0,6.76,30.5,0.908,,,,,,,,,
2026-06-10,NEUTRAL,17,MID,NEW,2,AEGISLOG,Oil Gas & Consumable Fuels,SmallCap,KEPT,1.13,1.43,37.5,1.37,25.42,68.8,0.794,,,,,,,,,
2026-06-10,NEUTRAL,17,MID,NEW,3,CAPLIPOINT,Healthcare,SmallCap,KEPT,0.94,1.3,50.0,1.5,41.04,92.9,0.721,,TARGET,2026-06-11,2297.85,2026-07-22,2526.82,29.0,8.1276,17.46
2026-06-10,NEUTRAL,17,MID,NEW,4,ASTERDM,Healthcare,SmallCap,KEPT,0.93,1.25,87.5,1.52,26.07,84.8,0.746,,TIME,2026-06-11,808.84,2026-07-23,784.3,30.0,-3.23,3.42
2026-06-10,NEUTRAL,17,MID,NEW,5,ICICIBANK,Financial Services,LargeCap,KEPT,0.82,0.97,25.0,1.11,3.21,51.5,0.846,,TARGET,2026-06-11,1275.74,2026-07-23,1422.61,30.0,9.368,15.04
2026-06-10,NEUTRAL,17,BOT,NEW,1,EMAMILTD,Fast Moving Consumer Goods,SmallCap,RS_LAGGARD,0.03,0.03,25.0,0.04,-8.84,10.5,0.969,,TARGET,2026-06-11,392.2,2026-07-23,416.25,30.0,5.93,10.91
2026-06-10,NEUTRAL,17,BOT,NEW,2,SUNDARMFIN,Financial Services,MidCap,RS_LAGGARD,0.01,0.01,25.0,0.02,-20.31,9.5,0.972,,,,,,,,,
2026-06-10,NEUTRAL,17,BOT,NEW,3,BHARATFORG,Automobile and Auto Components,MidCap,KEPT,0.0,0.0,75.0,0.0,6.71,29.4,0.912,,TARGET,2026-06-11,1933.59,2026-06-30,2075.55,13.0,6.5712,15.39
2026-06-10,NEUTRAL,17,BOT,NEW,4,CCL,Fast Moving Consumer Goods,SmallCap,KEPT,0.0,0.0,62.5,0.0,17.75,74.8,0.776,,TRAIL,2026-06-11,1185.1,2026-07-23,1185.3,30.0,-0.18,4.82
2026-06-10,NEUTRAL,17,BOT,NEW,5,DOMS,Fast Moving Consumer Goods,SmallCap,KEPT,0.0,0.0,12.5,0.0,3.12,4.9,0.985,,TARGET,2026-06-11,2104.52,2026-07-23,2215.6,30.0,4.2894,13.99
2026-06-10,NEUTRAL,17,TOP,OLD,1,HSCL,Chemicals,SmallCap,KEPT,5.56,7.49,87.5,7.77,59.7,86.1,0.742,,,,,,,,,
2026-06-10,NEUTRAL,17,TOP,OLD,2,APARINDS,Capital Goods,MidCap,KEPT,4.29,5.26,100.0,4.22,40.92,61.4,0.816,,,,,,,,,
2026-06-10,NEUTRAL,17,TOP,OLD,3,ABSLAMC,Financial Services,SmallCap,KEPT,2.45,3.09,100.0,2.48,29.35,69.1,0.793,,STOP,2026-06-11,1077.74,2026-07-21,1053.37,28.0,-2.46,10.88
2026-06-10,NEUTRAL,17,TOP,OLD,4,ATHERENERG,Automobile and Auto Components,SmallCap,KEPT,1.56,1.89,87.5,1.57,54.9,57.4,0.828,,STOP,2026-06-11,1036.79,2026-06-17,982.91,4.0,-5.4,2.05
2026-06-10,NEUTRAL,17,TOP,OLD,5,BLUEDART,Services,SmallCap,RS_LAGGARD,1.77,1.83,25.0,2.72,-8.21,11.5,0.966,,TARGET,2026-06-11,4711.0,2026-07-08,4802.9,19.0,1.4,7.82
2026-06-11,RISK-OFF,17,TOP,NEW,1,NEULANDLAB,Healthcare,SmallCap,KEPT,6.11,6.58,75.0,4.08,36.37,23.7,0.929,,,,,,,,,
2026-06-11,RISK-OFF,17,TOP,NEW,2,APARINDS,Capital Goods,MidCap,KEPT,4.02,5.12,87.5,4.24,47.2,71.7,0.785,,,,,,,,,
2026-06-11,RISK-OFF,17,TOP,NEW,3,ABDL,Fast Moving Consumer Goods,SmallCap,KEPT,3.84,4.93,50.0,4.55,33.93,73.9,0.778,,,,,,,,,
2026-06-11,RISK-OFF,17,TOP,NEW,4,VTL,Textiles,SmallCap,KEPT,3.66,3.89,75.0,2.41,15.15,19.5,0.942,,,,,,,,,
2026-06-11,RISK-OFF,17,TOP,NEW,5,ACE,Capital Goods,SmallCap,KEPT,2.83,3.04,25.0,2.79,5.38,22.8,0.932,,,,,,,,,
2026-06-11,RISK-OFF,17,MID,NEW,1,TEJASNET,Telecommunication,SmallCap,KEPT,1.42,1.7,37.5,1.39,25.12,54.0,0.838,,,,,,,,,
2026-06-11,RISK-OFF,17,MID,NEW,2,BALRAMCHIN,Fast Moving Consumer Goods,SmallCap,KEPT,1.3,1.47,62.5,1.07,9.94,37.9,0.886,,TARGET,2026-06-12,545.81,2026-07-24,610.15,30.0,9.9779,17.61
2026-06-11,RISK-OFF,17,MID,NEW,3,AJANTPHARM,Healthcare,MidCap,KEPT,1.19,1.39,87.5,1.03,6.42,48.2,0.855,,TARGET,2026-06-12,3099.29,2026-07-24,3338.91,30.0,6.1234,15.06
2026-06-11,RISK-OFF,17,MID,NEW,4,JSWSTEEL,Metals & Mining,LargeCap,KEPT,0.98,1.01,75.0,0.76,7.23,10.7,0.968,,,,,,,,,
2026-06-11,RISK-OFF,17,MID,NEW,5,AEGISLOG,Oil Gas & Consumable Fuels,SmallCap,KEPT,0.74,1.03,50.0,1.19,44.88,94.5,0.717,,TARGET,2026-06-12,916.39,2026-07-24,1349.6,30.0,41.0839,56.54
2026-06-11,RISK-OFF,17,BOT,NEW,1,DOMS,Fast Moving Consumer Goods,SmallCap,KEPT,0.0,0.0,25.0,0.0,11.34,43.7,0.869,,,,,,,,,
2026-06-11,RISK-OFF,17,BOT,NEW,2,RBLBANK,Financial Services,SmallCap,KEPT,0.0,0.0,87.5,0.0,18.07,45.5,0.863,,TRAIL,2026-06-12,356.38,2026-07-01,360.86,13.0,0.9678,6.83
2026-06-11,RISK-OFF,17,BOT,NEW,3,POLYMED,Healthcare,SmallCap,SECTOR_CAPPED,0.0,0.0,25.0,0.0,16.85,33.7,0.899,,TARGET,2026-06-12,1468.5,2026-07-08,1606.59,18.0,9.2,20.76
2026-06-11,RISK-OFF,17,BOT,NEW,4,WOCKPHARMA,Healthcare,SmallCap,SECTOR_CAPPED,0.0,0.0,62.5,0.0,46.56,33.9,0.898,,,,,,,,,
2026-06-11,RISK-OFF,17,BOT,NEW,5,ZEEL,Media Entertainment & Publication,SmallCap,KEPT,0.0,0.0,37.5,0.0,40.25,68.4,0.795,,,,,,,,,
2026-06-11,RISK-OFF,17,TOP,OLD,1,NEULANDLAB,Healthcare,SmallCap,KEPT,6.11,6.58,75.0,4.08,36.37,23.7,0.929,,,,,,,,,
2026-06-11,RISK-OFF,17,TOP,OLD,2,APARINDS,Capital Goods,MidCap,KEPT,4.02,5.12,87.5,4.24,47.2,71.7,0.785,,,,,,,,,
2026-06-11,RISK-OFF,17,TOP,OLD,3,ABDL,Fast Moving Consumer Goods,SmallCap,KEPT,3.84,4.93,50.0,4.55,33.93,73.9,0.778,,,,,,,,,
2026-06-11,RISK-OFF,17,TOP,OLD,4,VTL,Textiles,SmallCap,KEPT,3.66,3.89,75.0,2.41,15.15,19.5,0.942,,,,,,,,,
2026-06-11,RISK-OFF,17,TOP,OLD,5,ACE,Capital Goods,SmallCap,KEPT,2.83,3.04,25.0,2.79,5.38,22.8,0.932,,,,,,,,,
2026-06-12,NEUTRAL,43,TOP,NEW,1,JBMA,Automobile and Auto Components,SmallCap,KEPT,9.92,11.17,62.5,7.18,31.13,37.2,0.888,,,,,,,,,
2026-06-12,NEUTRAL,43,TOP,NEW,2,LLOYDSME,Metals & Mining,MidCap,KEPT,5.68,5.96,75.0,3.69,46.23,15.6,0.953,,,,,,,,,
2026-06-12,NEUTRAL,43,TOP,NEW,3,RKFORGE,Automobile and Auto Components,SmallCap,SECTOR_CAPPED,4.12,5.02,50.0,5.14,4.43,59.5,0.822,,TRAIL,2026-06-15,589.24,2026-07-27,625.45,30.0,4.8022,7.86
2026-06-12,NEUTRAL,43,TOP,NEW,4,CARBORUNIV,Capital Goods,SmallCap,KEPT,4.07,4.32,87.5,2.59,31.33,19.4,0.942,,,,,,,,,
2026-06-12,NEUTRAL,43,TOP,NEW,5,IFCI,Financial Services,SmallCap,KEPT,3.82,4.86,87.5,4.75,55.29,71.6,0.785,,,,,,,,,
2026-06-12,NEUTRAL,43,MID,NEW,1,KARURVYSYA,Financial Services,SmallCap,RS_LAGGARD,0.95,1.03,50.0,1.39,-7.71,26.9,0.919,,,,,,,,,
2026-06-12,NEUTRAL,43,MID,NEW,2,DALBHARAT,Construction Materials,MidCap,RS_LAGGARD,0.91,0.93,25.0,1.74,-12.73,5.7,0.983,,,,,,,,,
2026-06-12,NEUTRAL,43,MID,NEW,3,AAVAS,Financial Services,SmallCap,SECTOR_CAPPED,0.86,1.05,25.0,0.78,13.54,59.1,0.823,,STOP,2026-06-15,1398.67,2026-06-22,1360.0,5.0,-2.96,6.39
2026-06-12,NEUTRAL,43,MID,NEW,4,CAPLIPOINT,Healthcare,SmallCap,KEPT,0.85,1.21,50.0,1.65,40.79,98.4,0.705,,TRAIL,2026-06-15,2395.76,2026-07-22,2526.82,27.0,4.3886,12.66
2026-06-12,NEUTRAL,43,MID,NEW,5,KPRMILL,Textiles,MidCap,KEPT,0.82,0.95,50.0,0.63,28.97,46.2,0.861,,,,,,,,,
2026-06-12,NEUTRAL,43,BOT,NEW,1,RBLBANK,Financial Services,SmallCap,SECTOR_CAPPED,0.0,0.0,87.5,0.0,20.43,61.1,0.817,,,,,,,,,
2026-06-12,NEUTRAL,43,BOT,NEW,2,SHRIRAMFIN,Financial Services,LargeCap,RS_LAGGARD,0.0,0.0,62.5,0.0,-9.9,39.2,0.882,,,,,,,,,
2026-06-12,NEUTRAL,43,BOT,NEW,3,TTML,Telecommunication,SmallCap,KEPT,0.0,0.0,37.5,0.0,16.71,48.8,0.854,,STOP,2026-06-15,46.21,2026-07-07,41.59,16.0,-10.2,2.95
2026-06-12,NEUTRAL,43,BOT,NEW,4,UCOBANK,Financial Services,SmallCap,RS_LAGGARD,0.0,0.0,25.0,0.0,-2.37,42.5,0.873,,,,,,,,,
2026-06-12,NEUTRAL,43,BOT,NEW,5,ZENTEC,Capital Goods,SmallCap,SECTOR_CAPPED,0.0,0.0,62.5,0.0,24.88,44.7,0.866,,,,,,,,,
2026-06-12,NEUTRAL,43,TOP,OLD,1,JBMA,Automobile and Auto Components,SmallCap,KEPT,9.92,11.17,62.5,7.18,31.13,37.2,0.888,,,,,,,,,
2026-06-12,NEUTRAL,43,TOP,OLD,2,LLOYDSME,Metals & Mining,MidCap,KEPT,5.68,5.96,75.0,3.69,46.23,15.6,0.953,,,,,,,,,
2026-06-12,NEUTRAL,43,TOP,OLD,3,RKFORGE,Automobile and Auto Components,SmallCap,SECTOR_CAPPED,4.12,5.02,50.0,5.14,4.43,59.5,0.822,,TRAIL,2026-06-15,589.24,2026-07-27,625.45,30.0,4.8022,7.86
2026-06-12,NEUTRAL,43,TOP,OLD,4,IFCI,Financial Services,SmallCap,KEPT,3.82,4.86,87.5,4.75,55.29,71.6,0.785,,,,,,,,,
2026-06-12,NEUTRAL,43,TOP,OLD,5,DEEPAKFERT,Chemicals,SmallCap,KEPT,3.54,4.65,62.5,5.17,53.49,79.4,0.762,,STOP,2026-06-15,1536.35,2026-07-08,1514.21,17.0,-1.64,8.61
2026-06-15,NEUTRAL,54,TOP,NEW,1,ANGELONE,Financial Services,SmallCap,KEPT,12.35,15.15,75.0,13.0,64.1,61.5,0.816,,,,,,,,,
2026-06-15,NEUTRAL,54,TOP,NEW,2,CHENNPETRO,Oil Gas & Consumable Fuels,SmallCap,KEPT,7.6,9.22,75.0,6.73,26.83,58.7,0.824,,,,,,,,,
2026-06-15,NEUTRAL,54,TOP,NEW,3,HEG,Capital Goods,SmallCap,KEPT,6.95,7.29,37.5,7.07,2.12,15.6,0.953,,TARGET,2026-06-16,537.15,2026-07-28,651.05,30.0,17.1638,25.83
2026-06-15,NEUTRAL,54,TOP,NEW,4,RADICO,Fast Moving Consumer Goods,MidCap,KEPT,5.28,6.03,87.5,3.61,23.25,41.5,0.876,,TARGET,2026-06-16,3566.13,2026-07-28,4289.7,30.0,16.072,21.98
2026-06-15,NEUTRAL,54,TOP,NEW,5,SCI,Services,SmallCap,KEPT,3.76,4.11,62.5,2.64,21.5,28.4,0.915,,STOP,2026-06-16,309.2,2026-06-30,303.89,10.0,-1.92,6.73
2026-06-15,NEUTRAL,54,MID,NEW,1,AEGISLOG,Oil Gas & Consumable Fuels,SmallCap,KEPT,0.84,1.19,50.0,1.37,52.01,98.0,0.706,,TARGET,2026-06-16,974.19,2026-07-28,1270.4,30.0,26.3681,47.25
2026-06-15,NEUTRAL,54,MID,NEW,2,AARTIIND,Chemicals,SmallCap,KEPT,0.82,1.05,87.5,0.72,9.19,72.7,0.782,,TIME,2026-06-16,495.55,2026-07-28,476.75,30.0,-3.99,3.1
2026-06-15,NEUTRAL,54,MID,NEW,3,SBICARD,Financial Services,MidCap,RS_LAGGARD,0.82,0.89,37.5,1.84,-17.85,26.8,0.92,,,,,,,,,
2026-06-15,NEUTRAL,54,MID,NEW,4,MUTHOOTFIN,Financial Services,LargeCap,RS_LAGGARD,0.78,0.86,25.0,1.08,-4.22,29.8,0.911,,,,,,,,,
2026-06-15,NEUTRAL,54,MID,NEW,5,CRAFTSMAN,Automobile and Auto Components,SmallCap,SECTOR_CAPPED,0.71,0.86,87.5,0.6,25.0,56.8,0.83,,TRAIL,2026-06-16,9278.99,2026-07-28,9290.0,30.0,-0.08,6.97
2026-06-15,NEUTRAL,54,BOT,NEW,1,PHOENIXLTD,Realty,MidCap,KEPT,0.0,0.0,87.5,0.0,14.76,61.3,0.816,,,,,,,,,
2026-06-15,NEUTRAL,54,BOT,NEW,2,SBILIFE,Financial Services,LargeCap,RS_LAGGARD,0.0,0.0,25.0,0.0,-11.73,7.2,0.978,,,,,,,,,
2026-06-15,NEUTRAL,54,BOT,NEW,3,RBLBANK,Financial Services,SmallCap,SECTOR_CAPPED,0.0,0.0,87.5,0.0,21.85,76.8,0.77,,STOP,2026-06-16,369.83,2026-07-01,360.86,11.0,-2.63,2.94
2026-06-15,NEUTRAL,54,BOT,NEW,4,THELEELA,Consumer Services,SmallCap,KEPT,0.0,0.0,37.5,0.0,2.57,84.7,0.746,,TRAIL,2026-06-16,455.91,2026-07-28,475.6,30.0,3.504,12.08
2026-06-15,NEUTRAL,54,BOT,NEW,5,WELSPUNLIV,Textiles,SmallCap,KEPT,0.0,0.0,62.5,0.0,22.64,40.6,0.878,,,,,,,,,
2026-06-15,NEUTRAL,54,TOP,OLD,1,ANGELONE,Financial Services,SmallCap,KEPT,12.35,15.15,75.0,13.0,64.1,61.5,0.816,,,,,,,,,
2026-06-15,NEUTRAL,54,TOP,OLD,2,CHENNPETRO,Oil Gas & Consumable Fuels,SmallCap,KEPT,7.6,9.22,75.0,6.73,26.83,58.7,0.824,,,,,,,,,
2026-06-15,NEUTRAL,54,TOP,OLD,3,HEG,Capital Goods,SmallCap,KEPT,6.95,7.29,37.5,7.07,2.12,15.6,0.953,,TARGET,2026-06-16,537.15,2026-07-28,651.05,30.0,17.1638,25.83
2026-06-15,NEUTRAL,54,TOP,OLD,4,RADICO,Fast Moving Consumer Goods,MidCap,KEPT,5.28,6.03,87.5,3.61,23.25,41.5,0.876,,TARGET,2026-06-16,3566.13,2026-07-28,4289.7,30.0,16.072,21.98
2026-06-15,NEUTRAL,54,TOP,OLD,5,SCI,Services,SmallCap,KEPT,3.76,4.11,62.5,2.64,21.5,28.4,0.915,,STOP,2026-06-16,309.2,2026-06-30,303.89,10.0,-1.92,6.73
2026-06-16,NEUTRAL,36,TOP,NEW,1,BAJAJFINSV,Financial Services,LargeCap,RS_LAGGARD,5.03,5.96,37.5,6.52,-1.5,52.1,0.844,,STOP,2026-06-17,1776.85,2026-07-01,1742.94,10.0,-2.11,1.25
2026-06-16,NEUTRAL,36,TOP,NEW,2,TITAGARH,Capital Goods,SmallCap,KEPT,4.75,5.97,50.0,4.68,35.56,68.0,0.796,,STOP,2026-06-17,889.98,2026-07-08,822.59,15.0,-7.77,9.1
2026-06-16,NEUTRAL,36,TOP,NEW,3,JKCEMENT,Construction Materials,MidCap,KEPT,3.48,4.15,25.0,4.22,1.91,54.2,0.837,,STOP,2026-06-17,5267.82,2026-06-29,5260.36,8.0,-0.34,6.44
2026-06-16,NEUTRAL,36,TOP,NEW,4,FACT,Chemicals,SmallCap,KEPT,3.15,4.24,62.5,4.96,12.85,85.6,0.743,,STOP,2026-06-17,990.8,2026-06-19,891.72,2.0,-10.2,0.42
2026-06-16,NEUTRAL,36,TOP,NEW,5,APARINDS,Capital Goods,MidCap,SECTOR_CAPPED,2.86,3.97,87.5,4.84,75.53,93.1,0.721,,,,,,,,,
2026-06-16,NEUTRAL,36,MID,NEW,1,SBICARD,Financial Services,MidCap,RS_LAGGARD,0.76,0.89,37.5,1.84,-16.14,48.3,0.855,,,,,,,,,
2026-06-16,NEUTRAL,36,MID,NEW,2,TIMKEN,Capital Goods,SmallCap,KEPT,0.62,0.68,75.0,0.61,1.15,28.1,0.916,,,,,,,,,
2026-06-16,NEUTRAL,36,MID,NEW,3,CIEINDIA,Automobile and Auto Components,SmallCap,RS_LAGGARD,0.23,0.28,75.0,0.31,-0.08,55.9,0.832,,STOP,2026-06-17,467.0,2026-07-23,445.51,26.0,-4.8,3.53
2026-06-16,NEUTRAL,36,MID,NEW,4,NETWEB,Information Technology,SmallCap,KEPT,0.14,0.18,75.0,0.16,49.46,72.7,0.782,,,,,,,,,
2026-06-16,NEUTRAL,36,MID,NEW,5,AWL,Fast Moving Consumer Goods,MidCap,KEPT,0.0,0.0,25.0,0.0,9.77,45.9,0.862,,STOP,2026-06-17,195.26,2026-06-24,182.23,5.0,-6.87,1.02
2026-06-16,NEUTRAL,36,BOT,NEW,1,ONGC,Oil Gas & Consumable Fuels,LargeCap,RS_LAGGARD,0.0,0.0,50.0,0.0,-10.35,2.3,0.993,,STOP,2026-06-17,246.0,2026-06-24,241.12,5.0,-2.18,0.71
2026-06-16,NEUTRAL,36,BOT,NEW,2,PHOENIXLTD,Realty,MidCap,KEPT,0.0,0.0,87.5,0.0,15.41,66.4,0.801,,,,,,,,,
2026-06-16,NEUTRAL,36,BOT,NEW,3,RELIANCE,Oil Gas & Consumable Fuels,LargeCap,RS_LAGGARD,0.0,0.0,25.0,0.0,-7.65,40.1,0.88,,STOP,2026-06-17,1322.16,2026-06-24,1298.65,5.0,-1.98,1.72
2026-06-16,NEUTRAL,36,BOT,NEW,4,UNITDSPR,Fast Moving Consumer Goods,LargeCap,RS_LAGGARD,-0.0,-0.0,25.0,-0.0,-5.5,44.5,0.867,,,,,,,,,
2026-06-16,NEUTRAL,36,BOT,NEW,5,ZENTEC,Capital Goods,SmallCap,SECTOR_CAPPED,0.0,0.0,50.0,0.0,31.57,63.7,0.809,,,,,,,,,
2026-06-16,NEUTRAL,36,TOP,OLD,1,TITAGARH,Capital Goods,SmallCap,KEPT,4.75,5.97,50.0,4.68,35.56,68.0,0.796,,STOP,2026-06-17,889.98,2026-07-08,822.59,15.0,-7.77,9.1
2026-06-16,NEUTRAL,36,TOP,OLD,2,BAJAJFINSV,Financial Services,LargeCap,RS_LAGGARD,5.03,5.96,37.5,6.52,-1.5,52.1,0.844,,STOP,2026-06-17,1776.85,2026-07-01,1742.94,10.0,-2.11,1.25
2026-06-16,NEUTRAL,36,TOP,OLD,3,FACT,Chemicals,SmallCap,KEPT,3.15,4.24,62.5,4.96,12.85,85.6,0.743,,STOP,2026-06-17,990.8,2026-06-19,891.72,2.0,-10.2,0.42
2026-06-16,NEUTRAL,36,TOP,OLD,4,JKCEMENT,Construction Materials,MidCap,KEPT,3.48,4.15,25.0,4.22,1.91,54.2,0.837,,STOP,2026-06-17,5267.82,2026-06-29,5260.36,8.0,-0.34,6.44
2026-06-16,NEUTRAL,36,TOP,OLD,5,APARINDS,Capital Goods,MidCap,SECTOR_CAPPED,2.86,3.97,87.5,4.84,75.53,93.1,0.721,,,,,,,,,
2026-06-17,RISK-ON,43,TOP,NEW,1,GRSE,Capital Goods,SmallCap,SECTOR_CAPPED,8.89,11.03,50.0,8.65,16.76,64.7,0.806,,STOP,2026-06-18,2804.31,2026-07-08,2618.48,14.0,-6.83,4.65
2026-06-17,RISK-ON,43,TOP,NEW,2,KIRLOSENG,Capital Goods,SmallCap,SECTOR_CAPPED,8.72,11.14,100.0,7.6,29.73,72.3,0.783,,TARGET,2026-06-18,1974.58,2026-07-30,2128.4,30.0,6.2362,37.46
2026-06-17,RISK-ON,43,TOP,NEW,3,HSCL,Chemicals,SmallCap,KEPT,7.38,9.09,87.5,7.54,53.71,62.8,0.812,,,,,,,,,
2026-06-17,RISK-ON,43,TOP,NEW,4,POLYCAB,Capital Goods,MidCap,KEPT,5.54,6.82,87.5,5.65,33.74,62.4,0.813,,,,,,,,,
2026-06-17,RISK-ON,43,TOP,NEW,5,MAZDOCK,Capital Goods,LargeCap,KEPT,4.52,5.62,25.0,6.32,3.92,65.4,0.804,,STOP,2026-06-18,2535.06,2026-07-09,2416.56,15.0,-4.87,2.26
2026-06-17,RISK-ON,43,MID,NEW,1,VBL,Fast Moving Consumer Goods,LargeCap,KEPT,1.85,2.15,75.0,1.57,28.38,46.1,0.862,,,,,,,,,
2026-06-17,RISK-ON,43,MID,NEW,2,KFINTECH,Financial Services,SmallCap,SECTOR_CAPPED,1.84,2.33,25.0,3.68,-5.86,70.8,0.788,,STOP,2026-06-18,882.02,2026-07-08,827.52,14.0,-6.38,3.81
2026-06-17,RISK-ON,43,MID,NEW,3,KEI,Capital Goods,MidCap,SECTOR_CAPPED,1.77,2.27,87.5,1.89,29.67,73.8,0.779,,STOP,2026-06-18,5615.28,2026-06-25,5369.69,5.0,-4.57,1.65
2026-06-17,RISK-ON,43,MID,NEW,4,NBCC,Construction,SmallCap,KEPT,1.52,2.04,37.5,1.96,30.6,85.2,0.744,,STOP,2026-06-18,111.5,2026-07-06,100.35,12.0,-10.2,1.8
2026-06-17,RISK-ON,43,MID,NEW,5,YESBANK,Financial Services,MidCap,SECTOR_CAPPED,1.33,1.8,87.5,2.2,29.9,87.2,0.738,,,,,,,,,
2026-06-17,RISK-ON,43,BOT,NEW,1,ICICIPRULI,Financial Services,MidCap,SECTOR_CAPPED,0.0,0.0,37.5,0.0,-18.98,47.1,0.859,,,,,,,,,
2026-06-17,RISK-ON,43,BOT,NEW,2,KIMS,Healthcare,SmallCap,KEPT,0.0,0.0,75.0,0.0,17.73,46.2,0.861,,TRAIL,2026-06-18,792.42,2026-07-07,802.36,13.0,0.9143,8.28
2026-06-17,RISK-ON,43,BOT,NEW,3,JINDALSAW,Capital Goods,SmallCap,SECTOR_CAPPED,0.0,0.0,87.5,0.0,27.1,72.7,0.782,,TIME,2026-06-18,257.19,2026-07-30,254.3,30.0,-1.32,8.46
2026-06-17,RISK-ON,43,BOT,NEW,4,LALPATHLAB,Healthcare,SmallCap,KEPT,0.0,0.0,87.5,0.0,17.64,41.4,0.876,,,,,,,,,
2026-06-17,RISK-ON,43,BOT,NEW,5,ZENTEC,Capital Goods,SmallCap,SECTOR_CAPPED,0.0,0.0,62.5,0.0,27.71,75.3,0.774,,,,,,,,,
2026-06-17,RISK-ON,43,TOP,OLD,1,KIRLOSENG,Capital Goods,SmallCap,SECTOR_CAPPED,8.72,11.14,100.0,7.6,29.73,72.3,0.783,,TARGET,2026-06-18,1974.58,2026-07-30,2128.4,30.0,6.2362,37.46
2026-06-17,RISK-ON,43,TOP,OLD,2,GRSE,Capital Goods,SmallCap,SECTOR_CAPPED,8.89,11.03,50.0,8.65,16.76,64.7,0.806,,STOP,2026-06-18,2804.31,2026-07-08,2618.48,14.0,-6.83,4.65
2026-06-17,RISK-ON,43,TOP,OLD,3,HSCL,Chemicals,SmallCap,KEPT,7.38,9.09,87.5,7.54,53.71,62.8,0.812,,,,,,,,,
2026-06-17,RISK-ON,43,TOP,OLD,4,POLYCAB,Capital Goods,MidCap,KEPT,5.54,6.82,87.5,5.65,33.74,62.4,0.813,,,,,,,,,
2026-06-17,RISK-ON,43,TOP,OLD,5,MAZDOCK,Capital Goods,LargeCap,KEPT,4.52,5.62,25.0,6.32,3.92,65.4,0.804,,STOP,2026-06-18,2535.06,2026-07-09,2416.56,15.0,-4.87,2.26
2026-06-18,RISK-ON,45,TOP,NEW,1,ANGELONE,Financial Services,SmallCap,KEPT,13.44,16.46,87.5,13.66,55.3,61.2,0.816,,,,,,,,,
2026-06-18,RISK-ON,45,TOP,NEW,2,BSE,Financial Services,MidCap,SECTOR_CAPPED,12.53,13.21,87.5,7.91,26.52,17.1,0.949,,STOP,2026-06-19,3980.51,2026-07-06,3738.97,11.0,-6.27,2.2
2026-06-18,RISK-ON,45,TOP,NEW,3,ADANIPOWER,Power,LargeCap,KEPT,9.34,10.26,75.0,6.36,39.7,29.9,0.91,,STOP,2026-06-19,229.42,2026-07-07,217.44,12.0,-5.42,2.65
2026-06-18,RISK-ON,45,TOP,NEW,4,JBMA,Automobile and Auto Components,SmallCap,KEPT,8.28,10.38,62.5,7.85,35.05,67.5,0.797,,STOP,2026-06-19,702.97,2026-07-07,670.43,12.0,-4.83,5.05
2026-06-18,RISK-ON,45,TOP,NEW,5,FLUOROCHEM,Chemicals,MidCap,KEPT,7.44,8.88,87.5,6.26,19.79,54.2,0.837,,TARGET,2026-06-19,3818.31,2026-07-31,4366.8,30.0,11.5728,21.87
2026-06-18,RISK-ON,45,MID,NEW,1,LINDEINDIA,Chemicals,MidCap,KEPT,1.36,1.62,75.0,2.18,-9.19,52.7,0.842,,STOP,2026-06-19,7226.87,2026-07-22,6859.68,23.0,-5.28,4.57
2026-06-18,RISK-ON,45,MID,NEW,2,YESBANK,Financial Services,MidCap,SECTOR_CAPPED,1.34,1.84,87.5,2.24,28.21,90.1,0.73,,STOP,2026-06-19,25.35,2026-07-20,22.82,21.0,-10.2,0.98
2026-06-18,RISK-ON,45,MID,NEW,3,OLECTRA,Automobile and Auto Components,SmallCap,KEPT,1.27,1.72,25.0,1.72,51.62,87.7,0.737,,STOP,2026-06-19,1439.37,2026-07-07,1437.35,12.0,-0.34,8.1
2026-06-18,RISK-ON,45,MID,NEW,4,BLUESTARCO,Consumer Durables,MidCap,KEPT,1.17,1.48,25.0,3.63,-14.49,70.8,0.788,,STOP,2026-06-19,1689.48,2026-07-01,1592.29,8.0,-5.95,1.17
2026-06-18,RISK-ON,45,MID,NEW,5,ENGINERSIN,Construction,SmallCap,KEPT,0.66,0.85,62.5,0.76,25.17,76.0,0.772,,,,,,,,,
2026-06-18,RISK-ON,45,BOT,NEW,1,NIVABUPA,Financial Services,SmallCap,SECTOR_CAPPED,0.0,0.0,87.5,0.0,13.06,53.7,0.839,,STOP,2026-06-19,86.65,2026-07-22,84.99,23.0,-2.12,3.47
2026-06-18,RISK-ON,45,BOT,NEW,2,NYKAA,Consumer Services,MidCap,KEPT,0.0,0.0,75.0,0.0,15.72,88.0,0.736,,,,,,,,,
2026-06-18,RISK-ON,45,BOT,NEW,3,WELSPUNLIV,Textiles,SmallCap,KEPT,0.0,0.0,75.0,0.0,40.93,91.4,0.726,,STOP,2026-06-19,161.9,2026-07-17,160.21,20.0,-1.25,8.07
2026-06-18,RISK-ON,45,BOT,NEW,4,ZENTEC,Capital Goods,SmallCap,SECTOR_CAPPED,0.0,0.0,62.5,0.0,26.95,84.6,0.746,,,,,,,,,
2026-06-18,RISK-ON,45,BOT,NEW,5,ZFCVINDIA,Automobile and Auto Components,SmallCap,SECTOR_CAPPED,0.0,0.0,87.5,0.0,6.08,64.7,0.806,,,,,,,,,
2026-06-18,RISK-ON,45,TOP,OLD,1,ANGELONE,Financial Services,SmallCap,KEPT,13.44,16.46,87.5,13.66,55.3,61.2,0.816,,,,,,,,,
2026-06-18,RISK-ON,45,TOP,OLD,2,BSE,Financial Services,MidCap,SECTOR_CAPPED,12.53,13.21,87.5,7.91,26.52,17.1,0.949,,STOP,2026-06-19,3980.51,2026-07-06,3738.97,11.0,-6.27,2.2
2026-06-18,RISK-ON,45,TOP,OLD,3,JBMA,Automobile and Auto Components,SmallCap,KEPT,8.28,10.38,62.5,7.85,35.05,67.5,0.797,,STOP,2026-06-19,702.97,2026-07-07,670.43,12.0,-4.83,5.05
2026-06-18,RISK-ON,45,TOP,OLD,4,ADANIPOWER,Power,LargeCap,KEPT,9.34,10.26,75.0,6.36,39.7,29.9,0.91,,STOP,2026-06-19,229.42,2026-07-07,217.44,12.0,-5.42,2.65
2026-06-18,RISK-ON,45,TOP,OLD,5,FLUOROCHEM,Chemicals,MidCap,KEPT,7.44,8.88,87.5,6.26,19.79,54.2,0.837,,TARGET,2026-06-19,3818.31,2026-07-31,4366.8,30.0,11.5728,21.87
2026-06-19,RISK-ON,63,TOP,NEW,1,ADANIPOWER,Power,LargeCap,KEPT,10.12,10.95,75.0,6.79,42.77,25.4,0.924,,,,,,,,,
2026-06-19,RISK-ON,63,TOP,NEW,2,ADANIENT,Metals & Mining,LargeCap,KEPT,9.33,11.25,87.5,9.33,43.79,56.8,0.83,,TRAIL,2026-06-22,3023.21,2026-08-03,3068.0,30.0,1.034,7.34
2026-06-19,RISK-ON,63,TOP,NEW,3,FLUOROCHEM,Chemicals,MidCap,KEPT,7.57,9.12,87.5,6.5,14.53,56.6,0.83,,TARGET,2026-06-22,3820.7,2026-08-03,4483.5,30.0,14.0164,21.79
2026-06-19,RISK-ON,63,TOP,NEW,4,JBMA,Automobile and Auto Components,SmallCap,KEPT,7.18,9.11,62.5,8.1,16.72,70.8,0.788,,,,,,,,,
2026-06-19,RISK-ON,63,TOP,NEW,5,IFCI,Financial Services,SmallCap,KEPT,5.26,6.25,75.0,4.56,45.19,53.0,0.841,,,,,,,,,
2026-06-19,RISK-ON,63,MID,NEW,1,NAM-INDIA,Financial Services,MidCap,SECTOR_CAPPED,0.42,0.54,100.0,0.43,26.49,75.5,0.774,,,,,,,,,
2026-06-19,RISK-ON,63,MID,NEW,2,REDINGTON,Services,SmallCap,KEPT,0.39,0.53,37.5,0.66,13.76,90.1,0.73,,,,,,,,,
2026-06-19,RISK-ON,63,MID,NEW,3,STARHEALTH,Financial Services,SmallCap,SECTOR_CAPPED,0.37,0.51,87.5,0.53,18.02,88.5,0.734,,,,,,,,,
2026-06-19,RISK-ON,63,MID,NEW,4,RAINBOW,Healthcare,SmallCap,SECTOR_CAPPED,0.26,0.35,75.0,0.33,23.21,81.8,0.755,,STOP,2026-06-22,1460.01,2026-06-29,1403.12,5.0,-4.1,1.66
2026-06-19,RISK-ON,63,MID,NEW,5,TITAN,Consumer Durables,LargeCap,KEPT,0.1,0.12,75.0,0.13,-1.03,67.4,0.798,,,,,,,,,
2026-06-19,RISK-ON,63,BOT,NEW,1,SCHAEFFLER,Automobile and Auto Components,MidCap,SECTOR_CAPPED,0.0,0.0,75.0,0.0,0.04,64.7,0.806,,TIME,2026-06-22,4308.25,2026-08-03,4069.2,30.0,-5.75,2.8
2026-06-19,RISK-ON,63,BOT,NEW,2,THELEELA,Consumer Services,SmallCap,KEPT,0.0,0.0,50.0,0.0,13.52,93.8,0.719,,TRAIL,2026-06-22,491.73,2026-08-03,501.8,30.0,1.5734,5.33
2026-06-19,RISK-ON,63,BOT,NEW,3,ZEEL,Media Entertainment & Publication,SmallCap,KEPT,0.0,0.0,37.5,0.0,39.8,59.2,0.822,,,,,,,,,
2026-06-19,RISK-ON,63,BOT,NEW,4,ZENTEC,Capital Goods,SmallCap,SECTOR_CAPPED,0.0,0.0,62.5,0.0,30.33,88.1,0.736,,,,,,,,,
2026-06-19,RISK-ON,63,BOT,NEW,5,ZFCVINDIA,Automobile and Auto Components,SmallCap,SECTOR_CAPPED,0.0,0.0,87.5,0.0,7.47,73.0,0.781,,STOP,2026-06-22,2614.81,2026-07-01,2495.9,7.0,-4.75,16.21
2026-06-19,RISK-ON,63,TOP,OLD,1,ADANIENT,Metals & Mining,LargeCap,KEPT,9.33,11.25,87.5,9.33,43.79,56.8,0.83,,TRAIL,2026-06-22,3023.21,2026-08-03,3068.0,30.0,1.034,7.34
2026-06-19,RISK-ON,63,TOP,OLD,2,ADANIPOWER,Power,LargeCap,KEPT,10.12,10.95,75.0,6.79,42.77,25.4,0.924,,,,,,,,,
2026-06-19,RISK-ON,63,TOP,OLD,3,FLUOROCHEM,Chemicals,MidCap,KEPT,7.57,9.12,87.5,6.5,14.53,56.6,0.83,,TARGET,2026-06-22,3820.7,2026-08-03,4483.5,30.0,14.0164,21.79
2026-06-19,RISK-ON,63,TOP,OLD,4,JBMA,Automobile and Auto Components,SmallCap,KEPT,7.18,9.11,62.5,8.1,16.72,70.8,0.788,,,,,,,,,
2026-06-19,RISK-ON,63,TOP,OLD,5,ANANDRATHI,Financial Services,SmallCap,KEPT,5.09,6.41,75.0,5.56,14.49,68.5,0.794,,,,,,,,,
2026-06-22,RISK-ON,49,TOP,NEW,1,RKFORGE,Automobile and Auto Components,SmallCap,KEPT,6.41,7.18,50.0,5.83,6.96,35.6,0.893,,TARGET,2026-06-23,587.6,2026-08-04,688.7,30.0,13.7286,20.63
2026-06-22,RISK-ON,49,TOP,NEW,2,LLOYDSME,Metals & Mining,MidCap,KEPT,5.48,5.88,75.0,3.65,43.37,22.6,0.932,,TARGET,2026-06-23,1776.67,2026-08-04,2053.0,30.0,12.3418,18.2
2026-06-22,RISK-ON,49,TOP,NEW,3,RAILTEL,Telecommunication,SmallCap,KEPT,4.78,5.32,25.0,4.08,12.27,33.8,0.899,,STOP,2026-06-23,320.47,2026-07-08,301.39,11.0,-6.15,1.09
2026-06-22,RISK-ON,49,TOP,NEW,4,KIRLOSENG,Capital Goods,SmallCap,KEPT,4.57,6.46,87.5,7.89,60.79,97.5,0.708,,,,,,,,,
2026-06-22,RISK-ON,49,TOP,NEW,5,DEEPAKFERT,Chemicals,SmallCap,KEPT,4.17,5.35,75.0,5.74,68.04,73.5,0.779,,,,,,,,,
2026-06-22,RISK-ON,49,MID,NEW,1,AEGISLOG,Oil Gas & Consumable Fuels,SmallCap,KEPT,1.09,1.5,75.0,1.62,68.79,90.3,0.729,,,,,,,,,
2026-06-22,RISK-ON,49,MID,NEW,2,AUBANK,Financial Services,MidCap,SECTOR_CAPPED,0.97,1.13,75.0,0.96,8.57,48.3,0.855,,STOP,2026-06-23,1038.82,2026-07-20,1016.25,19.0,-2.37,4.86
2026-06-22,RISK-ON,49,MID,NEW,3,AJANTPHARM,Healthcare,MidCap,KEPT,0.9,1.1,87.5,1.13,1.0,59.3,0.822,,TRAIL,2026-06-23,3144.94,2026-07-28,3284.96,25.0,3.4561,13.39
2026-06-22,RISK-ON,49,MID,NEW,4,ENGINERSIN,Construction,SmallCap,KEPT,0.71,0.91,62.5,0.81,30.34,73.3,0.78,,,,,,,,,
2026-06-22,RISK-ON,49,MID,NEW,5,TIMKEN,Capital Goods,SmallCap,SECTOR_CAPPED,0.71,0.85,87.5,0.66,10.48,54.4,0.837,,STOP,2026-06-23,3739.17,2026-06-29,3468.41,4.0,-7.44,2.31
2026-06-22,RISK-ON,49,BOT,NEW,1,NAVINFLUOR,Chemicals,SmallCap,SECTOR_CAPPED,0.0,0.0,100.0,0.0,13.71,61.2,0.816,,,,,,,,,
2026-06-22,RISK-ON,49,BOT,NEW,2,NCC,Construction,SmallCap,KEPT,0.0,0.0,25.0,0.0,4.56,62.0,0.814,,STOP,2026-06-23,156.34,2026-07-09,140.71,12.0,-10.2,1.42
2026-06-22,RISK-ON,49,BOT,NEW,3,SONACOMS,Automobile and Auto Components,SmallCap,SECTOR_CAPPED,0.0,0.0,87.5,0.0,17.17,51.8,0.845,,,,,,,,,
2026-06-22,RISK-ON,49,BOT,NEW,4,TATACOMM,Telecommunication,MidCap,KEPT,0.0,0.0,87.5,0.0,37.04,65.2,0.804,,STOP,2026-06-23,2051.39,2026-07-10,1853.68,13.0,-9.84,1.2
2026-06-22,RISK-ON,49,BOT,NEW,5,ZYDUSWELL,Fast Moving Consumer Goods,SmallCap,KEPT,0.0,0.0,87.5,0.0,22.1,67.1,0.799,,TRAIL,2026-06-23,532.8,2026-07-22,566.51,21.0,5.0909,14.84
2026-06-22,RISK-ON,49,TOP,OLD,1,RKFORGE,Automobile and Auto Components,SmallCap,KEPT,6.41,7.18,50.0,5.83,6.96,35.6,0.893,,TARGET,2026-06-23,587.6,2026-08-04,688.7,30.0,13.7286,20.63
2026-06-22,RISK-ON,49,TOP,OLD,2,KIRLOSENG,Capital Goods,SmallCap,KEPT,4.57,6.46,87.5,7.89,60.79,97.5,0.708,,,,,,,,,
2026-06-22,RISK-ON,49,TOP,OLD,3,LLOYDSME,Metals & Mining,MidCap,KEPT,5.48,5.88,75.0,3.65,43.37,22.6,0.932,,TARGET,2026-06-23,1776.67,2026-08-04,2053.0,30.0,12.3418,18.2
2026-06-22,RISK-ON,49,TOP,OLD,4,DEEPAKFERT,Chemicals,SmallCap,KEPT,4.17,5.35,75.0,5.74,68.04,73.5,0.779,,,,,,,,,
2026-06-22,RISK-ON,49,TOP,OLD,5,RAILTEL,Telecommunication,SmallCap,KEPT,4.78,5.32,25.0,4.08,12.27,33.8,0.899,,STOP,2026-06-23,320.47,2026-07-08,301.39,11.0,-6.15,1.09
2026-06-23,NEUTRAL,25,TOP,NEW,1,FLUOROCHEM,Chemicals,MidCap,KEPT,6.27,7.85,87.5,6.51,17.22,67.2,0.798,,TARGET,2026-06-24,3871.45,2026-08-05,4498.1,30.0,13.0684,20.19
2026-06-23,NEUTRAL,25,TOP,NEW,2,KIRLOSENG,Capital Goods,SmallCap,KEPT,5.61,7.8,87.5,8.08,76.92,93.6,0.719,,STOP,2026-06-24,2458.7,2026-07-20,2212.83,18.0,-10.2,5.24
2026-06-23,NEUTRAL,25,TOP,NEW,3,OFSS,Information Technology,MidCap,KEPT,4.98,5.5,75.0,3.41,49.19,31.5,0.905,,,,,,,,,
2026-06-23,NEUTRAL,25,TOP,NEW,4,NEULANDLAB,Healthcare,SmallCap,KEPT,4.97,6.28,100.0,4.28,45.92,69.6,0.791,,TRAIL,2026-06-24,17978.26,2026-07-17,18336.96,17.0,1.68,11.53
2026-06-23,NEUTRAL,25,TOP,NEW,5,MEDANTA,Healthcare,MidCap,SECTOR_CAPPED,4.87,6.03,50.0,4.73,23.42,64.0,0.808,,TRAIL,2026-06-24,1295.83,2026-07-08,1296.47,10.0,-0.15,5.66
2026-06-23,NEUTRAL,25,MID,NEW,1,CARBORUNIV,Capital Goods,SmallCap,SECTOR_CAPPED,1.84,2.43,87.5,2.52,55.17,80.7,0.758,,,,,,,,,
2026-06-23,NEUTRAL,25,MID,NEW,2,SCHNEIDER,Capital Goods,SmallCap,SECTOR_CAPPED,1.18,1.6,75.0,1.61,57.06,87.5,0.738,,STOP,2026-06-24,1434.99,2026-07-14,1343.68,14.0,-6.56,7.88
2026-06-23,NEUTRAL,25,MID,NEW,3,PNBHOUSING,Financial Services,SmallCap,KEPT,0.94,1.0,75.0,0.62,24.11,19.6,0.941,,,,,,,,,
2026-06-23,NEUTRAL,25,MID,NEW,4,ENGINERSIN,Construction,SmallCap,KEPT,0.71,0.93,62.5,0.83,30.81,78.3,0.765,,,,,,,,,
2026-06-23,NEUTRAL,25,MID,NEW,5,CARTRADE,Consumer Services,SmallCap,KEPT,0.42,0.56,37.5,0.57,50.4,82.5,0.753,,,,,,,,,
2026-06-23,NEUTRAL,25,BOT,NEW,1,KAJARIACER,Consumer Durables,SmallCap,KEPT,0.0,0.0,62.5,0.0,20.42,73.4,0.78,,STOP,2026-06-24,1187.13,2026-07-31,1181.67,27.0,-0.66,7.11
2026-06-23,NEUTRAL,25,BOT,NEW,2,NAUKRI,Consumer Services,MidCap,RS_LAGGARD,0.0,0.0,25.0,0.0,-1.57,28.2,0.915,,TARGET,2026-06-24,1003.44,2026-08-05,1242.0,30.0,19.3432,27.35
2026-06-23,NEUTRAL,25,BOT,NEW,3,GLAND,Healthcare,SmallCap,KEPT,0.0,0.0,87.5,0.0,36.26,39.8,0.881,,,,,,,,,
2026-06-23,NEUTRAL,25,BOT,NEW,4,JSWINFRA,Services,MidCap,KEPT,0.0,0.0,62.5,0.0,20.79,83.6,0.749,,,,,,,,,
2026-06-23,NEUTRAL,25,BOT,NEW,5,ZFCVINDIA,Automobile and Auto Components,SmallCap,KEPT,0.0,0.0,87.5,0.0,11.57,77.9,0.766,,,,,,,,,
2026-06-23,NEUTRAL,25,TOP,OLD,1,FLUOROCHEM,Chemicals,MidCap,KEPT,6.27,7.85,87.5,6.51,17.22,67.2,0.798,,TARGET,2026-06-24,3871.45,2026-08-05,4498.1,30.0,13.0684,20.19
2026-06-23,NEUTRAL,25,TOP,OLD,2,KIRLOSENG,Capital Goods,SmallCap,KEPT,5.61,7.8,87.5,8.08,76.92,93.6,0.719,,STOP,2026-06-24,2458.7,2026-07-20,2212.83,18.0,-10.2,5.24
2026-06-23,NEUTRAL,25,TOP,OLD,3,NEULANDLAB,Healthcare,SmallCap,KEPT,4.97,6.28,100.0,4.28,45.92,69.6,0.791,,TRAIL,2026-06-24,17978.26,2026-07-17,18336.96,17.0,1.68,11.53
2026-06-23,NEUTRAL,25,TOP,OLD,4,MEDANTA,Healthcare,MidCap,SECTOR_CAPPED,4.87,6.03,50.0,4.73,23.42,64.0,0.808,,TRAIL,2026-06-24,1295.83,2026-07-08,1296.47,10.0,-0.15,5.66
2026-06-23,NEUTRAL,25,TOP,OLD,5,LAURUSLABS,Healthcare,MidCap,SECTOR_CAPPED,4.59,5.99,87.5,6.2,45.18,78.0,0.766,,TARGET,2026-06-24,1473.6,2026-08-05,1835.0,30.0,19.522,25.99
2026-06-24,RISK-ON,36,TOP,NEW,1,ADANIENT,Metals & Mining,LargeCap,KEPT,9.37,11.17,87.5,9.27,58.59,53.7,0.839,,TIME,2026-06-25,3054.35,2026-08-06,3026.0,30.0,-1.13,6.24
2026-06-24,RISK-ON,36,TOP,NEW,2,HINDCOPPER,Metals & Mining,SmallCap,SECTOR_CAPPED,8.11,8.24,50.0,7.52,2.87,5.4,0.984,,STOP,2026-06-25,495.0,2026-07-17,481.95,16.0,-2.84,3.43
2026-06-24,RISK-ON,36,TOP,NEW,3,KIRLOSENG,Capital Goods,SmallCap,KEPT,5.81,8.15,87.5,8.46,90.13,95.7,0.713,,,,,,,,,
2026-06-24,RISK-ON,36,TOP,NEW,4,MEDANTA,Healthcare,MidCap,KEPT,4.68,5.9,87.5,5.2,22.14,68.7,0.794,,STOP,2026-06-25,1311.34,2026-07-08,1296.47,9.0,-1.33,4.41
2026-06-24,RISK-ON,36,TOP,NEW,5,HONAUT,Capital Goods,MidCap,KEPT,3.97,5.19,50.0,5.99,28.76,78.4,0.765,,,,,,,,,
2026-06-24,RISK-ON,36,MID,NEW,1,KPRMILL,Textiles,MidCap,KEPT,0.58,0.78,75.0,0.85,39.14,83.5,0.75,,,,,,,,,
2026-06-24,RISK-ON,36,MID,NEW,2,M&MFIN,Financial Services,MidCap,SECTOR_CAPPED,0.38,0.46,37.5,0.63,-2.88,57.5,0.828,,,,,,,,,
2026-06-24,RISK-ON,36,MID,NEW,3,CHOLAFIN,Financial Services,LargeCap,KEPT,0.19,0.25,62.5,0.27,20.88,85.6,0.743,,,,,,,,,
2026-06-24,RISK-ON,36,MID,NEW,4,AXISBANK,Financial Services,LargeCap,SECTOR_CAPPED,0.02,0.02,87.5,0.02,9.32,63.3,0.81,,STOP,2026-06-25,1376.52,2026-07-09,1300.23,10.0,-5.74,1.63
2026-06-24,RISK-ON,36,MID,NEW,5,ABCAPITAL,Financial Services,MidCap,SECTOR_CAPPED,0.0,0.0,75.0,0.0,24.9,74.4,0.777,,STOP,2026-06-25,392.83,2026-07-23,391.63,20.0,-0.51,4.73
2026-06-24,RISK-ON,36,BOT,NEW,1,OBEROIRLTY,Realty,MidCap,KEPT,0.0,0.0,50.0,0.0,12.45,57.9,0.826,,TRAIL,2026-06-25,1742.45,2026-08-06,1777.0,30.0,1.78,13.86
2026-06-24,RISK-ON,36,BOT,NEW,2,SHRIRAMFIN,Financial Services,LargeCap,SECTOR_CAPPED,0.0,0.0,75.0,0.0,7.15,53.9,0.838,,,,,,,,,
2026-06-24,RISK-ON,36,BOT,NEW,3,RBLBANK,Financial Services,SmallCap,SECTOR_CAPPED,0.0,0.0,87.5,0.0,21.38,51.9,0.844,,,,,,,,,
2026-06-24,RISK-ON,36,BOT,NEW,4,TATACOMM,Telecommunication,MidCap,KEPT,0.0,0.0,87.5,0.0,39.05,53.7,0.839,,,,,,,,,
2026-06-24,RISK-ON,36,BOT,NEW,5,WELSPUNLIV,Textiles,SmallCap,KEPT,0.0,0.0,87.5,0.0,45.52,94.5,0.717,,,,,,,,,
2026-06-24,RISK-ON,36,TOP,OLD,1,ADANIENT,Metals & Mining,LargeCap,KEPT,9.37,11.17,87.5,9.27,58.59,53.7,0.839,,TIME,2026-06-25,3054.35,2026-08-06,3026.0,30.0,-1.13,6.24
2026-06-24,RISK-ON,36,TOP,OLD,2,HINDCOPPER,Metals & Mining,SmallCap,SECTOR_CAPPED,8.11,8.24,50.0,7.52,2.87,5.4,0.984,,STOP,2026-06-25,495.0,2026-07-17,481.95,16.0,-2.84,3.43
2026-06-24,RISK-ON,36,TOP,OLD,3,KIRLOSENG,Capital Goods,SmallCap,KEPT,5.81,8.15,87.5,8.46,90.13,95.7,0.713,,,,,,,,,
2026-06-24,RISK-ON,36,TOP,OLD,4,MEDANTA,Healthcare,MidCap,KEPT,4.68,5.9,87.5,5.2,22.14,68.7,0.794,,STOP,2026-06-25,1311.34,2026-07-08,1296.47,9.0,-1.33,4.41
2026-06-24,RISK-ON,36,TOP,OLD,5,HONAUT,Capital Goods,MidCap,KEPT,3.97,5.19,50.0,5.99,28.76,78.4,0.765,,,,,,,,,
2026-06-25,RISK-ON,30,TOP,NEW,1,MOTILALOFS,Financial Services,MidCap,KEPT,5.91,6.87,75.0,4.26,37.29,46.4,0.861,,,,,,,,,
2026-06-25,RISK-ON,30,TOP,NEW,2,CUMMINSIND,Capital Goods,LargeCap,KEPT,4.57,4.64,75.0,2.96,13.76,5.1,0.985,,,,,,,,,
2026-06-25,RISK-ON,30,TOP,NEW,3,ANANDRATHI,Financial Services,SmallCap,KEPT,4.22,5.54,100.0,5.56,21.99,79.3,0.762,,,,,,,,,
2026-06-25,RISK-ON,30,TOP,NEW,4,MANAPPURAM,Financial Services,SmallCap,SECTOR_CAPPED,4.14,4.49,87.5,2.69,17.89,25.7,0.923,,,,,,,,,
2026-06-25,RISK-ON,30,TOP,NEW,5,MOTHERSON,Automobile and Auto Components,LargeCap,KEPT,3.3,3.96,87.5,2.79,28.57,55.9,0.832,,,,,,,,,
2026-06-25,RISK-ON,30,MID,NEW,1,UNOMINDA,Automobile and Auto Components,MidCap,KEPT,1.66,1.93,25.0,2.65,-2.13,45.8,0.863,,,,,,,,,
2026-06-25,RISK-ON,30,MID,NEW,2,ABREL,Realty,SmallCap,KEPT,1.36,1.61,25.0,1.52,10.41,50.9,0.847,,,,,,,,,
2026-06-25,RISK-ON,30,MID,NEW,3,AEGISLOG,Oil Gas & Consumable Fuels,SmallCap,KEPT,1.05,1.49,87.5,1.82,81.8,99.2,0.702,,,,,,,,,
2026-06-25,RISK-ON,30,MID,NEW,4,M&M,Automobile and Auto Components,LargeCap,KEPT,0.75,0.87,25.0,1.24,-3.4,45.1,0.865,,,,,,,,,
2026-06-25,RISK-ON,30,MID,NEW,5,PIDILITIND,Chemicals,LargeCap,KEPT,0.64,0.77,87.5,0.74,11.5,55.2,0.834,,,,,,,,,
2026-06-25,RISK-ON,30,BOT,NEW,1,BHARATFORG,Automobile and Auto Components,MidCap,SECTOR_CAPPED,0.0,0.0,87.5,0.0,17.17,76.6,0.77,,,,,,,,,
2026-06-25,RISK-ON,30,BOT,NEW,2,MSUMI,Automobile and Auto Components,SmallCap,SECTOR_CAPPED,0.0,0.0,12.5,0.0,1.62,77.1,0.769,,,,,,,,,
2026-06-25,RISK-ON,30,BOT,NEW,3,SIEMENS,Capital Goods,LargeCap,SECTOR_CAPPED,0.0,0.0,62.5,0.0,12.48,7.3,0.978,,,,,,,,,
2026-06-25,RISK-ON,30,BOT,NEW,4,SAILIFE,Healthcare,SmallCap,KEPT,0.0,0.0,87.5,0.0,13.86,37.0,0.889,,,,,,,,,
2026-06-25,RISK-ON,30,BOT,NEW,5,SHRIRAMFIN,Financial Services,LargeCap,KEPT,0.0,0.0,75.0,0.0,5.81,61.8,0.815,,,,,,,,,
2026-06-25,RISK-ON,30,TOP,OLD,1,MOTILALOFS,Financial Services,MidCap,KEPT,5.91,6.87,75.0,4.26,37.29,46.4,0.861,,,,,,,,,
2026-06-25,RISK-ON,30,TOP,OLD,2,ANANDRATHI,Financial Services,SmallCap,KEPT,4.22,5.54,100.0,5.56,21.99,79.3,0.762,,,,,,,,,
2026-06-25,RISK-ON,30,TOP,OLD,3,CUMMINSIND,Capital Goods,LargeCap,KEPT,4.57,4.64,75.0,2.96,13.76,5.1,0.985,,,,,,,,,
2026-06-25,RISK-ON,30,TOP,OLD,4,MANAPPURAM,Financial Services,SmallCap,SECTOR_CAPPED,4.14,4.49,87.5,2.69,17.89,25.7,0.923,,,,,,,,,
2026-06-25,RISK-ON,30,TOP,OLD,5,MOTHERSON,Automobile and Auto Components,LargeCap,KEPT,3.3,3.96,87.5,2.79,28.57,55.9,0.832,,,,,,,,,
2026-06-29,NEUTRAL,62,TOP,NEW,1,POWERINDIA,Capital Goods,MidCap,KEPT,14.3,14.82,75.0,9.19,30.38,11.7,0.965,,STOP,2026-06-30,34741.7,2026-07-03,32077.34,3.0,-7.87,2.2
2026-06-29,NEUTRAL,62,TOP,NEW,2,POLYCAB,Capital Goods,MidCap,SECTOR_CAPPED,8.2,8.84,75.0,5.48,27.73,24.0,0.928,,,,,,,,,
2026-06-29,NEUTRAL,62,TOP,NEW,3,LAURUSLABS,Healthcare,MidCap,KEPT,6.05,7.51,100.0,6.4,37.57,64.6,0.806,,TARGET,2026-06-30,1492.8,2026-08-11,1858.0,30.0,19.4659,25.32
2026-06-29,NEUTRAL,62,TOP,NEW,4,MOTILALOFS,Financial Services,MidCap,KEPT,5.93,6.83,75.0,4.23,30.42,44.0,0.868,,,,,,,,,
2026-06-29,NEUTRAL,62,TOP,NEW,5,NEULANDLAB,Healthcare,SmallCap,KEPT,5.51,6.61,100.0,4.51,38.59,55.6,0.833,,,,,,,,,
2026-06-29,NEUTRAL,62,MID,NEW,1,AJANTPHARM,Healthcare,MidCap,SECTOR_CAPPED,0.81,1.05,75.0,1.29,9.22,75.7,0.773,,STOP,2026-06-30,3301.75,2026-07-28,3284.96,20.0,-0.71,8.01
2026-06-29,NEUTRAL,62,MID,NEW,2,OIL,Oil Gas & Consumable Fuels,MidCap,RS_LAGGARD,0.7,0.71,50.0,1.43,-24.95,2.4,0.993,,,,,,,,,
2026-06-29,NEUTRAL,62,MID,NEW,3,STARHEALTH,Financial Services,SmallCap,SECTOR_CAPPED,0.65,0.78,100.0,0.57,16.5,57.5,0.828,,,,,,,,,
2026-06-29,NEUTRAL,62,MID,NEW,4,PIDILITIND,Chemicals,LargeCap,KEPT,0.63,0.76,87.5,0.74,10.35,57.8,0.827,,STOP,2026-06-30,1580.22,2026-07-08,1559.88,6.0,-1.49,2.21
2026-06-29,NEUTRAL,62,MID,NEW,5,BHEL,Capital Goods,MidCap,SECTOR_CAPPED,0.63,0.72,87.5,0.43,51.05,40.9,0.877,,,,,,,,,
2026-06-29,NEUTRAL,62,BOT,NEW,1,SAREGAMA,Media Entertainment & Publication,SmallCap,KEPT,0.0,0.0,87.5,0.0,39.72,64.9,0.805,,,,,,,,,
2026-06-29,NEUTRAL,62,BOT,NEW,2,SONACOMS,Automobile and Auto Components,SmallCap,SECTOR_CAPPED,0.0,0.0,87.5,0.0,16.07,36.2,0.891,,TARGET,2026-06-30,617.65,2026-08-11,800.0,30.0,23.6146,35.5
2026-06-29,NEUTRAL,62,BOT,NEW,3,ZFCVINDIA,Automobile and Auto Components,SmallCap,SECTOR_CAPPED,0.0,0.0,87.5,0.0,6.52,47.7,0.857,,,,,,,,,
2026-06-29,NEUTRAL,62,BOT,NEW,4,ZYDUSLIFE,Healthcare,LargeCap,SECTOR_CAPPED,0.0,0.0,87.5,0.0,13.74,54.6,0.836,,TRAIL,2026-06-30,1114.69,2026-08-11,1191.0,30.0,6.65,8.1
2026-06-29,NEUTRAL,62,BOT,NEW,5,ZYDUSWELL,Fast Moving Consumer Goods,SmallCap,SECTOR_CAPPED,0.0,0.0,87.5,0.0,16.35,75.3,0.774,,TRAIL,2026-06-30,565.47,2026-07-22,566.51,16.0,-0.02,8.2
2026-06-29,NEUTRAL,62,TOP,OLD,1,POWERINDIA,Capital Goods,MidCap,KEPT,14.3,14.82,75.0,9.19,30.38,11.7,0.965,,STOP,2026-06-30,34741.7,2026-07-03,32077.34,3.0,-7.87,2.2
2026-06-29,NEUTRAL,62,TOP,OLD,2,POLYCAB,Capital Goods,MidCap,SECTOR_CAPPED,8.2,8.84,75.0,5.48,27.73,24.0,0.928,,,,,,,,,
2026-06-29,NEUTRAL,62,TOP,OLD,3,LAURUSLABS,Healthcare,MidCap,KEPT,6.05,7.51,100.0,6.4,37.57,64.6,0.806,,TARGET,2026-06-30,1492.8,2026-08-11,1858.0,30.0,19.4659,25.32
2026-06-29,NEUTRAL,62,TOP,OLD,4,MOTILALOFS,Financial Services,MidCap,KEPT,5.93,6.83,75.0,4.23,30.42,44.0,0.868,,,,,,,,,
2026-06-29,NEUTRAL,62,TOP,OLD,5,NEULANDLAB,Healthcare,SmallCap,KEPT,5.51,6.61,100.0,4.51,38.59,55.6,0.833,,,,,,,,,
2026-06-30,NEUTRAL,53,TOP,NEW,1,ADANIENT,Metals & Mining,LargeCap,KEPT,13.83,15.5,87.5,9.29,63.54,36.0,0.892,,STOP,2026-07-01,3020.82,2026-08-12,2948.03,30.0,-2.61,7.42
2026-06-30,NEUTRAL,53,TOP,NEW,2,POLYCAB,Capital Goods,MidCap,KEPT,7.39,8.34,75.0,6.09,37.09,37.8,0.887,,,,,,,,,
2026-06-30,NEUTRAL,53,TOP,NEW,3,FLUOROCHEM,Chemicals,MidCap,KEPT,6.13,7.44,87.5,6.56,21.74,58.9,0.823,,TARGET,2026-07-01,3944.18,2026-08-12,4565.8,30.0,12.717,19.04
2026-06-30,NEUTRAL,53,TOP,NEW,4,LAURUSLABS,Healthcare,MidCap,KEPT,5.37,6.64,100.0,6.66,43.85,63.9,0.808,,TARGET,2026-07-01,1509.81,2026-08-12,1850.0,30.0,17.9173,23.91
2026-06-30,NEUTRAL,53,TOP,NEW,5,BAJAJFINSV,Financial Services,LargeCap,KEPT,5.26,5.9,25.0,6.37,0.03,36.1,0.892,,,,,,,,,
2026-06-30,NEUTRAL,53,MID,NEW,1,MINDACORP,Automobile and Auto Components,SmallCap,KEPT,0.64,0.81,87.5,0.85,22.64,70.8,0.788,,STOP,2026-07-01,692.54,2026-07-23,653.15,16.0,-5.89,2.93
2026-06-30,NEUTRAL,53,MID,NEW,2,APOLLOHOSP,Healthcare,LargeCap,KEPT,0.52,0.62,87.5,0.77,7.87,55.8,0.833,,,,,,,,,
2026-06-30,NEUTRAL,53,MID,NEW,3,RAINBOW,Healthcare,SmallCap,SECTOR_CAPPED,0.24,0.26,62.5,0.18,12.43,21.6,0.935,,,,,,,,,
2026-06-30,NEUTRAL,53,MID,NEW,4,TITAN,Consumer Durables,LargeCap,KEPT,0.14,0.16,87.5,0.13,2.3,47.7,0.857,,,,,,,,,
2026-06-30,NEUTRAL,53,MID,NEW,5,THERMAX,Capital Goods,MidCap,SECTOR_CAPPED,0.13,0.17,100.0,0.12,49.08,69.6,0.791,,,,,,,,,
2026-06-30,NEUTRAL,53,BOT,NEW,1,ONGC,Oil Gas & Consumable Fuels,LargeCap,RS_LAGGARD,0.0,0.0,50.0,0.0,-26.63,4.2,0.987,,TARGET,2026-07-01,233.73,2026-07-27,244.51,18.0,4.42,8.76
2026-06-30,NEUTRAL,53,BOT,NEW,2,PHOENIXLTD,Realty,MidCap,KEPT,0.0,0.0,100.0,0.0,20.63,70.4,0.789,,,,,,,,,
2026-06-30,NEUTRAL,53,BOT,NEW,3,NYKAA,Consumer Services,MidCap,KEPT,0.0,0.0,87.5,0.0,23.12,73.2,0.78,,TRAIL,2026-07-01,309.3,2026-07-24,318.46,17.0,2.76,8.31
2026-06-30,NEUTRAL,53,BOT,NEW,4,SAMMAANCAP,Financial Services,SmallCap,SECTOR_CAPPED,0.0,0.0,62.5,0.0,6.96,10.9,0.967,,,,,,,,,
2026-06-30,NEUTRAL,53,BOT,NEW,5,ZYDUSWELL,Fast Moving Consumer Goods,SmallCap,SECTOR_CAPPED,0.0,0.0,87.5,0.0,25.8,82.0,0.754,,STOP,2026-07-01,568.86,2026-07-22,566.51,15.0,-0.61,7.56
2026-06-30,NEUTRAL,53,TOP,OLD,1,ADANIENT,Metals & Mining,LargeCap,KEPT,13.83,15.5,87.5,9.29,63.54,36.0,0.892,,STOP,2026-07-01,3020.82,2026-08-12,2948.03,30.0,-2.61,7.42
2026-06-30,NEUTRAL,53,TOP,OLD,2,POLYCAB,Capital Goods,MidCap,KEPT,7.39,8.34,75.0,6.09,37.09,37.8,0.887,,,,,,,,,
2026-06-30,NEUTRAL,53,TOP,OLD,3,FLUOROCHEM,Chemicals,MidCap,KEPT,6.13,7.44,87.5,6.56,21.74,58.9,0.823,,TARGET,2026-07-01,3944.18,2026-08-12,4565.8,30.0,12.717,19.04
2026-06-30,NEUTRAL,53,TOP,OLD,4,ABDL,Fast Moving Consumer Goods,SmallCap,KEPT,5.13,6.89,87.5,7.14,60.52,85.0,0.745,,,,,,,,,
2026-06-30,NEUTRAL,53,TOP,OLD,5,LAURUSLABS,Healthcare,MidCap,KEPT,5.37,6.64,100.0,6.66,43.85,63.9,0.808,,TARGET,2026-07-01,1509.81,2026-08-12,1850.0,30.0,17.9173,23.91
2026-07-01,RISK-ON,38,TOP,NEW,1,ANGELONE,Financial Services,SmallCap,KEPT,22.81,23.94,75.0,14.85,33.87,15.8,0.953,,STOP,2026-07-02,337.65,2026-07-17,323.45,11.0,-4.41,5.33
2026-07-01,RISK-ON,38,TOP,NEW,2,ADANIENT,Metals & Mining,LargeCap,KEPT,9.79,11.75,87.5,9.74,63.09,55.5,0.834,,,,,,,,,
2026-07-01,RISK-ON,38,TOP,NEW,3,MCX,Financial Services,MidCap,SECTOR_CAPPED,6.4,7.44,62.5,5.98,12.33,46.5,0.861,,STOP,2026-07-02,2939.99,2026-07-06,2731.26,2.0,-7.3,3.08
2026-07-01,RISK-ON,38,TOP,NEW,4,MAZDOCK,Capital Goods,LargeCap,KEPT,5.24,5.94,25.0,6.06,1.78,39.4,0.882,,,,,,,,,
2026-07-01,RISK-ON,38,TOP,NEW,5,OFSS,Information Technology,MidCap,KEPT,4.11,5.17,87.5,3.65,54.74,68.1,0.796,,,,,,,,,
2026-07-01,RISK-ON,38,MID,NEW,1,SUPREMEIND,Capital Goods,MidCap,SECTOR_CAPPED,0.92,0.93,12.5,2.11,-18.93,3.9,0.988,,,,,,,,,
2026-07-01,RISK-ON,38,MID,NEW,2,ASTRAL,Capital Goods,MidCap,SECTOR_CAPPED,0.86,0.87,37.5,1.79,-20.86,3.3,0.99,,STOP,2026-07-02,1353.16,2026-07-09,1316.19,5.0,-2.93,4.17
2026-07-01,RISK-ON,38,MID,NEW,3,MINDACORP,Automobile and Auto Components,SmallCap,KEPT,0.74,0.98,100.0,0.98,32.71,80.7,0.758,,,,,,,,,
2026-07-01,RISK-ON,38,MID,NEW,4,COLPAL,Fast Moving Consumer Goods,MidCap,KEPT,0.37,0.43,25.0,0.37,7.6,48.1,0.856,,,,,,,,,
2026-07-01,RISK-ON,38,MID,NEW,5,SOBHA,Realty,SmallCap,KEPT,0.21,0.23,25.0,0.19,10.13,28.8,0.914,,,,,,,,,
2026-07-01,RISK-ON,38,BOT,NEW,1,OLAELEC,Automobile and Auto Components,SmallCap,SECTOR_CAPPED,0.0,0.0,50.0,0.0,66.28,35.5,0.893,,,,,,,,,
2026-07-01,RISK-ON,38,BOT,NEW,2,SIGNATURE,Realty,SmallCap,SECTOR_CAPPED,0.0,0.0,12.5,0.0,-1.75,6.1,0.982,,TARGET,2026-07-02,752.22,2026-07-24,756.2,16.0,0.2737,19.38
2026-07-01,RISK-ON,38,BOT,NEW,3,SAMMAANCAP,Financial Services,SmallCap,SECTOR_CAPPED,0.0,0.0,75.0,0.0,12.6,21.5,0.935,,,,,,,,,
2026-07-01,RISK-ON,38,BOT,NEW,4,WELSPUNLIV,Textiles,SmallCap,KEPT,0.0,0.0,100.0,0.0,35.22,51.8,0.845,,,,,,,,,
2026-07-01,RISK-ON,38,BOT,NEW,5,ZEEL,Media Entertainment & Publication,SmallCap,KEPT,0.0,0.0,62.5,0.0,34.78,17.7,0.947,,,,,,,,,
2026-07-01,RISK-ON,38,TOP,OLD,1,ANGELONE,Financial Services,SmallCap,KEPT,22.81,23.94,75.0,14.85,33.87,15.8,0.953,,STOP,2026-07-02,337.65,2026-07-17,323.45,11.0,-4.41,5.33
2026-07-01,RISK-ON,38,TOP,OLD,2,ADANIENT,Metals & Mining,LargeCap,KEPT,9.79,11.75,87.5,9.74,63.09,55.5,0.834,,,,,,,,,
2026-07-01,RISK-ON,38,TOP,OLD,3,MCX,Financial Services,MidCap,SECTOR_CAPPED,6.4,7.44,62.5,5.98,12.33,46.5,0.861,,STOP,2026-07-02,2939.99,2026-07-06,2731.26,2.0,-7.3,3.08
2026-07-01,RISK-ON,38,TOP,OLD,4,MAZDOCK,Capital Goods,LargeCap,KEPT,5.24,5.94,25.0,6.06,1.78,39.4,0.882,,,,,,,,,
2026-07-01,RISK-ON,38,TOP,OLD,5,OFSS,Information Technology,MidCap,KEPT,4.11,5.17,87.5,3.65,54.74,68.1,0.796,,,,,,,,,
2026-07-02,RISK-ON,44,TOP,NEW,1,ANGELONE,Financial Services,SmallCap,KEPT,22.95,25.57,75.0,15.86,33.04,34.2,0.897,,,,,,,,,
2026-07-02,RISK-ON,44,TOP,NEW,2,ADANIENT,Metals & Mining,LargeCap,KEPT,9.18,11.27,87.5,9.35,62.64,61.9,0.814,,,,,,,,,
2026-07-02,RISK-ON,44,TOP,NEW,3,FLUOROCHEM,Chemicals,MidCap,KEPT,7.44,8.86,87.5,6.48,13.33,53.3,0.84,,STOP,2026-07-03,3952.74,2026-07-07,3843.04,2.0,-2.98,0.85
2026-07-02,RISK-ON,44,TOP,NEW,4,DEEPAKFERT,Chemicals,SmallCap,KEPT,5.6,7.18,75.0,6.55,56.97,73.5,0.779,,,,,,,,,
2026-07-02,RISK-ON,44,TOP,NEW,5,LAURUSLABS,Healthcare,MidCap,KEPT,5.03,6.41,100.0,6.43,35.98,71.8,0.785,,,,,,,,,
2026-07-02,RISK-ON,44,MID,NEW,1,ASIANPAINT,Consumer Durables,LargeCap,KEPT,0.78,0.91,87.5,0.64,16.95,47.8,0.857,,,,,,,,,
2026-07-02,RISK-ON,44,MID,NEW,2,PERSISTENT,Information Technology,MidCap,SECTOR_CAPPED,0.65,0.67,12.5,1.51,-23.06,8.5,0.975,,,,,,,,,
2026-07-02,RISK-ON,44,MID,NEW,3,CIEINDIA,Automobile and Auto Components,SmallCap,KEPT,0.28,0.31,75.0,0.35,-4.96,37.1,0.889,,,,,,,,,
2026-07-02,RISK-ON,44,MID,NEW,4,PRESTIGE,Realty,MidCap,KEPT,0.26,0.36,50.0,0.42,34.64,88.9,0.733,,STOP,2026-07-03,1663.64,2026-07-24,1602.41,15.0,-3.88,4.55
2026-07-02,RISK-ON,44,MID,NEW,5,INFY,Information Technology,LargeCap,SECTOR_CAPPED,0.25,0.26,12.5,0.59,-28.93,6.8,0.98,,,,,,,,,
2026-07-02,RISK-ON,44,BOT,NEW,1,SAGILITY,Information Technology,SmallCap,SECTOR_CAPPED,0.0,0.0,25.0,0.0,-11.83,37.9,0.886,,TARGET,2026-07-03,40.95,2026-08-14,42.28,30.0,2.5466,12.66
2026-07-02,RISK-ON,44,BOT,NEW,2,SHRIRAMFIN,Financial Services,LargeCap,KEPT,0.0,0.0,87.5,0.0,8.96,72.2,0.783,,,,,,,,,
2026-07-02,RISK-ON,44,BOT,NEW,3,SONACOMS,Automobile and Auto Components,SmallCap,SECTOR_CAPPED,0.0,0.0,75.0,0.0,23.09,84.4,0.747,,TARGET,2026-07-03,658.99,2026-08-14,792.0,30.0,16.0921,27.0
2026-07-02,RISK-ON,44,BOT,NEW,4,VMM,Consumer Services,MidCap,KEPT,0.0,0.0,25.0,0.0,1.9,46.3,0.861,,STOP,2026-07-03,120.84,2026-07-16,112.72,9.0,-6.92,2.36
2026-07-02,RISK-ON,44,BOT,NEW,5,ZYDUSWELL,Fast Moving Consumer Goods,SmallCap,KEPT,0.0,0.0,87.5,0.0,23.49,90.7,0.728,,,,,,,,,
2026-07-02,RISK-ON,44,TOP,OLD,1,ANGELONE,Financial Services,SmallCap,KEPT,22.95,25.57,75.0,15.86,33.04,34.2,0.897,,,,,,,,,
2026-07-02,RISK-ON,44,TOP,OLD,2,ADANIENT,Metals & Mining,LargeCap,KEPT,9.18,11.27,87.5,9.35,62.64,61.9,0.814,,,,,,,,,
2026-07-02,RISK-ON,44,TOP,OLD,3,FLUOROCHEM,Chemicals,MidCap,KEPT,7.44,8.86,87.5,6.48,13.33,53.3,0.84,,STOP,2026-07-03,3952.74,2026-07-07,3843.04,2.0,-2.98,0.85
2026-07-02,RISK-ON,44,TOP,OLD,4,DEEPAKFERT,Chemicals,SmallCap,KEPT,5.6,7.18,75.0,6.55,56.97,73.5,0.779,,,,,,,,,
2026-07-02,RISK-ON,44,TOP,OLD,5,LAURUSLABS,Healthcare,MidCap,KEPT,5.03,6.41,100.0,6.43,35.98,71.8,0.785,,,,,,,,,
2026-07-03,RISK-ON,44,TOP,NEW,1,ANGELONE,Financial Services,SmallCap,KEPT,22.93,26.82,75.0,16.63,29.65,48.3,0.855,,,,,,,,,
2026-07-03,RISK-ON,44,TOP,NEW,2,ADANIENT,Metals & Mining,LargeCap,KEPT,9.48,12.03,100.0,9.65,55.43,70.7,0.788,,,,,,,,,
2026-07-03,RISK-ON,44,TOP,NEW,3,ADANIENSOL,Power,LargeCap,KEPT,7.38,8.55,75.0,6.23,44.74,45.5,0.863,,,,,,,,,
2026-07-03,RISK-ON,44,TOP,NEW,4,LAURUSLABS,Healthcare,MidCap,KEPT,4.97,6.46,100.0,6.48,32.38,76.7,0.77,,TARGET,2026-07-06,1534.59,2026-08-14,1795.9,29.0,13.5042,21.91
2026-07-03,RISK-ON,44,TOP,NEW,5,MANAPPURAM,Financial Services,SmallCap,KEPT,3.99,4.65,87.5,2.92,12.92,47.1,0.859,,TARGET,2026-07-06,325.62,2026-08-17,348.6,30.0,5.666,16.84
2026-07-03,RISK-ON,44,MID,NEW,1,ECLERX,Services,SmallCap,KEPT,0.92,1.1,25.0,2.71,-14.48,54.6,0.836,,TARGET,2026-07-06,1480.54,2026-08-17,1847.88,30.0,21.728,36.7
2026-07-03,RISK-ON,44,MID,NEW,2,SUNPHARMA,Healthcare,LargeCap,KEPT,0.84,1.01,100.0,1.58,-1.1,57.2,0.828,,,,,,,,,
2026-07-03,RISK-ON,44,MID,NEW,3,AMBUJACEM,Construction Materials,LargeCap,KEPT,0.82,1.0,25.0,1.9,-9.89,59.9,0.82,,STOP,2026-07-06,441.18,2026-07-23,427.54,13.0,-3.29,0.92
2026-07-03,RISK-ON,44,MID,NEW,4,PERSISTENT,Information Technology,MidCap,KEPT,0.66,0.68,12.5,1.54,-25.31,12.2,0.963,,TARGET,2026-07-06,4643.16,2026-07-24,4954.69,14.0,5.4033,13.75
2026-07-03,RISK-ON,44,MID,NEW,5,APOLLOHOSP,Healthcare,LargeCap,KEPT,0.5,0.63,100.0,0.77,7.11,71.2,0.786,,STOP,2026-07-06,8838.74,2026-08-11,8745.62,26.0,-1.25,2.27
2026-07-03,RISK-ON,44,BOT,NEW,1,BIOCON,Healthcare,MidCap,SECTOR_CAPPED,0.0,0.0,75.0,0.0,6.86,46.0,0.862,,STOP,2026-07-06,424.67,2026-07-07,408.35,1.0,-4.04,1.67
2026-07-03,RISK-ON,44,BOT,NEW,2,CREDITACC,Financial Services,SmallCap,SECTOR_CAPPED,0.0,0.0,87.5,0.0,18.41,81.5,0.756,,STOP,2026-07-06,1549.61,2026-08-04,1537.41,21.0,-0.99,5.45
2026-07-03,RISK-ON,44,BOT,NEW,3,PHOENIXLTD,Realty,MidCap,KEPT,0.0,0.0,87.5,0.0,20.74,90.4,0.729,,,,,,,,,
2026-07-03,RISK-ON,44,BOT,NEW,4,SUMICHEM,Chemicals,SmallCap,KEPT,0.0,0.0,37.5,0.0,13.75,84.3,0.747,,TRAIL,2026-07-06,497.8,2026-07-29,510.12,17.0,2.1917,10.87
2026-07-03,RISK-ON,44,BOT,NEW,5,ZYDUSLIFE,Healthcare,LargeCap,SECTOR_CAPPED,0.0,0.0,87.5,0.0,18.15,59.7,0.821,,TIME,2026-07-06,1133.88,2026-08-17,1131.5,30.0,-0.41,6.27
2026-07-03,RISK-ON,44,TOP,OLD,1,ANGELONE,Financial Services,SmallCap,KEPT,22.93,26.82,75.0,16.63,29.65,48.3,0.855,,,,,,,,,
2026-07-03,RISK-ON,44,TOP,OLD,2,ADANIENT,Metals & Mining,LargeCap,KEPT,9.48,12.03,100.0,9.65,55.43,70.7,0.788,,,,,,,,,
2026-07-03,RISK-ON,44,TOP,OLD,3,ADANIENSOL,Power,LargeCap,KEPT,7.38,8.55,75.0,6.23,44.74,45.5,0.863,,,,,,,,,
2026-07-03,RISK-ON,44,TOP,OLD,4,LAURUSLABS,Healthcare,MidCap,KEPT,4.97,6.46,100.0,6.48,32.38,76.7,0.77,,TARGET,2026-07-06,1534.59,2026-08-14,1795.9,29.0,13.5042,21.91
2026-07-03,RISK-ON,44,TOP,OLD,5,ANANDRATHI,Financial Services,SmallCap,KEPT,3.43,4.69,87.5,6.08,12.34,89.2,0.732,,,,,,,,,
2026-07-06,RISK-ON,40,TOP,NEW,1,ADANIENSOL,Power,LargeCap,KEPT,5.93,7.59,87.5,6.29,52.61,73.1,0.781,,,,,,,,,
2026-07-06,RISK-ON,40,TOP,NEW,2,HFCL,Telecommunication,SmallCap,KEPT,4.05,5.25,75.0,5.63,197.74,76.2,0.771,,STOP,2026-07-07,223.83,2026-07-24,201.44,13.0,-10.2,2.54
2026-07-06,RISK-ON,40,TOP,NEW,3,ABDL,Fast Moving Consumer Goods,SmallCap,KEPT,3.76,4.98,87.5,6.07,53.86,81.7,0.755,,,,,,,,,
2026-07-06,RISK-ON,40,TOP,NEW,4,ANANDRATHI,Financial Services,SmallCap,KEPT,3.73,5.05,87.5,6.16,15.6,87.3,0.738,,STOP,2026-07-07,2085.02,2026-07-24,2008.52,13.0,-3.87,4.37
2026-07-06,RISK-ON,40,TOP,NEW,5,WELCORP,Capital Goods,SmallCap,KEPT,2.77,3.37,100.0,2.7,64.23,59.3,0.822,,TARGET,2026-07-07,1535.88,2026-08-18,1917.1,30.0,19.8277,25.98
2026-07-06,RISK-ON,40,MID,NEW,1,GLENMARK,Healthcare,MidCap,SECTOR_CAPPED,0.47,0.56,75.0,0.72,-4.52,53.2,0.84,,STOP,2026-07-07,2259.55,2026-07-22,2198.16,11.0,-2.92,2.95
2026-07-06,RISK-ON,40,MID,NEW,2,LODHA,Realty,LargeCap,KEPT,0.41,0.58,37.5,0.69,40.77,95.0,0.715,,TARGET,2026-07-07,1086.6,2026-08-18,1211.1,30.0,9.1497,23.34
2026-07-06,RISK-ON,40,MID,NEW,3,PRESTIGE,Realty,MidCap,KEPT,0.3,0.42,50.0,0.49,27.46,93.8,0.719,,,,,,,,,
2026-07-06,RISK-ON,40,MID,NEW,4,CHOLAFIN,Financial Services,LargeCap,KEPT,0.19,0.25,62.5,0.27,18.84,78.1,0.766,,,,,,,,,
2026-07-06,RISK-ON,40,MID,NEW,5,FSL,Services,SmallCap,KEPT,0.19,0.21,25.0,0.25,-2.3,39.6,0.881,,TARGET,2026-07-07,248.07,2026-08-06,282.77,22.0,12.8882,37.82
2026-07-06,RISK-ON,40,BOT,NEW,1,SIGNATURE,Realty,SmallCap,SECTOR_CAPPED,0.0,0.0,25.0,0.0,-10.85,34.1,0.898,,STOP,2026-07-07,784.81,2026-07-24,756.2,13.0,-3.85,14.42
2026-07-06,RISK-ON,40,BOT,NEW,2,THELEELA,Consumer Services,SmallCap,KEPT,0.0,0.0,100.0,0.0,9.25,69.8,0.791,,,,,,,,,
2026-07-06,RISK-ON,40,BOT,NEW,3,UBL,Fast Moving Consumer Goods,MidCap,SECTOR_CAPPED,0.0,0.0,25.0,0.0,-18.61,43.2,0.87,,TARGET,2026-07-07,1352.73,2026-08-05,1392.69,21.0,2.2,7.46
2026-07-06,RISK-ON,40,BOT,NEW,4,ZENTEC,Capital Goods,SmallCap,KEPT,0.0,0.0,75.0,0.0,18.15,32.9,0.901,,STOP,2026-07-07,1842.57,2026-07-27,1612.75,14.0,-12.67,3.28
2026-07-06,RISK-ON,40,BOT,NEW,5,ZYDUSLIFE,Healthcare,LargeCap,KEPT,0.0,0.0,100.0,0.0,19.48,57.1,0.829,,,,,,,,,
2026-07-06,RISK-ON,40,TOP,OLD,1,ADANIENSOL,Power,LargeCap,KEPT,5.93,7.59,87.5,6.29,52.61,73.1,0.781,,,,,,,,,
2026-07-06,RISK-ON,40,TOP,OLD,2,HFCL,Telecommunication,SmallCap,KEPT,4.05,5.25,75.0,5.63,197.74,76.2,0.771,,STOP,2026-07-07,223.83,2026-07-24,201.44,13.0,-10.2,2.54
2026-07-06,RISK-ON,40,TOP,OLD,3,ANANDRATHI,Financial Services,SmallCap,KEPT,3.73,5.05,87.5,6.16,15.6,87.3,0.738,,STOP,2026-07-07,2085.02,2026-07-24,2008.52,13.0,-3.87,4.37
2026-07-06,RISK-ON,40,TOP,OLD,4,ABDL,Fast Moving Consumer Goods,SmallCap,KEPT,3.76,4.98,87.5,6.07,53.86,81.7,0.755,,,,,,,,,
2026-07-06,RISK-ON,40,TOP,OLD,5,WELCORP,Capital Goods,SmallCap,KEPT,2.77,3.37,100.0,2.7,64.23,59.3,0.822,,TARGET,2026-07-07,1535.88,2026-08-18,1917.1,30.0,19.8277,25.98
2026-07-07,RISK-ON,37,TOP,NEW,1,FLUOROCHEM,Chemicals,MidCap,KEPT,6.76,7.68,87.5,6.46,7.72,40.1,0.88,,,,,,,,,
2026-07-07,RISK-ON,37,TOP,NEW,2,GRAVITA,Metals & Mining,SmallCap,KEPT,5.56,7.16,75.0,6.23,7.72,74.7,0.776,,STOP,2026-07-08,1751.2,2026-07-28,1684.17,14.0,-4.03,6.78
2026-07-07,RISK-ON,37,TOP,NEW,3,HFCL,Telecommunication,SmallCap,KEPT,4.2,5.41,75.0,5.81,189.1,74.4,0.777,,,,,,,,,
2026-07-07,RISK-ON,37,TOP,NEW,4,ADANIENSOL,Power,LargeCap,KEPT,3.83,5.14,75.0,6.49,42.22,84.8,0.746,,TRAIL,2026-07-08,1639.7,2026-07-28,1652.17,14.0,0.4988,9.11
2026-07-07,RISK-ON,37,TOP,NEW,5,BAJFINANCE,Financial Services,LargeCap,KEPT,3.21,4.14,75.0,4.37,3.02,75.0,0.775,,TRAIL,2026-07-08,1025.0,2026-08-19,1080.2,30.0,4.152,14.77
2026-07-07,RISK-ON,37,MID,NEW,1,HAVELLS,Consumer Durables,MidCap,KEPT,0.39,0.48,25.0,1.07,-12.83,63.6,0.809,,TARGET,2026-07-08,1218.88,2026-08-19,1287.0,30.0,4.804,7.89
2026-07-07,RISK-ON,37,MID,NEW,2,TORNTPHARM,Healthcare,LargeCap,KEPT,0.26,0.34,100.0,0.4,9.17,77.3,0.768,,STOP,2026-07-08,4832.42,2026-07-17,4753.15,7.0,-1.84,5.24
2026-07-07,RISK-ON,37,MID,NEW,3,INFY,Information Technology,LargeCap,SECTOR_CAPPED,0.26,0.28,25.0,0.61,-30.27,29.6,0.911,,STOP,2026-07-08,1066.44,2026-07-22,1049.12,10.0,-1.82,4.72
2026-07-07,RISK-ON,37,MID,NEW,4,TITAN,Consumer Durables,LargeCap,KEPT,0.06,0.08,87.5,0.13,-9.12,70.2,0.789,,TRAIL,2026-07-08,4566.2,2026-08-19,5068.0,30.0,9.2419,13.18
2026-07-07,RISK-ON,37,MID,NEW,5,TCS,Information Technology,LargeCap,SECTOR_CAPPED,0.06,0.06,25.0,0.14,-28.59,20.7,0.938,,TARGET,2026-07-08,2074.25,2026-08-19,2289.0,30.0,8.9164,20.28
2026-07-07,RISK-ON,37,BOT,NEW,1,RBLBANK,Financial Services,SmallCap,SECTOR_CAPPED,0.0,0.0,75.0,0.0,4.58,35.9,0.892,,STOP,2026-07-08,369.84,2026-07-22,356.52,10.0,-3.8,3.11
2026-07-07,RISK-ON,37,BOT,NEW,2,TATATECH,Information Technology,SmallCap,SECTOR_CAPPED,0.0,0.0,75.0,0.0,19.81,31.1,0.907,,,,,,,,,
2026-07-07,RISK-ON,37,BOT,NEW,3,SWIGGY,Consumer Services,MidCap,SECTOR_CAPPED,0.0,0.0,25.0,0.0,-15.71,73.4,0.78,,TARGET,2026-07-08,264.94,2026-08-11,274.01,24.0,2.576,15.12
2026-07-07,RISK-ON,37,BOT,NEW,4,SONACOMS,Automobile and Auto Components,SmallCap,KEPT,0.0,0.0,87.5,0.0,14.52,90.1,0.73,,TARGET,2026-07-08,667.84,2026-08-19,823.5,30.0,18.613,25.31
2026-07-07,RISK-ON,37,BOT,NEW,5,ZYDUSLIFE,Healthcare,LargeCap,SECTOR_CAPPED,0.0,0.0,100.0,0.0,17.72,60.7,0.818,,TIME,2026-07-08,1145.57,2026-08-19,1104.5,30.0,-3.79,5.19
2026-07-07,RISK-ON,37,TOP,OLD,1,FLUOROCHEM,Chemicals,MidCap,KEPT,6.76,7.68,87.5,6.46,7.72,40.1,0.88,,,,,,,,,
2026-07-07,RISK-ON,37,TOP,OLD,2,GRAVITA,Metals & Mining,SmallCap,KEPT,5.56,7.16,75.0,6.23,7.72,74.7,0.776,,STOP,2026-07-08,1751.2,2026-07-28,1684.17,14.0,-4.03,6.78
2026-07-07,RISK-ON,37,TOP,OLD,3,HFCL,Telecommunication,SmallCap,KEPT,4.2,5.41,75.0,5.81,189.1,74.4,0.777,,,,,,,,,
2026-07-07,RISK-ON,37,TOP,OLD,4,ADANIENSOL,Power,LargeCap,KEPT,3.83,5.14,75.0,6.49,42.22,84.8,0.746,,TRAIL,2026-07-08,1639.7,2026-07-28,1652.17,14.0,0.4988,9.11
2026-07-07,RISK-ON,37,TOP,OLD,5,BAJFINANCE,Financial Services,LargeCap,KEPT,3.21,4.14,75.0,4.37,3.02,75.0,0.775,,TRAIL,2026-07-08,1025.0,2026-08-19,1080.2,30.0,4.152,14.77
2026-07-08,NEUTRAL,14,TOP,NEW,1,CHENNPETRO,Oil Gas & Consumable Fuels,SmallCap,KEPT,8.97,9.11,62.5,7.57,4.78,5.1,0.985,,,,,,,,,
2026-07-08,NEUTRAL,14,TOP,NEW,2,ADANIENSOL,Power,LargeCap,KEPT,4.79,6.21,87.5,6.44,45.38,76.1,0.772,,TRAIL,2026-07-09,1647.22,2026-07-28,1652.17,13.0,0.0891,8.61
2026-07-08,NEUTRAL,14,TOP,NEW,3,J&KBANK,Financial Services,SmallCap,KEPT,2.93,3.5,87.5,2.1,28.43,54.5,0.837,,,,,,,,,
2026-07-08,NEUTRAL,14,TOP,NEW,4,ACUTAAS,Healthcare,SmallCap,KEPT,2.87,3.17,87.5,1.9,40.68,31.1,0.907,,,,,,,,,
2026-07-08,NEUTRAL,14,TOP,NEW,5,ATHERENERG,Automobile and Auto Components,SmallCap,KEPT,1.46,1.91,87.5,2.34,38.21,78.6,0.764,,TARGET,2026-07-09,1194.0,2026-08-20,1423.88,30.0,15.3757,32.33
2026-07-08,NEUTRAL,14,MID,NEW,1,INDUSTOWER,Telecommunication,MidCap,RS_LAGGARD,0.66,0.67,50.0,1.34,-19.47,6.6,0.98,,,,,,,,,
2026-07-08,NEUTRAL,14,MID,NEW,2,LODHA,Realty,LargeCap,KEPT,0.49,0.68,37.5,0.82,33.15,93.1,0.721,,TARGET,2026-07-09,1103.92,2026-08-20,1240.0,30.0,9.8567,21.41
2026-07-08,NEUTRAL,14,MID,NEW,3,PREMIERENE,Capital Goods,MidCap,KEPT,0.41,0.42,62.5,0.39,1.14,10.6,0.968,,,,,,,,,
2026-07-08,NEUTRAL,14,MID,NEW,4,TORNTPHARM,Healthcare,LargeCap,KEPT,0.31,0.4,100.0,0.44,11.0,73.2,0.78,,,,,,,,,
2026-07-08,NEUTRAL,14,MID,NEW,5,RAINBOW,Healthcare,SmallCap,KEPT,0.27,0.29,62.5,0.23,6.04,24.6,0.926,,,,,,,,,
2026-07-08,NEUTRAL,14,BOT,NEW,1,RAINBOW,Healthcare,SmallCap,KEPT,0.27,0.29,62.5,0.23,6.04,24.6,0.926,,,,,,,,,
2026-07-08,NEUTRAL,14,BOT,NEW,2,EXIDEIND,Automobile and Auto Components,MidCap,KEPT,0.0,0.0,87.5,0.0,27.94,77.5,0.768,,TARGET,2026-07-09,419.24,2026-08-20,464.1,30.0,8.6833,18.4
2026-07-08,NEUTRAL,14,BOT,NEW,3,KIMS,Healthcare,SmallCap,SECTOR_CAPPED,0.0,0.0,87.5,0.0,13.66,14.8,0.956,,STOP,2026-07-09,801.92,2026-07-22,782.46,9.0,-2.63,3.63
2026-07-08,NEUTRAL,14,BOT,NEW,4,NYKAA,Consumer Services,MidCap,KEPT,0.0,0.0,100.0,0.0,16.63,64.4,0.807,,,,,,,,,
2026-07-08,NEUTRAL,14,BOT,NEW,5,ONGC,Oil Gas & Consumable Fuels,LargeCap,RS_LAGGARD,0.0,0.0,62.5,0.0,-22.5,40.2,0.879,,STOP,2026-07-09,245.76,2026-07-27,244.51,12.0,-0.71,3.43
2026-07-08,NEUTRAL,14,TOP,OLD,1,CHENNPETRO,Oil Gas & Consumable Fuels,SmallCap,KEPT,8.97,9.11,62.5,7.57,4.78,5.1,0.985,,,,,,,,,
2026-07-08,NEUTRAL,14,TOP,OLD,2,ADANIENSOL,Power,LargeCap,KEPT,4.79,6.21,87.5,6.44,45.38,76.1,0.772,,TRAIL,2026-07-09,1647.22,2026-07-28,1652.17,13.0,0.0891,8.61
2026-07-08,NEUTRAL,14,TOP,OLD,3,J&KBANK,Financial Services,SmallCap,KEPT,2.93,3.5,87.5,2.1,28.43,54.5,0.837,,,,,,,,,
2026-07-08,NEUTRAL,14,TOP,OLD,4,ACUTAAS,Healthcare,SmallCap,KEPT,2.87,3.17,87.5,1.9,40.68,31.1,0.907,,,,,,,,,
2026-07-08,NEUTRAL,14,TOP,OLD,5,ATHERENERG,Automobile and Auto Components,SmallCap,KEPT,1.46,1.91,87.5,2.34,38.21,78.6,0.764,,TARGET,2026-07-09,1194.0,2026-08-20,1423.88,30.0,15.3757,32.33
2026-07-09,RISK-ON,36,TOP,NEW,1,ANGELONE,Financial Services,SmallCap,KEPT,21.29,22.14,75.0,14.37,13.01,12.8,0.962,,,,,,,,,
2026-07-09,RISK-ON,36,TOP,NEW,2,ADANIENT,Metals & Mining,LargeCap,KEPT,14.49,15.46,87.5,9.27,39.45,21.0,0.937,,,,,,,,,
2026-07-09,RISK-ON,36,TOP,NEW,3,MOTILALOFS,Financial Services,MidCap,KEPT,5.52,5.9,62.5,4.0,12.68,21.3,0.936,,,,,,,,,
2026-07-09,RISK-ON,36,TOP,NEW,4,GRAVITA,Metals & Mining,SmallCap,KEPT,5.45,6.74,87.5,5.65,7.85,63.8,0.809,,,,,,,,,
2026-07-09,RISK-ON,36,TOP,NEW,5,SYRMA,Capital Goods,SmallCap,KEPT,3.76,4.41,87.5,2.64,57.52,49.5,0.852,,,,,,,,,
2026-07-09,RISK-ON,36,MID,NEW,1,BRIGADE,Realty,SmallCap,KEPT,0.88,0.97,25.0,1.57,-9.93,30.9,0.907,,TARGET,2026-07-10,529.5,2026-08-21,639.3,30.0,17.3532,21.34
2026-07-09,RISK-ON,36,MID,NEW,2,APOLLOHOSP,Healthcare,LargeCap,SECTOR_CAPPED,0.84,0.98,100.0,0.76,9.38,48.5,0.855,,,,,,,,,
2026-07-09,RISK-ON,36,MID,NEW,3,LODHA,Realty,LargeCap,KEPT,0.82,1.16,37.5,1.38,35.85,97.8,0.707,,TRAIL,2026-07-10,1182.04,2026-08-21,1242.0,30.0,3.9573,13.38
2026-07-09,RISK-ON,36,MID,NEW,4,GRASIM,Construction Materials,LargeCap,KEPT,0.79,0.88,75.0,0.76,8.0,33.3,0.9,,,,,,,,,
2026-07-09,RISK-ON,36,MID,NEW,5,INDUSTOWER,Telecommunication,MidCap,KEPT,0.69,0.74,62.5,1.42,-17.45,22.9,0.931,,STOP,2026-07-10,381.79,2026-07-23,378.34,9.0,-1.1,4.73
2026-07-09,RISK-ON,36,BOT,NEW,1,CCL,Fast Moving Consumer Goods,SmallCap,KEPT,0.0,0.0,100.0,0.0,3.76,46.6,0.86,,STOP,2026-07-10,1203.15,2026-07-31,1157.59,15.0,-3.99,3.25
2026-07-09,RISK-ON,36,BOT,NEW,2,ARE&M,Automobile and Auto Components,SmallCap,KEPT,0.0,0.0,25.0,0.0,8.9,36.0,0.892,,,,,,,,,
2026-07-09,RISK-ON,36,BOT,NEW,3,MARICO,Fast Moving Consumer Goods,MidCap,KEPT,0.0,0.0,100.0,0.0,4.3,42.0,0.874,,TIME,2026-07-10,851.85,2026-08-21,849.25,30.0,-0.51,4.37
2026-07-09,RISK-ON,36,BOT,NEW,4,PHOENIXLTD,Realty,MidCap,SECTOR_CAPPED,0.0,0.0,100.0,0.0,13.73,66.4,0.801,,,,,,,,,
2026-07-09,RISK-ON,36,BOT,NEW,5,SAREGAMA,Media Entertainment & Publication,SmallCap,KEPT,0.0,0.0,75.0,0.0,36.11,17.1,0.949,,,,,,,,,
2026-07-09,RISK-ON,36,TOP,OLD,1,ANGELONE,Financial Services,SmallCap,KEPT,21.29,22.14,75.0,14.37,13.01,12.8,0.962,,,,,,,,,
2026-07-09,RISK-ON,36,TOP,OLD,2,ADANIENT,Metals & Mining,LargeCap,KEPT,14.49,15.46,87.5,9.27,39.45,21.0,0.937,,,,,,,,,
2026-07-09,RISK-ON,36,TOP,OLD,3,GRAVITA,Metals & Mining,SmallCap,KEPT,5.45,6.74,87.5,5.65,7.85,63.8,0.809,,,,,,,,,
2026-07-09,RISK-ON,36,TOP,OLD,4,MOTILALOFS,Financial Services,MidCap,KEPT,5.52,5.9,62.5,4.0,12.68,21.3,0.936,,,,,,,,,
2026-07-09,RISK-ON,36,TOP,OLD,5,NEULANDLAB,Healthcare,SmallCap,KEPT,3.57,4.51,87.5,4.67,22.33,69.8,0.791,,,,,,,,,
2026-07-10,RISK-ON,53,TOP,NEW,1,ATGL,Oil Gas & Consumable Fuels,MidCap,KEPT,17.57,18.59,62.5,11.95,21.04,18.2,0.945,,STOP,2026-07-13,719.7,2026-07-22,687.39,7.0,-4.69,2.88
2026-07-10,RISK-ON,53,TOP,NEW,2,ADANIENT,Metals & Mining,LargeCap,KEPT,13.85,15.41,87.5,9.23,42.89,33.7,0.899,,,,,,,,,
2026-07-10,RISK-ON,53,TOP,NEW,3,CHENNPETRO,Oil Gas & Consumable Fuels,SmallCap,KEPT,10.92,12.65,75.0,7.85,19.46,45.6,0.863,,STOP,2026-07-13,1125.71,2026-07-27,1115.62,10.0,-1.1,15.25
2026-07-10,RISK-ON,53,TOP,NEW,4,POLYCAB,Capital Goods,MidCap,KEPT,8.32,8.44,75.0,5.23,17.13,4.7,0.986,,,,,,,,,
2026-07-10,RISK-ON,53,TOP,NEW,5,GRAVITA,Metals & Mining,SmallCap,KEPT,5.22,6.71,75.0,5.93,13.73,74.1,0.778,,,,,,,,,
2026-07-10,RISK-ON,53,MID,NEW,1,INDHOTEL,Consumer Services,LargeCap,KEPT,1.04,1.27,50.0,1.03,13.54,60.8,0.818,,,,,,,,,
2026-07-10,RISK-ON,53,MID,NEW,2,KPITTECH,Information Technology,MidCap,SECTOR_CAPPED,1.04,1.05,25.0,2.27,-26.34,3.0,0.991,,TARGET,2026-07-13,554.26,2026-08-24,583.1,30.0,4.0,18.55
2026-07-10,RISK-ON,53,MID,NEW,3,LTM,Information Technology,LargeCap,KEPT,0.97,1.19,25.0,2.83,-13.87,62.8,0.812,,TARGET,2026-07-13,4017.01,2026-08-21,4427.74,29.0,9.1293,20.74
2026-07-10,RISK-ON,53,MID,NEW,4,PERSISTENT,Information Technology,MidCap,SECTOR_CAPPED,0.89,1.09,25.0,1.92,-11.49,61.3,0.816,,STOP,2026-07-13,4983.09,2026-07-24,4954.69,9.0,-0.77,5.99
2026-07-10,RISK-ON,53,MID,NEW,5,PNBHOUSING,Financial Services,SmallCap,SECTOR_CAPPED,0.83,1.02,100.0,0.82,25.7,62.7,0.812,,,,,,,,,
2026-07-10,RISK-ON,53,BOT,NEW,1,NYKAA,Consumer Services,MidCap,KEPT,0.0,0.0,87.5,0.0,22.99,86.6,0.74,,STOP,2026-07-13,328.45,2026-07-24,318.46,9.0,-3.24,1.99
2026-07-10,RISK-ON,53,BOT,NEW,2,RBLBANK,Financial Services,SmallCap,SECTOR_CAPPED,0.0,0.0,75.0,0.0,14.95,54.0,0.838,,,,,,,,,
2026-07-10,RISK-ON,53,BOT,NEW,3,PHOENIXLTD,Realty,MidCap,SECTOR_CAPPED,0.0,0.0,87.5,0.0,15.82,76.9,0.769,,,,,,,,,
2026-07-10,RISK-ON,53,BOT,NEW,4,SAGILITY,Information Technology,SmallCap,SECTOR_CAPPED,0.0,0.0,25.0,0.0,-4.14,55.3,0.834,,TARGET,2026-07-13,41.9,2026-08-24,43.23,30.0,2.4714,10.1
2026-07-10,RISK-ON,53,BOT,NEW,5,SAILIFE,Healthcare,SmallCap,SECTOR_CAPPED,0.0,0.0,87.5,0.0,22.22,38.7,0.884,,,,,,,,,
2026-07-10,RISK-ON,53,TOP,OLD,1,ATGL,Oil Gas & Consumable Fuels,MidCap,KEPT,17.57,18.59,62.5,11.95,21.04,18.2,0.945,,STOP,2026-07-13,719.7,2026-07-22,687.39,7.0,-4.69,2.88
2026-07-10,RISK-ON,53,TOP,OLD,2,ADANIENT,Metals & Mining,LargeCap,KEPT,13.85,15.41,87.5,9.23,42.89,33.7,0.899,,,,,,,,,
2026-07-10,RISK-ON,53,TOP,OLD,3,CHENNPETRO,Oil Gas & Consumable Fuels,SmallCap,KEPT,10.92,12.65,75.0,7.85,19.46,45.6,0.863,,STOP,2026-07-13,1125.71,2026-07-27,1115.62,10.0,-1.1,15.25
2026-07-10,RISK-ON,53,TOP,OLD,4,POLYCAB,Capital Goods,MidCap,KEPT,8.32,8.44,75.0,5.23,17.13,4.7,0.986,,,,,,,,,
2026-07-10,RISK-ON,53,TOP,OLD,5,GRAVITA,Metals & Mining,SmallCap,KEPT,5.22,6.71,75.0,5.93,13.73,74.1,0.778,,,,,,,,,
2026-07-13,RISK-ON,41,TOP,NEW,1,ADANIGREEN,Power,LargeCap,KEPT,15.1,16.46,87.5,9.87,35.16,27.6,0.917,,STOP,2026-07-14,1538.77,2026-07-22,1468.81,6.0,-4.75,6.03
2026-07-13,RISK-ON,41,TOP,NEW,2,PGEL,Consumer Durables,SmallCap,KEPT,4.12,5.08,50.0,5.15,4.83,62.8,0.812,,STOP,2026-07-14,590.4,2026-07-24,567.97,8.0,-4.0,6.88
2026-07-13,RISK-ON,41,TOP,NEW,3,LTF,Financial Services,MidCap,KEPT,3.81,4.38,100.0,2.8,10.79,43.2,0.87,,,,,,,,,
2026-07-13,RISK-ON,41,TOP,NEW,4,GRAPHITE,Capital Goods,SmallCap,KEPT,3.07,3.25,50.0,5.39,-11.92,18.6,0.944,,TARGET,2026-07-14,616.6,2026-08-25,704.55,30.0,12.0808,21.39
2026-07-13,RISK-ON,41,TOP,NEW,5,OFSS,Information Technology,MidCap,KEPT,3.0,3.99,87.5,4.14,54.25,82.5,0.753,,,,,,,,,
2026-07-13,RISK-ON,41,MID,NEW,1,GALLANTT,Capital Goods,SmallCap,KEPT,0.87,0.95,50.0,1.91,-17.23,28.6,0.914,,,,,,,,,
2026-07-13,RISK-ON,41,MID,NEW,2,BSOFT,Information Technology,SmallCap,SECTOR_CAPPED,0.73,0.82,25.0,1.78,-26.02,35.3,0.894,,,,,,,,,
2026-07-13,RISK-ON,41,MID,NEW,3,BAJAJ-AUTO,Automobile and Auto Components,LargeCap,KEPT,0.68,0.82,75.0,0.87,0.77,55.7,0.833,,TARGET,2026-07-14,10212.5,2026-08-25,11927.0,30.0,13.4756,16.79
2026-07-13,RISK-ON,41,MID,NEW,4,GLENMARK,Healthcare,MidCap,KEPT,0.54,0.62,75.0,0.79,-4.04,45.4,0.864,,,,,,,,,
2026-07-13,RISK-ON,41,MID,NEW,5,BHEL,Capital Goods,MidCap,KEPT,0.5,0.57,62.5,0.37,33.92,43.0,0.871,,TRAIL,2026-07-14,405.75,2026-08-25,417.0,30.0,2.1014,10.04
2026-07-13,RISK-ON,41,BOT,NEW,1,NIVABUPA,Financial Services,SmallCap,SECTOR_CAPPED,0.0,0.0,87.5,0.0,12.6,44.6,0.866,,,,,,,,,
2026-07-13,RISK-ON,41,BOT,NEW,2,SHYAMMETL,Capital Goods,SmallCap,SECTOR_CAPPED,0.0,0.0,87.5,0.0,13.57,75.1,0.775,,STOP,2026-07-14,1019.71,2026-08-07,994.27,18.0,-2.7,6.42
2026-07-13,RISK-ON,41,BOT,NEW,3,SAREGAMA,Media Entertainment & Publication,SmallCap,KEPT,0.0,0.0,75.0,0.0,39.69,44.8,0.866,,STOP,2026-07-14,496.01,2026-07-24,478.22,8.0,-3.79,4.8
2026-07-13,RISK-ON,41,BOT,NEW,4,SAILIFE,Healthcare,SmallCap,SECTOR_CAPPED,0.0,0.0,87.5,0.0,23.69,48.5,0.855,,,,,,,,,
2026-07-13,RISK-ON,41,BOT,NEW,5,TATATECH,Information Technology,SmallCap,SECTOR_CAPPED,0.0,0.0,62.5,0.0,28.24,56.2,0.831,,STOP,2026-07-14,757.0,2026-07-23,702.46,7.0,-7.4,2.38
2026-07-13,RISK-ON,41,TOP,OLD,1,ADANIGREEN,Power,LargeCap,KEPT,15.1,16.46,87.5,9.87,35.16,27.6,0.917,,STOP,2026-07-14,1538.77,2026-07-22,1468.81,6.0,-4.75,6.03
2026-07-13,RISK-ON,41,TOP,OLD,2,PGEL,Consumer Durables,SmallCap,KEPT,4.12,5.08,50.0,5.15,4.83,62.8,0.812,,STOP,2026-07-14,590.4,2026-07-24,567.97,8.0,-4.0,6.88
2026-07-13,RISK-ON,41,TOP,OLD,3,LTF,Financial Services,MidCap,KEPT,3.81,4.38,100.0,2.8,10.79,43.2,0.87,,,,,,,,,
2026-07-13,RISK-ON,41,TOP,OLD,4,OFSS,Information Technology,MidCap,KEPT,3.0,3.99,87.5,4.14,54.25,82.5,0.753,,,,,,,,,
2026-07-13,RISK-ON,41,TOP,OLD,5,GRAPHITE,Capital Goods,SmallCap,KEPT,3.07,3.25,50.0,5.39,-11.92,18.6,0.944,,TARGET,2026-07-14,616.6,2026-08-25,704.55,30.0,12.0808,21.39
2026-07-14,RISK-ON,24,TOP,NEW,1,ATGL,Oil Gas & Consumable Fuels,MidCap,KEPT,17.69,18.72,62.5,12.03,16.98,18.3,0.945,,,,,,,,,
2026-07-14,RISK-ON,24,TOP,NEW,2,ADANIGREEN,Power,LargeCap,KEPT,10.18,12.35,87.5,10.24,39.58,58.7,0.824,,,,,,,,,
2026-07-14,RISK-ON,24,TOP,NEW,3,PGEL,Consumer Durables,SmallCap,KEPT,4.19,5.17,50.0,5.37,3.98,63.4,0.81,,,,,,,,,
2026-07-14,RISK-ON,24,TOP,NEW,4,JINDALSTEL,Metals & Mining,LargeCap,KEPT,2.56,2.61,62.5,5.04,-19.14,6.8,0.98,,,,,,,,,
2026-07-14,RISK-ON,24,TOP,NEW,5,KALYANKJIL,Consumer Durables,MidCap,KEPT,2.01,2.83,25.0,3.53,16.5,96.3,0.711,,TARGET,2026-07-15,527.1,2026-08-26,610.6,30.0,12.6523,23.12
2026-07-14,RISK-ON,24,MID,NEW,1,CARTRADE,Consumer Services,SmallCap,KEPT,0.67,0.81,37.5,0.82,57.21,58.6,0.824,,,,,,,,,
2026-07-14,RISK-ON,24,MID,NEW,2,HAVELLS,Consumer Durables,MidCap,KEPT,0.54,0.56,25.0,0.97,-11.4,13.4,0.96,,STOP,2026-07-15,1181.36,2026-07-17,1154.64,2.0,-2.46,1.21
2026-07-14,RISK-ON,24,MID,NEW,3,RAINBOW,Healthcare,SmallCap,KEPT,0.45,0.53,87.5,0.38,14.26,51.8,0.845,,,,,,,,,
2026-07-14,RISK-ON,24,MID,NEW,4,TORNTPHARM,Healthcare,LargeCap,KEPT,0.43,0.55,100.0,0.47,16.1,70.6,0.788,,,,,,,,,
2026-07-14,RISK-ON,24,MID,NEW,5,DIVISLAB,Healthcare,LargeCap,SECTOR_CAPPED,0.23,0.3,100.0,0.32,12.55,78.2,0.765,,,,,,,,,
2026-07-14,RISK-ON,24,BOT,NEW,1,CONCOR,Services,MidCap,KEPT,0.0,0.0,25.0,0.0,-5.63,55.1,0.835,,TARGET,2026-07-15,489.19,2026-08-07,506.92,17.0,3.43,8.36
2026-07-14,RISK-ON,24,BOT,NEW,2,PFOCUS,Media Entertainment & Publication,SmallCap,KEPT,0.0,0.0,62.5,0.0,-24.99,86.9,0.739,,,,,,,,,
2026-07-14,RISK-ON,24,BOT,NEW,3,IPCALAB,Healthcare,MidCap,SECTOR_CAPPED,0.0,0.0,87.5,0.0,22.12,72.9,0.781,,,,,,,,,
2026-07-14,RISK-ON,24,BOT,NEW,4,UBL,Fast Moving Consumer Goods,MidCap,KEPT,0.0,0.0,25.0,0.0,-11.39,14.8,0.956,,,,,,,,,
2026-07-14,RISK-ON,24,BOT,NEW,5,ZEEL,Media Entertainment & Publication,SmallCap,KEPT,0.0,0.0,50.0,0.0,24.76,9.0,0.973,,,,,,,,,
2026-07-14,RISK-ON,24,TOP,OLD,1,ATGL,Oil Gas & Consumable Fuels,MidCap,KEPT,17.69,18.72,62.5,12.03,16.98,18.3,0.945,,,,,,,,,
2026-07-14,RISK-ON,24,TOP,OLD,2,ADANIGREEN,Power,LargeCap,KEPT,10.18,12.35,87.5,10.24,39.58,58.7,0.824,,,,,,,,,
2026-07-14,RISK-ON,24,TOP,OLD,3,PGEL,Consumer Durables,SmallCap,KEPT,4.19,5.17,50.0,5.37,3.98,63.4,0.81,,,,,,,,,
2026-07-14,RISK-ON,24,TOP,OLD,4,KALYANKJIL,Consumer Durables,MidCap,KEPT,2.01,2.83,25.0,3.53,16.5,96.3,0.711,,TARGET,2026-07-15,527.1,2026-08-26,610.6,30.0,12.6523,23.12
2026-07-14,RISK-ON,24,TOP,OLD,5,JINDALSTEL,Metals & Mining,LargeCap,KEPT,2.56,2.61,62.5,5.04,-19.14,6.8,0.98,,,,,,,,,
2026-07-15,RISK-ON,31,TOP,NEW,1,ANGELONE,Financial Services,SmallCap,KEPT,15.54,16.8,75.0,14.84,1.6,25.0,0.925,,,,,,,,,
2026-07-15,RISK-ON,31,TOP,NEW,2,CHENNPETRO,Oil Gas & Consumable Fuels,SmallCap,KEPT,7.99,8.79,87.5,6.55,6.18,30.4,0.909,,,,,,,,,
2026-07-15,RISK-ON,31,TOP,NEW,3,HFCL,Telecommunication,SmallCap,KEPT,7.81,9.18,87.5,5.5,128.72,49.6,0.851,,,,,,,,,
2026-07-15,RISK-ON,31,TOP,NEW,4,FLUOROCHEM,Chemicals,MidCap,KEPT,6.2,7.91,87.5,6.56,18.26,72.0,0.784,,TARGET,2026-07-16,4110.94,2026-08-27,4672.1,30.0,10.9925,20.63
2026-07-15,RISK-ON,31,TOP,NEW,5,LLOYDSME,Metals & Mining,MidCap,KEPT,3.42,4.29,87.5,3.99,10.13,67.9,0.796,,TRAIL,2026-07-16,1856.77,2026-08-11,2020.12,18.0,6.9146,14.45
2026-07-15,RISK-ON,31,MID,NEW,1,AARTIIND,Chemicals,SmallCap,KEPT,0.83,1.01,87.5,0.83,8.68,59.6,0.821,,STOP,2026-07-16,498.2,2026-07-24,473.02,6.0,-5.25,1.79
2026-07-15,RISK-ON,31,MID,NEW,2,NAM-INDIA,Financial Services,MidCap,SECTOR_CAPPED,0.71,0.79,87.5,0.48,14.25,31.7,0.905,,,,,,,,,
2026-07-15,RISK-ON,31,MID,NEW,3,BHEL,Capital Goods,MidCap,KEPT,0.48,0.6,87.5,0.42,27.04,64.3,0.807,,TRAIL,2026-07-16,414.52,2026-08-27,433.95,30.0,3.6712,7.71
2026-07-15,RISK-ON,31,MID,NEW,4,LTTS,Information Technology,MidCap,KEPT,0.47,0.61,25.0,0.88,-3.24,73.8,0.779,,STOP,2026-07-16,3490.76,2026-08-14,3470.12,21.0,-0.79,6.22
2026-07-15,RISK-ON,31,MID,NEW,5,TORNTPHARM,Healthcare,LargeCap,KEPT,0.38,0.49,100.0,0.5,15.4,76.0,0.772,,,,,,,,,
2026-07-15,RISK-ON,31,BOT,NEW,1,JUBLINGREA,Chemicals,SmallCap,KEPT,0.0,0.0,50.0,0.0,5.86,82.7,0.752,,,,,,,,,
2026-07-15,RISK-ON,31,BOT,NEW,2,SAREGAMA,Media Entertainment & Publication,SmallCap,KEPT,0.0,0.0,75.0,0.0,37.77,47.5,0.858,,,,,,,,,
2026-07-15,RISK-ON,31,BOT,NEW,3,NIVABUPA,Financial Services,SmallCap,SECTOR_CAPPED,0.0,0.0,87.5,0.0,7.67,46.5,0.861,,,,,,,,,
2026-07-15,RISK-ON,31,BOT,NEW,4,SHRIRAMFIN,Financial Services,LargeCap,KEPT,0.0,0.0,75.0,0.0,-4.63,23.7,0.929,,STOP,2026-07-16,1028.63,2026-07-24,1011.09,6.0,-1.91,4.9
2026-07-15,RISK-ON,31,BOT,NEW,5,ZYDUSLIFE,Healthcare,LargeCap,SECTOR_CAPPED,0.0,0.0,87.5,0.0,17.67,41.2,0.876,,STOP,2026-07-16,1150.08,2026-07-22,1119.31,4.0,-2.88,1.35
2026-07-15,RISK-ON,31,TOP,OLD,1,ANGELONE,Financial Services,SmallCap,KEPT,15.54,16.8,75.0,14.84,1.6,25.0,0.925,,,,,,,,,
2026-07-15,RISK-ON,31,TOP,OLD,2,HFCL,Telecommunication,SmallCap,KEPT,7.81,9.18,87.5,5.5,128.72,49.6,0.851,,,,,,,,,
2026-07-15,RISK-ON,31,TOP,OLD,3,CHENNPETRO,Oil Gas & Consumable Fuels,SmallCap,KEPT,7.99,8.79,87.5,6.55,6.18,30.4,0.909,,,,,,,,,
2026-07-15,RISK-ON,31,TOP,OLD,4,FLUOROCHEM,Chemicals,MidCap,KEPT,6.2,7.91,87.5,6.56,18.26,72.0,0.784,,TARGET,2026-07-16,4110.94,2026-08-27,4672.1,30.0,10.9925,20.63
2026-07-15,RISK-ON,31,TOP,OLD,5,LLOYDSME,Metals & Mining,MidCap,KEPT,3.42,4.29,87.5,3.99,10.13,67.9,0.796,,TRAIL,2026-07-16,1856.77,2026-08-11,2020.12,18.0,6.9146,14.45
2026-07-16,RISK-ON,29,TOP,NEW,1,ADANIENSOL,Power,LargeCap,KEPT,8.81,10.8,100.0,6.26,31.33,61.5,0.816,,,,,,,,,
2026-07-16,RISK-ON,29,TOP,NEW,2,DEEPAKFERT,Chemicals,SmallCap,KEPT,7.76,8.63,62.5,5.55,27.45,33.7,0.899,,STOP,2026-07-17,1582.3,2026-07-30,1533.93,9.0,-3.26,4.7
2026-07-16,RISK-ON,29,TOP,NEW,3,CHENNPETRO,Oil Gas & Consumable Fuels,SmallCap,KEPT,6.37,8.11,75.0,6.95,20.33,71.7,0.785,,,,,,,,,
2026-07-16,RISK-ON,29,TOP,NEW,4,HSCL,Chemicals,SmallCap,KEPT,6.17,8.0,75.0,8.08,45.1,76.3,0.771,,STOP,2026-07-17,718.74,2026-08-21,666.28,25.0,-7.5,14.02
2026-07-16,RISK-ON,29,TOP,NEW,5,DIXON,Consumer Durables,MidCap,KEPT,5.79,7.79,37.5,9.33,26.58,85.5,0.744,,TRAIL,2026-07-17,14434.46,2026-08-28,14650.0,30.0,1.1148,3.92
2026-07-16,RISK-ON,29,MID,NEW,1,UPL,Chemicals,MidCap,SECTOR_CAPPED,0.93,1.16,25.0,1.96,-7.51,66.3,0.801,,STOP,2026-07-17,616.75,2026-08-11,565.8,17.0,-8.46,1.35
2026-07-16,RISK-ON,29,MID,NEW,2,BHEL,Capital Goods,MidCap,SECTOR_CAPPED,0.45,0.59,75.0,0.59,30.89,80.2,0.759,,TRAIL,2026-07-17,431.83,2026-08-27,433.95,29.0,0.2371,3.4
2026-07-16,RISK-ON,29,MID,NEW,3,PREMIERENE,Capital Goods,MidCap,SECTOR_CAPPED,0.36,0.41,87.5,0.31,6.15,37.6,0.887,,,,,,,,,
2026-07-16,RISK-ON,29,MID,NEW,4,TITAN,Consumer Durables,LargeCap,KEPT,0.11,0.13,100.0,0.13,0.02,52.1,0.844,,,,,,,,,
2026-07-16,RISK-ON,29,MID,NEW,5,IIFL,Financial Services,SmallCap,KEPT,0.08,0.1,50.0,0.08,18.16,63.0,0.811,,TARGET,2026-07-17,564.26,2026-08-27,635.65,29.0,10.2926,24.94
2026-07-16,RISK-ON,29,BOT,NEW,1,JINDALSAW,Capital Goods,SmallCap,SECTOR_CAPPED,0.0,0.0,75.0,0.0,9.81,27.4,0.918,,TARGET,2026-07-17,266.71,2026-08-28,308.6,30.0,13.536,18.84
2026-07-16,RISK-ON,29,BOT,NEW,2,SIEMENS,Capital Goods,LargeCap,SECTOR_CAPPED,0.0,0.0,87.5,0.0,-4.21,38.4,0.885,,STOP,2026-07-17,3621.52,2026-07-29,3576.38,8.0,-1.45,2.9
2026-07-16,RISK-ON,29,BOT,NEW,3,SAILIFE,Healthcare,SmallCap,SECTOR_CAPPED,0.0,0.0,100.0,0.0,32.15,60.5,0.819,,,,,,,,,
2026-07-16,RISK-ON,29,BOT,NEW,4,SONACOMS,Automobile and Auto Components,SmallCap,KEPT,0.0,0.0,100.0,0.0,16.06,61.3,0.816,,,,,,,,,
2026-07-16,RISK-ON,29,BOT,NEW,5,ZEEL,Media Entertainment & Publication,SmallCap,KEPT,0.0,0.0,50.0,0.0,17.98,23.2,0.93,,STOP,2026-07-17,105.29,2026-08-03,103.0,11.0,-2.38,11.42
2026-07-16,RISK-ON,29,TOP,OLD,1,ADANIENSOL,Power,LargeCap,KEPT,8.81,10.8,100.0,6.26,31.33,61.5,0.816,,,,,,,,,
2026-07-16,RISK-ON,29,TOP,OLD,2,DEEPAKFERT,Chemicals,SmallCap,KEPT,7.76,8.63,62.5,5.55,27.45,33.7,0.899,,STOP,2026-07-17,1582.3,2026-07-30,1533.93,9.0,-3.26,4.7
2026-07-16,RISK-ON,29,TOP,OLD,3,CHENNPETRO,Oil Gas & Consumable Fuels,SmallCap,KEPT,6.37,8.11,75.0,6.95,20.33,71.7,0.785,,,,,,,,,
2026-07-16,RISK-ON,29,TOP,OLD,4,HSCL,Chemicals,SmallCap,KEPT,6.17,8.0,75.0,8.08,45.1,76.3,0.771,,STOP,2026-07-17,718.74,2026-08-21,666.28,25.0,-7.5,14.02
2026-07-16,RISK-ON,29,TOP,OLD,5,DIXON,Consumer Durables,MidCap,KEPT,5.79,7.79,37.5,9.33,26.58,85.5,0.744,,TRAIL,2026-07-17,14434.46,2026-08-28,14650.0,30.0,1.1148,3.92
2026-07-17,RISK-ON,23,TOP,NEW,1,HSCL,Chemicals,SmallCap,KEPT,6.08,8.23,75.0,8.32,43.59,87.1,0.739,,,,,,,,,
2026-07-17,RISK-ON,23,TOP,NEW,2,BAJFINANCE,Financial Services,LargeCap,KEPT,4.56,5.61,75.0,4.58,10.2,62.6,0.812,,TRAIL,2026-07-20,1051.02,2026-08-28,1079.9,29.0,2.04,11.93
2026-07-17,RISK-ON,23,TOP,NEW,3,ADANIENSOL,Power,LargeCap,KEPT,4.13,5.2,87.5,6.33,33.14,68.5,0.794,,,,,,,,,
2026-07-17,RISK-ON,23,TOP,NEW,4,ANANTRAJ,Realty,SmallCap,KEPT,3.98,4.81,25.0,5.13,12.1,57.7,0.827,,TRAIL,2026-07-20,588.17,2026-08-10,596.59,15.0,1.23,9.1
2026-07-17,RISK-ON,23,TOP,NEW,5,LLOYDSME,Metals & Mining,MidCap,KEPT,3.88,4.62,87.5,4.29,10.13,53.1,0.841,,TRAIL,2026-07-20,1856.07,2026-08-11,2020.12,16.0,6.9468,14.49
2026-07-17,RISK-ON,23,MID,NEW,1,BALRAMCHIN,Fast Moving Consumer Goods,SmallCap,KEPT,1.6,2.05,87.5,1.45,15.79,72.7,0.782,,TARGET,2026-07-20,600.0,2026-08-28,654.85,29.0,7.6965,30.16
2026-07-17,RISK-ON,23,MID,NEW,2,BAJAJ-AUTO,Automobile and Auto Components,LargeCap,KEPT,0.84,1.0,75.0,0.93,5.14,53.7,0.839,,,,,,,,,
2026-07-17,RISK-ON,23,MID,NEW,3,CIEINDIA,Automobile and Auto Components,SmallCap,KEPT,0.3,0.33,87.5,0.35,-4.15,32.5,0.902,,,,,,,,,
2026-07-17,RISK-ON,23,MID,NEW,4,OBEROIRLTY,Realty,MidCap,KEPT,0.23,0.26,87.5,0.18,8.93,33.6,0.899,,,,,,,,,
2026-07-17,RISK-ON,23,MID,NEW,5,TECHM,Information Technology,LargeCap,KEPT,0.06,0.08,25.0,0.11,4.53,82.8,0.752,,,,,,,,,
2026-07-17,RISK-ON,23,BOT,NEW,1,FEDERALBNK,Financial Services,MidCap,SECTOR_CAPPED,0.0,0.0,87.5,0.0,15.0,77.1,0.769,,TRAIL,2026-07-20,340.34,2026-08-07,349.89,14.0,2.2171,8.84
2026-07-17,RISK-ON,23,BOT,NEW,2,EXIDEIND,Automobile and Auto Components,MidCap,SECTOR_CAPPED,0.0,0.0,87.5,0.0,28.28,66.0,0.802,,,,,,,,,
2026-07-17,RISK-ON,23,BOT,NEW,3,ITC,Fast Moving Consumer Goods,LargeCap,KEPT,0.0,0.0,12.5,0.0,-9.88,7.5,0.978,,,,,,,,,
2026-07-17,RISK-ON,23,BOT,NEW,4,RELIANCE,Oil Gas & Consumable Fuels,LargeCap,KEPT,0.0,0.0,25.0,0.0,-4.48,34.8,0.896,,STOP,2026-07-20,1317.2,2026-07-24,1265.0,4.0,-4.16,2.18
2026-07-17,RISK-ON,23,BOT,NEW,5,SONACOMS,Automobile and Auto Components,SmallCap,SECTOR_CAPPED,0.0,0.0,87.5,0.0,18.61,83.2,0.75,,TARGET,2026-07-20,701.33,2026-08-28,815.0,29.0,12.8946,20.34
2026-07-17,RISK-ON,23,TOP,OLD,1,HSCL,Chemicals,SmallCap,KEPT,6.08,8.23,75.0,8.32,43.59,87.1,0.739,,,,,,,,,
2026-07-17,RISK-ON,23,TOP,OLD,2,BAJFINANCE,Financial Services,LargeCap,KEPT,4.56,5.61,75.0,4.58,10.2,62.6,0.812,,TRAIL,2026-07-20,1051.02,2026-08-28,1079.9,29.0,2.04,11.93
2026-07-17,RISK-ON,23,TOP,OLD,3,ADANIENSOL,Power,LargeCap,KEPT,4.13,5.2,87.5,6.33,33.14,68.5,0.794,,,,,,,,,
2026-07-17,RISK-ON,23,TOP,OLD,4,ANANTRAJ,Realty,SmallCap,KEPT,3.98,4.81,25.0,5.13,12.1,57.7,0.827,,TRAIL,2026-07-20,588.17,2026-08-10,596.59,15.0,1.23,9.1
2026-07-17,RISK-ON,23,TOP,OLD,5,LLOYDSME,Metals & Mining,MidCap,KEPT,3.88,4.62,87.5,4.29,10.13,53.1,0.841,,TRAIL,2026-07-20,1856.07,2026-08-11,2020.12,16.0,6.9468,14.49
2026-07-20,RISK-ON,28,TOP,NEW,1,HSCL,Chemicals,SmallCap,KEPT,5.72,7.79,75.0,8.37,45.33,88.7,0.734,,,,,,,,,
2026-07-20,RISK-ON,28,TOP,NEW,2,LLOYDSME,Metals & Mining,MidCap,KEPT,4.56,5.65,87.5,5.07,11.62,64.4,0.807,,,,,,,,,
2026-07-20,RISK-ON,28,TOP,NEW,3,ANANTRAJ,Realty,SmallCap,KEPT,4.25,5.26,25.0,5.39,13.85,64.0,0.808,,,,,,,,,
2026-07-20,RISK-ON,28,TOP,NEW,4,BAJFINANCE,Financial Services,LargeCap,KEPT,3.94,4.9,75.0,4.74,12.48,65.6,0.803,,,,,,,,,
2026-07-20,RISK-ON,28,TOP,NEW,5,FLUOROCHEM,Chemicals,MidCap,KEPT,3.88,5.32,75.0,6.72,29.81,90.1,0.73,,,,,,,,,
2026-07-20,RISK-ON,28,MID,NEW,1,APOLLOHOSP,Healthcare,LargeCap,KEPT,1.02,1.16,87.5,0.83,14.17,41.5,0.876,,,,,,,,,
2026-07-20,RISK-ON,28,MID,NEW,2,ICICIBANK,Financial Services,LargeCap,KEPT,0.81,1.01,62.5,1.45,4.72,65.3,0.804,,,,,,,,,
2026-07-20,RISK-ON,28,MID,NEW,3,PREMIERENE,Capital Goods,MidCap,KEPT,0.34,0.37,87.5,0.26,7.68,24.5,0.926,,,,,,,,,
2026-07-20,RISK-ON,28,MID,NEW,4,CANBK,Financial Services,LargeCap,SECTOR_CAPPED,0.26,0.28,37.5,0.44,-10.42,19.7,0.941,,STOP,2026-07-21,128.18,2026-08-24,127.13,24.0,-1.01,3.85
2026-07-20,RISK-ON,28,MID,NEW,5,DIVISLAB,Healthcare,LargeCap,KEPT,0.24,0.31,100.0,0.32,14.37,74.7,0.776,,,,,,,,,
2026-07-20,RISK-ON,28,BOT,NEW,1,SAREGAMA,Media Entertainment & Publication,SmallCap,KEPT,0.0,0.0,87.5,0.0,47.35,55.9,0.832,,,,,,,,,
2026-07-20,RISK-ON,28,BOT,NEW,2,SHYAMMETL,Capital Goods,SmallCap,KEPT,0.0,0.0,100.0,0.0,27.79,59.8,0.821,,,,,,,,,
2026-07-20,RISK-ON,28,BOT,NEW,3,SONACOMS,Automobile and Auto Components,SmallCap,SECTOR_CAPPED,0.0,0.0,87.5,0.0,19.73,89.6,0.731,,,,,,,,,
2026-07-20,RISK-ON,28,BOT,NEW,4,UNIONBANK,Financial Services,LargeCap,SECTOR_CAPPED,-0.0,-0.0,75.0,-0.0,-8.71,54.2,0.837,,TRAIL,2026-07-21,175.05,2026-08-28,186.0,28.0,5.8644,9.87
2026-07-20,RISK-ON,28,BOT,NEW,5,WOCKPHARMA,Healthcare,SmallCap,SECTOR_CAPPED,0.0,0.0,62.5,0.0,30.57,24.9,0.925,,,,,,,,,
2026-07-20,RISK-ON,28,TOP,OLD,1,HSCL,Chemicals,SmallCap,KEPT,5.72,7.79,75.0,8.37,45.33,88.7,0.734,,,,,,,,,
2026-07-20,RISK-ON,28,TOP,OLD,2,LLOYDSME,Metals & Mining,MidCap,KEPT,4.56,5.65,87.5,5.07,11.62,64.4,0.807,,,,,,,,,
2026-07-20,RISK-ON,28,TOP,OLD,3,FLUOROCHEM,Chemicals,MidCap,KEPT,3.88,5.32,75.0,6.72,29.81,90.1,0.73,,,,,,,,,
2026-07-20,RISK-ON,28,TOP,OLD,4,ANANTRAJ,Realty,SmallCap,KEPT,4.25,5.26,25.0,5.39,13.85,64.0,0.808,,,,,,,,,
2026-07-20,RISK-ON,28,TOP,OLD,5,BAJFINANCE,Financial Services,LargeCap,KEPT,3.94,4.9,75.0,4.74,12.48,65.6,0.803,,,,,,,,,
2026-07-21,RISK-ON,33,TOP,NEW,1,HONAUT,Capital Goods,MidCap,KEPT,9.03,9.65,75.0,5.99,16.15,21.3,0.936,,STOP,2026-07-22,38382.12,2026-08-14,36985.74,17.0,-3.84,8.11
2026-07-21,RISK-ON,33,TOP,NEW,2,PCBL,Chemicals,SmallCap,KEPT,6.43,7.62,50.0,6.37,12.2,52.2,0.843,,TIME,2026-07-22,326.09,2026-08-28,322.1,27.0,-1.42,13.11
2026-07-21,RISK-ON,33,TOP,NEW,3,ADANIENSOL,Power,LargeCap,KEPT,5.92,7.38,87.5,6.5,25.81,65.9,0.802,,STOP,2026-07-22,1732.89,2026-08-12,1595.87,15.0,-8.11,1.45
2026-07-21,RISK-ON,33,TOP,NEW,4,HSCL,Chemicals,SmallCap,KEPT,5.67,7.82,75.0,8.38,47.44,91.5,0.726,,,,,,,,,
2026-07-21,RISK-ON,33,TOP,NEW,5,CHENNPETRO,Oil Gas & Consumable Fuels,SmallCap,KEPT,5.26,6.86,75.0,6.93,15.53,77.9,0.766,,,,,,,,,
2026-07-21,RISK-ON,33,MID,NEW,1,BALRAMCHIN,Fast Moving Consumer Goods,SmallCap,KEPT,1.04,1.29,75.0,1.48,12.23,65.5,0.803,,TARGET,2026-07-22,614.76,2026-08-28,654.85,27.0,5.4409,27.03
2026-07-21,RISK-ON,33,MID,NEW,2,INDUSINDBK,Financial Services,MidCap,SECTOR_CAPPED,1.03,1.38,87.5,1.68,21.68,83.4,0.75,,,,,,,,,
2026-07-21,RISK-ON,33,MID,NEW,3,PIDILITIND,Chemicals,LargeCap,KEPT,0.96,1.05,87.5,0.68,11.37,29.5,0.911,,TRAIL,2026-07-22,1572.02,2026-08-19,1644.84,20.0,3.7813,8.62
2026-07-21,RISK-ON,33,MID,NEW,4,AEGISVOPAK,Oil Gas & Consumable Fuels,SmallCap,KEPT,0.87,1.04,37.5,0.85,47.34,55.5,0.834,,,,,,,,,
2026-07-21,RISK-ON,33,MID,NEW,5,M&MFIN,Financial Services,MidCap,SECTOR_CAPPED,0.36,0.47,37.5,0.56,18.3,74.8,0.776,,,,,,,,,
2026-07-21,RISK-ON,33,BOT,NEW,1,PFOCUS,Media Entertainment & Publication,SmallCap,KEPT,0.0,0.0,75.0,0.0,-12.8,70.2,0.789,,,,,,,,,
2026-07-21,RISK-ON,33,BOT,NEW,2,SHRIRAMFIN,Financial Services,LargeCap,KEPT,0.0,0.0,75.0,0.0,3.64,47.2,0.858,,,,,,,,,
2026-07-21,RISK-ON,33,BOT,NEW,3,SONACOMS,Automobile and Auto Components,SmallCap,KEPT,0.0,0.0,87.5,0.0,25.78,99.1,0.703,,TARGET,2026-07-22,729.09,2026-08-28,815.0,27.0,9.3266,15.76
2026-07-21,RISK-ON,33,BOT,NEW,4,THERMAX,Capital Goods,MidCap,SECTOR_CAPPED,0.0,0.0,75.0,0.0,17.61,41.5,0.876,,,,,,,,,
2026-07-21,RISK-ON,33,BOT,NEW,5,UNIONBANK,Financial Services,LargeCap,SECTOR_CAPPED,0.0,0.0,75.0,0.0,-1.24,52.3,0.843,,TRAIL,2026-07-22,175.23,2026-08-28,186.0,27.0,5.7579,9.76
2026-07-21,RISK-ON,33,TOP,OLD,1,HONAUT,Capital Goods,MidCap,KEPT,9.03,9.65,75.0,5.99,16.15,21.3,0.936,,STOP,2026-07-22,38382.12,2026-08-14,36985.74,17.0,-3.84,8.11
2026-07-21,RISK-ON,33,TOP,OLD,2,HSCL,Chemicals,SmallCap,KEPT,5.67,7.82,75.0,8.38,47.44,91.5,0.726,,,,,,,,,
2026-07-21,RISK-ON,33,TOP,OLD,3,PCBL,Chemicals,SmallCap,KEPT,6.43,7.62,50.0,6.37,12.2,52.2,0.843,,TIME,2026-07-22,326.09,2026-08-28,322.1,27.0,-1.42,13.11
2026-07-21,RISK-ON,33,TOP,OLD,4,ADANIENSOL,Power,LargeCap,KEPT,5.92,7.38,87.5,6.5,25.81,65.9,0.802,,STOP,2026-07-22,1732.89,2026-08-12,1595.87,15.0,-8.11,1.45
2026-07-21,RISK-ON,33,TOP,OLD,5,CHENNPETRO,Oil Gas & Consumable Fuels,SmallCap,KEPT,5.26,6.86,75.0,6.93,15.53,77.9,0.766,,,,,,,,,
2026-07-22,RISK-ON,19,TOP,NEW,1,JBMA,Automobile and Auto Components,SmallCap,KEPT,12.43,12.67,62.5,9.32,9.31,6.4,0.981,,,,,,,,,
2026-07-22,RISK-ON,19,TOP,NEW,2,MEDANTA,Healthcare,MidCap,KEPT,6.41,7.16,75.0,4.44,21.33,34.7,0.896,,,,,,,,,
2026-07-22,RISK-ON,19,TOP,NEW,3,CHENNPETRO,Oil Gas & Consumable Fuels,SmallCap,KEPT,5.37,7.2,87.5,7.03,25.91,84.6,0.746,,,,,,,,,
2026-07-22,RISK-ON,19,TOP,NEW,4,SPLPETRO,Chemicals,SmallCap,KEPT,3.79,4.22,50.0,6.03,-9.02,33.9,0.898,,,,,,,,,
2026-07-22,RISK-ON,19,TOP,NEW,5,RRKABEL,Capital Goods,SmallCap,KEPT,3.74,4.34,87.5,2.6,68.61,46.0,0.862,,TARGET,2026-07-23,2420.24,2026-08-27,2830.1,25.0,13.384,23.29
2026-07-22,RISK-ON,19,MID,NEW,1,INDUSINDBK,Financial Services,MidCap,KEPT,1.3,1.72,100.0,1.73,25.86,81.0,0.757,,,,,,,,,
2026-07-22,RISK-ON,19,MID,NEW,2,NESTLEIND,Fast Moving Consumer Goods,LargeCap,KEPT,0.96,1.19,87.5,1.26,5.15,64.1,0.808,,STOP,2026-07-23,1486.13,2026-08-28,1439.49,26.0,-3.34,4.5
2026-07-22,RISK-ON,19,MID,NEW,3,PIDILITIND,Chemicals,LargeCap,KEPT,0.93,1.06,87.5,0.75,14.92,40.8,0.878,,TRAIL,2026-07-23,1589.11,2026-08-19,1644.84,19.0,2.8253,7.45
2026-07-22,RISK-ON,19,MID,NEW,4,AEGISVOPAK,Oil Gas & Consumable Fuels,SmallCap,KEPT,0.91,1.12,62.5,0.85,56.82,63.9,0.808,,,,,,,,,
2026-07-22,RISK-ON,19,MID,NEW,5,TVSMOTOR,Automobile and Auto Components,LargeCap,KEPT,0.91,1.2,62.5,1.44,11.58,80.9,0.757,,,,,,,,,
2026-07-22,RISK-ON,19,BOT,NEW,1,TITAN,Consumer Durables,LargeCap,KEPT,0.14,0.18,100.0,0.19,6.74,66.0,0.802,,,,,,,,,
2026-07-22,RISK-ON,19,BOT,NEW,2,3MINDIA,Diversified,MidCap,KEPT,0.0,0.0,62.5,0.0,8.93,45.1,0.865,,,,,,,,,
2026-07-22,RISK-ON,19,BOT,NEW,3,JINDALSAW,Capital Goods,SmallCap,SECTOR_CAPPED,0.0,0.0,75.0,0.0,11.18,26.0,0.922,,TARGET,2026-07-23,263.82,2026-08-28,308.6,26.0,14.6356,20.14
2026-07-22,RISK-ON,19,BOT,NEW,4,KAJARIACER,Consumer Durables,SmallCap,KEPT,0.0,0.0,75.0,0.0,1.08,26.8,0.92,,,,,,,,,
2026-07-22,RISK-ON,19,BOT,NEW,5,THELEELA,Consumer Services,SmallCap,KEPT,0.0,0.0,87.5,0.0,12.45,23.9,0.928,,STOP,2026-07-23,488.59,2026-07-24,468.0,1.0,-4.42,1.1
2026-07-22,RISK-ON,19,TOP,OLD,1,JBMA,Automobile and Auto Components,SmallCap,KEPT,12.43,12.67,62.5,9.32,9.31,6.4,0.981,,,,,,,,,
2026-07-22,RISK-ON,19,TOP,OLD,2,CHENNPETRO,Oil Gas & Consumable Fuels,SmallCap,KEPT,5.37,7.2,87.5,7.03,25.91,84.6,0.746,,,,,,,,,
2026-07-22,RISK-ON,19,TOP,OLD,3,MEDANTA,Healthcare,MidCap,KEPT,6.41,7.16,75.0,4.44,21.33,34.7,0.896,,,,,,,,,
2026-07-22,RISK-ON,19,TOP,OLD,4,RRKABEL,Capital Goods,SmallCap,KEPT,3.74,4.34,87.5,2.6,68.61,46.0,0.862,,TARGET,2026-07-23,2420.24,2026-08-27,2830.1,25.0,13.384,23.29
2026-07-22,RISK-ON,19,TOP,OLD,5,SPLPETRO,Chemicals,SmallCap,KEPT,3.79,4.22,50.0,6.03,-9.02,33.9,0.898,,,,,,,,,
2026-07-23,NEUTRAL,8,TOP,NEW,1,MEDANTA,Healthcare,MidCap,KEPT,5.14,6.08,75.0,4.44,24.7,51.3,0.846,,STOP,2026-07-24,1370.82,2026-07-31,1341.59,5.0,-2.33,4.86
2026-07-23,NEUTRAL,8,TOP,NEW,2,SPLPETRO,Chemicals,SmallCap,RS_LAGGARD,4.84,5.5,62.5,6.05,-3.7,40.0,0.88,,,,,,,,,
2026-07-23,NEUTRAL,8,TOP,NEW,3,LLOYDSME,Metals & Mining,MidCap,KEPT,3.97,4.85,87.5,4.35,11.68,60.5,0.819,,TRAIL,2026-07-24,1920.0,2026-08-11,2020.12,12.0,4.0282,10.68
2026-07-23,NEUTRAL,8,TOP,NEW,4,HEG,Capital Goods,SmallCap,RS_LAGGARD,3.62,4.45,87.5,6.77,-5.5,62.5,0.812,,TARGET,2026-07-24,608.0,2026-08-28,737.35,25.0,17.221,23.19
2026-07-23,NEUTRAL,8,TOP,NEW,5,NUVAMA,Financial Services,SmallCap,KEPT,2.88,3.44,87.5,2.06,44.63,53.8,0.839,,,,,,,,,
2026-07-23,NEUTRAL,8,MID,NEW,1,LLOYDSME,Metals & Mining,MidCap,KEPT,3.97,4.85,87.5,4.35,11.68,60.5,0.819,,TRAIL,2026-07-24,1920.0,2026-08-11,2020.12,12.0,4.0282,10.68
2026-07-23,NEUTRAL,8,MID,NEW,2,HEG,Capital Goods,SmallCap,RS_LAGGARD,3.62,4.45,87.5,6.77,-5.5,62.5,0.812,,TARGET,2026-07-24,608.0,2026-08-28,737.35,25.0,17.221,23.19
2026-07-23,NEUTRAL,8,MID,NEW,3,NUVAMA,Financial Services,SmallCap,KEPT,2.88,3.44,87.5,2.06,44.63,53.8,0.839,,,,,,,,,
2026-07-23,NEUTRAL,8,MID,NEW,4,SUNPHARMA,Healthcare,LargeCap,KEPT,2.01,2.27,100.0,1.62,13.05,38.8,0.884,,,,,,,,,
2026-07-23,NEUTRAL,8,MID,NEW,5,TVSMOTOR,Automobile and Auto Components,LargeCap,KEPT,0.88,1.16,62.5,1.44,10.38,81.6,0.755,,TARGET,2026-07-24,3879.8,2026-08-13,4311.99,14.0,10.6806,15.34
2026-07-23,NEUTRAL,8,BOT,NEW,1,HEG,Capital Goods,SmallCap,RS_LAGGARD,3.62,4.45,87.5,6.77,-5.5,62.5,0.812,,TARGET,2026-07-24,608.0,2026-08-28,737.35,25.0,17.221,23.19
2026-07-23,NEUTRAL,8,BOT,NEW,2,NUVAMA,Financial Services,SmallCap,KEPT,2.88,3.44,87.5,2.06,44.63,53.8,0.839,,,,,,,,,
2026-07-23,NEUTRAL,8,BOT,NEW,3,SUNPHARMA,Healthcare,LargeCap,KEPT,2.01,2.27,100.0,1.62,13.05,38.8,0.884,,,,,,,,,
2026-07-23,NEUTRAL,8,BOT,NEW,4,TVSMOTOR,Automobile and Auto Components,LargeCap,KEPT,0.88,1.16,62.5,1.44,10.38,81.6,0.755,,TARGET,2026-07-24,3879.8,2026-08-13,4311.99,14.0,10.6806,15.34
2026-07-23,NEUTRAL,8,BOT,NEW,5,BAJAJ-AUTO,Automobile and Auto Components,LargeCap,KEPT,0.69,0.95,75.0,1.2,18.47,92.5,0.722,,TRAIL,2026-07-24,11227.08,2026-08-28,11910.0,25.0,4.7761,6.65
2026-07-23,NEUTRAL,8,TOP,OLD,1,MEDANTA,Healthcare,MidCap,KEPT,5.14,6.08,75.0,4.44,24.7,51.3,0.846,,STOP,2026-07-24,1370.82,2026-07-31,1341.59,5.0,-2.33,4.86
2026-07-23,NEUTRAL,8,TOP,OLD,2,SPLPETRO,Chemicals,SmallCap,RS_LAGGARD,4.84,5.5,62.5,6.05,-3.7,40.0,0.88,,,,,,,,,
2026-07-23,NEUTRAL,8,TOP,OLD,3,LLOYDSME,Metals & Mining,MidCap,KEPT,3.97,4.85,87.5,4.35,11.68,60.5,0.819,,TRAIL,2026-07-24,1920.0,2026-08-11,2020.12,12.0,4.0282,10.68
2026-07-23,NEUTRAL,8,TOP,OLD,4,HEG,Capital Goods,SmallCap,RS_LAGGARD,3.62,4.45,87.5,6.77,-5.5,62.5,0.812,,TARGET,2026-07-24,608.0,2026-08-28,737.35,25.0,17.221,23.19
2026-07-23,NEUTRAL,8,TOP,OLD,5,NUVAMA,Financial Services,SmallCap,KEPT,2.88,3.44,87.5,2.06,44.63,53.8,0.839,,,,,,,,,
2026-07-24,NEUTRAL,22,TOP,NEW,1,LAURUSLABS,Healthcare,MidCap,KEPT,6.39,7.81,87.5,6.47,46.54,60.7,0.818,,,,,,,,,
2026-07-24,NEUTRAL,22,TOP,NEW,2,APARINDS,Capital Goods,MidCap,KEPT,6.29,6.4,50.0,4.27,16.64,5.6,0.983,,TARGET,2026-07-27,13819.56,2026-08-28,17803.0,24.0,23.5242,33.62
2026-07-24,NEUTRAL,22,TOP,NEW,3,LLOYDSME,Metals & Mining,MidCap,KEPT,4.18,5.1,87.5,4.71,10.38,59.9,0.82,,TRAIL,2026-07-27,1930.8,2026-08-11,2020.12,11.0,3.5618,10.06
2026-07-24,NEUTRAL,22,TOP,NEW,4,SPLPETRO,Chemicals,SmallCap,RS_LAGGARD,3.96,4.67,62.5,6.16,-4.22,50.6,0.848,,,,,,,,,
2026-07-24,NEUTRAL,22,TOP,NEW,5,RRKABEL,Capital Goods,SmallCap,SECTOR_CAPPED,3.67,4.52,100.0,3.08,54.92,62.4,0.813,,TARGET,2026-07-27,2481.13,2026-08-27,2830.1,23.0,11.088,20.26
2026-07-24,NEUTRAL,22,MID,NEW,1,ASTERDM,Healthcare,SmallCap,KEPT,1.88,1.94,75.0,1.32,10.94,9.9,0.97,,,,,,,,,
2026-07-24,NEUTRAL,22,MID,NEW,2,IEX,Financial Services,SmallCap,RS_LAGGARD,1.64,1.8,25.0,1.96,-0.22,29.4,0.912,,,,,,,,,
2026-07-24,NEUTRAL,22,MID,NEW,3,FINCABLES,Capital Goods,SmallCap,RS_LAGGARD,1.32,1.34,50.0,1.39,-1.0,4.5,0.987,,,,,,,,,
2026-07-24,NEUTRAL,22,MID,NEW,4,KPITTECH,Information Technology,MidCap,RS_LAGGARD,1.17,1.25,37.5,2.6,-21.04,21.2,0.936,,,,,,,,,
2026-07-24,NEUTRAL,22,MID,NEW,5,ICICIGI,Financial Services,MidCap,RS_LAGGARD,0.59,0.62,12.5,0.89,-6.3,17.8,0.947,,STOP,2026-07-27,1653.49,2026-08-25,1605.12,21.0,-3.13,7.11
2026-07-24,NEUTRAL,22,BOT,NEW,1,AXISBANK,Financial Services,LargeCap,RS_LAGGARD,0.0,0.0,37.5,0.0,-5.16,2.3,0.993,,,,,,,,,
2026-07-24,NEUTRAL,22,BOT,NEW,2,LALPATHLAB,Healthcare,SmallCap,KEPT,0.0,0.0,75.0,0.0,24.47,52.2,0.843,,,,,,,,,
2026-07-24,NEUTRAL,22,BOT,NEW,3,CREDITACC,Financial Services,SmallCap,KEPT,0.0,0.0,75.0,0.0,20.84,24.3,0.927,,,,,,,,,
2026-07-24,NEUTRAL,22,BOT,NEW,4,EXIDEIND,Automobile and Auto Components,MidCap,KEPT,0.0,0.0,87.5,0.0,24.5,54.4,0.837,,TRAIL,2026-07-27,440.78,2026-08-24,454.92,20.0,2.4892,12.62
2026-07-24,NEUTRAL,22,BOT,NEW,5,UNITDSPR,Fast Moving Consumer Goods,LargeCap,KEPT,-0.0,-0.0,62.5,-0.0,7.12,75.6,0.773,,,,,,,,,
2026-07-24,NEUTRAL,22,TOP,OLD,1,LAURUSLABS,Healthcare,MidCap,KEPT,6.39,7.81,87.5,6.47,46.54,60.7,0.818,,,,,,,,,
2026-07-24,NEUTRAL,22,TOP,OLD,2,APARINDS,Capital Goods,MidCap,KEPT,6.29,6.4,50.0,4.27,16.64,5.6,0.983,,TARGET,2026-07-27,13819.56,2026-08-28,17803.0,24.0,23.5242,33.62
2026-07-24,NEUTRAL,22,TOP,OLD,3,LLOYDSME,Metals & Mining,MidCap,KEPT,4.18,5.1,87.5,4.71,10.38,59.9,0.82,,TRAIL,2026-07-27,1930.8,2026-08-11,2020.12,11.0,3.5618,10.06
2026-07-24,NEUTRAL,22,TOP,OLD,4,SPLPETRO,Chemicals,SmallCap,RS_LAGGARD,3.96,4.67,62.5,6.16,-4.22,50.6,0.848,,,,,,,,,
2026-07-24,NEUTRAL,22,TOP,OLD,5,RRKABEL,Capital Goods,SmallCap,SECTOR_CAPPED,3.67,4.52,100.0,3.08,54.92,62.4,0.813,,TARGET,2026-07-27,2481.13,2026-08-27,2830.1,23.0,11.088,20.26
2026-07-27,RISK-ON,33,TOP,NEW,1,DEEPAKFERT,Chemicals,SmallCap,KEPT,8.77,9.98,62.5,6.41,29.26,40.4,0.879,,,,,,,,,
2026-07-27,RISK-ON,33,TOP,NEW,2,ANANTRAJ,Realty,SmallCap,KEPT,6.26,7.62,37.5,5.28,23.08,59.5,0.822,,STOP,2026-07-28,612.81,2026-08-10,596.59,9.0,-2.85,4.71
2026-07-27,RISK-ON,33,TOP,NEW,3,RADICO,Fast Moving Consumer Goods,MidCap,KEPT,5.02,5.73,87.5,4.04,17.66,41.3,0.876,,TRAIL,2026-07-28,4128.75,2026-08-27,4606.0,22.0,9.088,14.97
2026-07-27,RISK-ON,33,TOP,NEW,4,MEDANTA,Healthcare,MidCap,KEPT,4.43,5.6,87.5,4.93,21.12,69.7,0.791,,,,,,,,,
2026-07-27,RISK-ON,33,TOP,NEW,5,LAURUSLABS,Healthcare,MidCap,KEPT,4.07,5.62,87.5,6.85,52.48,91.8,0.725,,,,,,,,,
2026-07-27,RISK-ON,33,MID,NEW,1,LODHA,Realty,LargeCap,KEPT,1.17,1.39,37.5,0.96,28.75,51.7,0.845,,,,,,,,,
2026-07-27,RISK-ON,33,MID,NEW,2,PVRINOX,Media Entertainment & Publication,SmallCap,KEPT,1.03,1.42,25.0,2.63,0.22,90.8,0.728,,TRAIL,2026-07-28,1117.58,2026-08-28,1220.9,23.0,7.2686,14.94
2026-07-27,RISK-ON,33,MID,NEW,3,GALLANTT,Capital Goods,SmallCap,SECTOR_CAPPED,0.78,0.79,37.5,1.65,-39.44,4.0,0.988,,,,,,,,,
2026-07-27,RISK-ON,33,MID,NEW,4,PIDILITIND,Chemicals,LargeCap,KEPT,0.78,0.92,87.5,0.78,14.26,49.0,0.853,,,,,,,,,
2026-07-27,RISK-ON,33,MID,NEW,5,CARTRADE,Consumer Services,SmallCap,KEPT,0.64,0.79,87.5,0.56,78.43,62.3,0.813,,TRAIL,2026-07-28,2960.0,2026-08-27,3080.2,22.0,3.088,9.93
2026-07-27,RISK-ON,33,BOT,NEW,1,EMCURE,Healthcare,SmallCap,SECTOR_CAPPED,0.0,0.0,87.5,0.0,8.68,54.0,0.838,,,,,,,,,
2026-07-27,RISK-ON,33,BOT,NEW,2,NAVINFLUOR,Chemicals,SmallCap,SECTOR_CAPPED,0.0,0.0,75.0,0.0,11.65,21.5,0.935,,STOP,2026-07-28,7672.44,2026-07-30,7423.24,2.0,-3.45,0.66
2026-07-27,RISK-ON,33,BOT,NEW,3,NCC,Construction,SmallCap,KEPT,0.0,0.0,25.0,0.0,-16.39,15.9,0.952,,TARGET,2026-07-28,139.28,2026-08-28,148.4,23.0,5.9331,10.47
2026-07-27,RISK-ON,33,BOT,NEW,4,SAGILITY,Information Technology,SmallCap,KEPT,0.0,0.0,25.0,0.0,1.76,53.6,0.839,,TARGET,2026-07-28,42.98,2026-08-28,46.34,23.0,6.3706,7.97
2026-07-27,RISK-ON,33,BOT,NEW,5,UNITDSPR,Fast Moving Consumer Goods,LargeCap,KEPT,-0.0,-0.0,62.5,-0.0,6.95,75.9,0.772,,,,,,,,,
2026-07-27,RISK-ON,33,TOP,OLD,1,DEEPAKFERT,Chemicals,SmallCap,KEPT,8.77,9.98,62.5,6.41,29.26,40.4,0.879,,,,,,,,,
2026-07-27,RISK-ON,33,TOP,OLD,2,ANANTRAJ,Realty,SmallCap,KEPT,6.26,7.62,37.5,5.28,23.08,59.5,0.822,,STOP,2026-07-28,612.81,2026-08-10,596.59,9.0,-2.85,4.71
2026-07-27,RISK-ON,33,TOP,OLD,3,RADICO,Fast Moving Consumer Goods,MidCap,KEPT,5.02,5.73,87.5,4.04,17.66,41.3,0.876,,TRAIL,2026-07-28,4128.75,2026-08-27,4606.0,22.0,9.088,14.97
2026-07-27,RISK-ON,33,TOP,OLD,4,LAURUSLABS,Healthcare,MidCap,KEPT,4.07,5.62,87.5,6.85,52.48,91.8,0.725,,,,,,,,,
2026-07-27,RISK-ON,33,TOP,OLD,5,MEDANTA,Healthcare,MidCap,KEPT,4.43,5.6,87.5,4.93,21.12,69.7,0.791,,,,,,,,,
2026-07-28,RISK-ON,27,TOP,NEW,1,GPIL,Capital Goods,SmallCap,KEPT,5.79,6.0,62.5,11.56,-18.43,11.7,0.965,,,,,,,,,
2026-07-28,RISK-ON,27,TOP,NEW,2,ETERNAL,Consumer Services,LargeCap,KEPT,5.59,7.21,50.0,7.07,23.54,74.7,0.776,,,,,,,,,
2026-07-28,RISK-ON,27,TOP,NEW,3,LAURUSLABS,Healthcare,MidCap,KEPT,4.08,5.72,87.5,6.97,58.64,95.3,0.714,,,,,,,,,
2026-07-28,RISK-ON,27,TOP,NEW,4,RADICO,Fast Moving Consumer Goods,MidCap,KEPT,3.34,4.21,87.5,4.36,24.31,68.6,0.794,,,,,,,,,
2026-07-28,RISK-ON,27,TOP,NEW,5,RKFORGE,Automobile and Auto Components,SmallCap,KEPT,3.18,4.22,62.5,5.8,4.29,82.4,0.753,,TARGET,2026-07-29,627.5,2026-08-25,722.51,19.0,12.0579,23.16
2026-07-28,RISK-ON,27,MID,NEW,1,NESTLEIND,Fast Moving Consumer Goods,LargeCap,KEPT,0.91,1.06,87.5,1.26,1.48,47.0,0.859,,,,,,,,,
2026-07-28,RISK-ON,27,MID,NEW,2,LODHA,Realty,LargeCap,KEPT,0.81,1.09,50.0,1.25,43.65,85.4,0.744,,TIME,2026-07-29,1285.48,2026-08-28,1274.0,22.0,-1.09,4.26
2026-07-28,RISK-ON,27,MID,NEW,3,IDFCFIRSTB,Financial Services,MidCap,KEPT,0.43,0.53,100.0,0.45,21.85,64.5,0.806,,STOP,2026-07-29,85.07,2026-08-27,84.24,21.0,-1.18,2.2
2026-07-28,RISK-ON,27,MID,NEW,4,INFY,Information Technology,LargeCap,KEPT,0.36,0.41,25.0,0.54,-5.7,44.7,0.866,,,,,,,,,
2026-07-28,RISK-ON,27,MID,NEW,5,IIFL,Financial Services,SmallCap,KEPT,0.2,0.24,87.5,0.15,25.6,52.9,0.841,,TARGET,2026-07-29,579.44,2026-08-27,635.65,21.0,7.8538,21.67
2026-07-28,RISK-ON,27,BOT,NEW,1,MANKIND,Healthcare,MidCap,KEPT,0.0,0.0,87.5,0.0,14.71,43.6,0.869,,STOP,2026-07-29,2604.81,2026-07-31,2453.09,2.0,-6.02,1.43
2026-07-28,RISK-ON,27,BOT,NEW,2,NYKAA,Consumer Services,MidCap,KEPT,0.0,0.0,87.5,0.0,23.2,39.9,0.88,,,,,,,,,
2026-07-28,RISK-ON,27,BOT,NEW,3,NETWEB,Information Technology,SmallCap,SECTOR_CAPPED,0.0,0.0,62.5,0.0,6.85,25.6,0.923,,TARGET,2026-07-29,4371.0,2026-08-27,5272.2,21.0,18.7003,32.99
2026-07-28,RISK-ON,27,BOT,NEW,4,SAREGAMA,Media Entertainment & Publication,SmallCap,KEPT,0.0,0.0,87.5,0.0,51.18,53.1,0.841,,,,,,,,,
2026-07-28,RISK-ON,27,BOT,NEW,5,TATATECH,Information Technology,SmallCap,SECTOR_CAPPED,0.0,0.0,75.0,0.0,27.71,26.9,0.919,,,,,,,,,
2026-07-28,RISK-ON,27,TOP,OLD,1,ETERNAL,Consumer Services,LargeCap,KEPT,5.59,7.21,50.0,7.07,23.54,74.7,0.776,,,,,,,,,
2026-07-28,RISK-ON,27,TOP,OLD,2,GPIL,Capital Goods,SmallCap,KEPT,5.79,6.0,62.5,11.56,-18.43,11.7,0.965,,,,,,,,,
2026-07-28,RISK-ON,27,TOP,OLD,3,LAURUSLABS,Healthcare,MidCap,KEPT,4.08,5.72,87.5,6.97,58.64,95.3,0.714,,,,,,,,,
2026-07-28,RISK-ON,27,TOP,OLD,4,RKFORGE,Automobile and Auto Components,SmallCap,KEPT,3.18,4.22,62.5,5.8,4.29,82.4,0.753,,TARGET,2026-07-29,627.5,2026-08-25,722.51,19.0,12.0579,23.16
2026-07-28,RISK-ON,27,TOP,OLD,5,RADICO,Fast Moving Consumer Goods,MidCap,KEPT,3.34,4.21,87.5,4.36,24.31,68.6,0.794,,,,,,,,,
2026-07-29,RISK-ON,51,TOP,NEW,1,HONAUT,Capital Goods,MidCap,KEPT,6.98,8.36,62.5,6.32,27.03,55.0,0.835,,,,,,,,,
2026-07-29,RISK-ON,51,TOP,NEW,2,ETERNAL,Consumer Services,LargeCap,KEPT,5.62,7.41,50.0,7.26,23.64,80.4,0.759,,TRAIL,2026-07-30,307.0,2026-08-28,328.0,21.0,5.3923,8.14
2026-07-29,RISK-ON,51,TOP,NEW,3,GPIL,Capital Goods,SmallCap,KEPT,5.46,6.0,62.5,11.56,-17.6,30.1,0.91,,STOP,2026-07-30,243.05,2026-08-12,227.77,9.0,-6.48,3.59
2026-07-29,RISK-ON,51,TOP,NEW,4,APARINDS,Capital Goods,MidCap,SECTOR_CAPPED,5.4,5.57,50.0,4.22,9.62,9.9,0.97,,TARGET,2026-07-30,13765.82,2026-08-28,17803.0,21.0,23.9434,34.14
2026-07-29,RISK-ON,51,TOP,NEW,5,PGEL,Consumer Durables,SmallCap,KEPT,5.36,6.38,37.5,4.72,12.11,53.3,0.84,,,,,,,,,
2026-07-29,RISK-ON,51,MID,NEW,1,PIDILITIND,Chemicals,LargeCap,KEPT,0.83,0.98,100.0,0.78,16.75,49.4,0.852,,TRAIL,2026-07-30,1621.75,2026-08-19,1644.84,14.0,1.0414,5.29
2026-07-29,RISK-ON,51,MID,NEW,2,REDINGTON,Services,SmallCap,KEPT,0.8,0.99,75.0,0.72,33.5,63.9,0.808,,,,,,,,,
2026-07-29,RISK-ON,51,MID,NEW,3,KPITTECH,Information Technology,MidCap,KEPT,0.75,0.97,25.0,2.9,-18.43,76.3,0.771,,TRAIL,2026-07-30,604.89,2026-08-28,609.4,21.0,0.44,5.03
2026-07-29,RISK-ON,51,MID,NEW,4,PPLPHARMA,Healthcare,SmallCap,SECTOR_CAPPED,0.65,0.86,75.0,0.74,18.31,80.3,0.759,,TRAIL,2026-07-30,194.7,2026-08-28,218.68,21.0,9.696,13.18
2026-07-29,RISK-ON,51,MID,NEW,5,STARHEALTH,Financial Services,SmallCap,KEPT,0.63,0.7,87.5,0.46,11.35,33.4,0.9,,,,,,,,,
2026-07-29,RISK-ON,51,BOT,NEW,1,NCC,Construction,SmallCap,KEPT,0.0,0.0,25.0,0.0,-15.82,20.2,0.939,,TARGET,2026-07-30,139.29,2026-08-28,148.4,21.0,5.9237,10.46
2026-07-29,RISK-ON,51,BOT,NEW,2,SUNTV,Media Entertainment & Publication,SmallCap,KEPT,0.0,0.0,25.0,0.0,-17.89,48.2,0.855,,STOP,2026-07-30,505.06,2026-08-12,473.94,9.0,-6.36,1.86
2026-07-29,RISK-ON,51,BOT,NEW,3,SAILIFE,Healthcare,SmallCap,SECTOR_CAPPED,0.0,0.0,87.5,0.0,20.47,59.4,0.822,,TARGET,2026-07-30,1309.32,2026-08-28,1485.0,21.0,12.1289,15.04
2026-07-29,RISK-ON,51,BOT,NEW,4,WOCKPHARMA,Healthcare,SmallCap,SECTOR_CAPPED,0.0,0.0,62.5,0.0,34.75,32.4,0.903,,STOP,2026-07-30,1906.92,2026-08-12,1861.02,9.0,-2.61,8.43
2026-07-29,RISK-ON,51,BOT,NEW,5,ZYDUSWELL,Fast Moving Consumer Goods,SmallCap,SECTOR_CAPPED,0.0,0.0,87.5,0.0,11.59,19.7,0.941,,,,,,,,,
2026-07-29,RISK-ON,51,TOP,OLD,1,HONAUT,Capital Goods,MidCap,KEPT,6.98,8.36,62.5,6.32,27.03,55.0,0.835,,,,,,,,,
2026-07-29,RISK-ON,51,TOP,OLD,2,ETERNAL,Consumer Services,LargeCap,KEPT,5.62,7.41,50.0,7.26,23.64,80.4,0.759,,TRAIL,2026-07-30,307.0,2026-08-28,328.0,21.0,5.3923,8.14
2026-07-29,RISK-ON,51,TOP,OLD,3,PGEL,Consumer Durables,SmallCap,KEPT,5.36,6.38,37.5,4.72,12.11,53.3,0.84,,,,,,,,,
2026-07-29,RISK-ON,51,TOP,OLD,4,GPIL,Capital Goods,SmallCap,KEPT,5.46,6.0,62.5,11.56,-17.6,30.1,0.91,,STOP,2026-07-30,243.05,2026-08-12,227.77,9.0,-6.48,3.59
2026-07-29,RISK-ON,51,TOP,OLD,5,LAURUSLABS,Healthcare,MidCap,KEPT,4.12,5.77,87.5,7.05,59.38,95.2,0.714,,,,,,,,,
2026-07-30,RISK-ON,30,TOP,NEW,1,JBMA,Automobile and Auto Components,SmallCap,KEPT,10.37,11.12,50.0,9.32,5.8,22.6,0.932,,STOP,2026-07-31,674.0,2026-08-10,638.09,6.0,-5.53,0.3
2026-07-30,RISK-ON,30,TOP,NEW,2,IFCI,Financial Services,SmallCap,KEPT,6.67,7.08,50.0,4.72,23.48,19.4,0.942,,,,,,,,,
2026-07-30,RISK-ON,30,TOP,NEW,3,COFORGE,Information Technology,MidCap,KEPT,2.85,3.92,25.0,4.89,49.58,91.0,0.727,,TRAIL,2026-07-31,1706.03,2026-08-18,1767.92,12.0,3.0956,7.64
2026-07-30,RISK-ON,30,TOP,NEW,4,AJANTPHARM,Healthcare,MidCap,KEPT,1.96,2.09,87.5,1.25,16.36,20.8,0.938,,,,,,,,,
2026-07-30,RISK-ON,30,TOP,NEW,5,RAILTEL,Telecommunication,SmallCap,KEPT,1.69,1.78,12.5,3.9,-14.55,17.2,0.948,,,,,,,,,
2026-07-30,RISK-ON,30,MID,NEW,1,REDINGTON,Services,SmallCap,KEPT,0.42,0.56,75.0,0.6,41.19,83.9,0.748,,TARGET,2026-07-31,309.4,2026-08-14,337.46,10.0,7.2186,17.81
2026-07-30,RISK-ON,30,MID,NEW,2,RAINBOW,Healthcare,SmallCap,SECTOR_CAPPED,0.36,0.43,62.5,0.32,18.79,54.0,0.838,,,,,,,,,
2026-07-30,RISK-ON,30,MID,NEW,3,IIFL,Financial Services,SmallCap,KEPT,0.2,0.26,87.5,0.26,30.41,75.8,0.773,,,,,,,,,
2026-07-30,RISK-ON,30,MID,NEW,4,TECHM,Information Technology,LargeCap,KEPT,0.07,0.1,87.5,0.11,14.25,86.9,0.739,,TRAIL,2026-07-31,1620.0,2026-08-14,1620.36,10.0,-0.18,3.8
2026-07-30,RISK-ON,30,MID,NEW,5,WHIRLPOOL,Consumer Durables,SmallCap,KEPT,0.05,0.06,25.0,0.11,-21.12,43.4,0.87,,STOP,2026-07-31,796.91,2026-08-17,772.15,11.0,-3.31,4.91
2026-07-30,RISK-ON,30,BOT,NEW,1,NYKAA,Consumer Services,MidCap,KEPT,0.0,0.0,87.5,0.0,23.9,54.7,0.836,,STOP,2026-07-31,332.08,2026-08-10,324.58,6.0,-2.46,4.79
2026-07-30,RISK-ON,30,BOT,NEW,2,TATATECH,Information Technology,SmallCap,KEPT,0.0,0.0,87.5,0.0,26.96,46.6,0.86,,,,,,,,,
2026-07-30,RISK-ON,30,BOT,NEW,3,SONACOMS,Automobile and Auto Components,SmallCap,SECTOR_CAPPED,0.0,0.0,87.5,0.0,31.0,86.9,0.739,,,,,,,,,
2026-07-30,RISK-ON,30,BOT,NEW,4,UNITDSPR,Fast Moving Consumer Goods,LargeCap,KEPT,-0.0,-0.0,75.0,-0.0,14.69,88.7,0.734,,STOP,2026-07-31,1524.24,2026-08-28,1504.7,20.0,-1.48,2.57
2026-07-30,RISK-ON,30,BOT,NEW,5,ZEEL,Media Entertainment & Publication,SmallCap,KEPT,0.0,0.0,75.0,0.0,21.44,65.3,0.804,,,,,,,,,
2026-07-30,RISK-ON,30,TOP,OLD,1,JBMA,Automobile and Auto Components,SmallCap,KEPT,10.37,11.12,50.0,9.32,5.8,22.6,0.932,,STOP,2026-07-31,674.0,2026-08-10,638.09,6.0,-5.53,0.3
2026-07-30,RISK-ON,30,TOP,OLD,2,IFCI,Financial Services,SmallCap,KEPT,6.67,7.08,50.0,4.72,23.48,19.4,0.942,,,,,,,,,
2026-07-30,RISK-ON,30,TOP,OLD,3,COFORGE,Information Technology,MidCap,KEPT,2.85,3.92,25.0,4.89,49.58,91.0,0.727,,TRAIL,2026-07-31,1706.03,2026-08-18,1767.92,12.0,3.0956,7.64
2026-07-30,RISK-ON,30,TOP,OLD,4,AJANTPHARM,Healthcare,MidCap,KEPT,1.96,2.09,87.5,1.25,16.36,20.8,0.938,,,,,,,,,
2026-07-30,RISK-ON,30,TOP,OLD,5,RAILTEL,Telecommunication,SmallCap,KEPT,1.69,1.78,12.5,3.9,-14.55,17.2,0.948,,,,,,,,,
2026-07-31,RISK-ON,49,TOP,NEW,1,ANANTRAJ,Realty,SmallCap,KEPT,6.96,8.67,62.5,5.57,16.76,65.9,0.802,,,,,,,,,
2026-07-31,RISK-ON,49,TOP,NEW,2,IFCI,Financial Services,SmallCap,KEPT,6.26,7.42,62.5,4.77,27.52,52.1,0.844,,,,,,,,,
2026-07-31,RISK-ON,49,TOP,NEW,3,LLOYDSME,Metals & Mining,MidCap,KEPT,4.72,5.94,87.5,4.55,11.4,68.7,0.794,,,,,,,,,
2026-07-31,RISK-ON,49,TOP,NEW,4,APARINDS,Capital Goods,MidCap,KEPT,4.55,5.06,62.5,4.45,8.72,33.6,0.899,,,,,,,,,
2026-07-31,RISK-ON,49,TOP,NEW,5,LAURUSLABS,Healthcare,MidCap,KEPT,4.15,5.85,87.5,7.13,52.75,97.0,0.709,,STOP,2026-08-03,1807.12,2026-08-14,1795.9,9.0,-0.82,3.52
2026-07-31,RISK-ON,49,MID,NEW,1,ABFRL,Consumer Services,SmallCap,KEPT,0.37,0.43,25.0,0.66,-9.29,44.7,0.866,,,,,,,,,
2026-07-31,RISK-ON,49,MID,NEW,2,DIVISLAB,Healthcare,LargeCap,KEPT,0.35,0.49,87.5,0.59,18.2,98.6,0.704,,,,,,,,,
2026-07-31,RISK-ON,49,MID,NEW,3,TORNTPHARM,Healthcare,LargeCap,KEPT,0.34,0.4,75.0,0.34,16.64,52.7,0.842,,TIME,2026-08-03,5097.19,2026-08-27,4999.0,18.0,-2.13,3.0
2026-07-31,RISK-ON,49,MID,NEW,4,TIMKEN,Capital Goods,SmallCap,SECTOR_CAPPED,0.3,0.31,62.5,0.48,-11.22,9.0,0.973,,,,,,,,,
2026-07-31,RISK-ON,49,MID,NEW,5,CONCORDBIO,Healthcare,SmallCap,SECTOR_CAPPED,0.25,0.33,50.0,0.31,17.21,85.5,0.744,,TRAIL,2026-08-03,1413.7,2026-08-27,1481.9,18.0,4.62,14.24
2026-07-31,RISK-ON,49,BOT,NEW,1,SHRIRAMFIN,Financial Services,LargeCap,SECTOR_CAPPED,0.0,0.0,75.0,0.0,5.72,31.6,0.905,,,,,,,,,
2026-07-31,RISK-ON,49,BOT,NEW,2,THERMAX,Capital Goods,MidCap,SECTOR_CAPPED,0.0,0.0,50.0,0.0,1.68,14.1,0.958,,TIME,2026-08-03,4284.47,2026-08-28,3944.2,19.0,-8.14,0.81
2026-07-31,RISK-ON,49,BOT,NEW,3,WOCKPHARMA,Healthcare,SmallCap,SECTOR_CAPPED,0.0,0.0,62.5,0.0,24.08,57.3,0.828,,,,,,,,,
2026-07-31,RISK-ON,49,BOT,NEW,4,ZEEL,Media Entertainment & Publication,SmallCap,KEPT,0.0,0.0,62.5,0.0,23.04,71.1,0.787,,,,,,,,,
2026-07-31,RISK-ON,49,BOT,NEW,5,ZYDUSWELL,Fast Moving Consumer Goods,SmallCap,KEPT,0.0,0.0,75.0,0.0,11.44,21.2,0.936,,STOP,2026-08-03,570.0,2026-08-04,538.34,1.0,-5.75,1.48
2026-07-31,RISK-ON,49,TOP,OLD,1,ANANTRAJ,Realty,SmallCap,KEPT,6.96,8.67,62.5,5.57,16.76,65.9,0.802,,,,,,,,,
2026-07-31,RISK-ON,49,TOP,OLD,2,IFCI,Financial Services,SmallCap,KEPT,6.26,7.42,62.5,4.77,27.52,52.1,0.844,,,,,,,,,
2026-07-31,RISK-ON,49,TOP,OLD,3,LLOYDSME,Metals & Mining,MidCap,KEPT,4.72,5.94,87.5,4.55,11.4,68.7,0.794,,,,,,,,,
2026-07-31,RISK-ON,49,TOP,OLD,4,LAURUSLABS,Healthcare,MidCap,KEPT,4.15,5.85,87.5,7.13,52.75,97.0,0.709,,STOP,2026-08-03,1807.12,2026-08-14,1795.9,9.0,-0.82,3.52
2026-07-31,RISK-ON,49,TOP,OLD,5,APARINDS,Capital Goods,MidCap,KEPT,4.55,5.06,62.5,4.45,8.72,33.6,0.899,,,,,,,,,
